username,date,activity_minutes,active_kcal,steps,avg_hr,max_hr,hr_range,hr_peak_ratio,distance_m,sessions,load,sleep_hours,spo2,sleep_hours_baseline,steps_baseline,avg_hr_baseline,max_hr_baseline,hr_range_baseline,hr_peak_ratio_baseline,activity_minutes_baseline,load_baseline,spo2_baseline,sleep_hours_deviation,steps_deviation,avg_hr_deviation,max_hr_deviation,hr_range_deviation,hr_peak_ratio_deviation,activity_minutes_deviation,load_deviation,spo2_deviation,hr_response,load_response,workout_response_score,readiness_target
005ed747353934bd3c3c24f2d239990249bb2d2777de3bcdf352689f7f90adeb,2024-10-02,,,,,,,,,,,8.583333333333334,92.33333333333333,,,,,,,,,,,,,,,,,,,unknown,unknown,0.0,70.0
005ed747353934bd3c3c24f2d239990249bb2d2777de3bcdf352689f7f90adeb,2024-10-03,,,,,,,,,,,8.283333333333333,94.0,,,,,,,,,,,,,,,,,,,unknown,unknown,0.0,70.0
005ed747353934bd3c3c24f2d239990249bb2d2777de3bcdf352689f7f90adeb,2024-10-04,,,,,,,,,,,7.783333333333333,93.25,,,,,,,,,,,,,,,,,,,unknown,unknown,0.0,70.0
005ed747353934bd3c3c24f2d239990249bb2d2777de3bcdf352689f7f90adeb,2024-10-05,,,,,,,,,,,8.483333333333333,93.2,8.283333333333333,,,,,,,,93.25,0.024144869215291666,,,,,,,,-0.0005361930294905861,unknown,unknown,0.0,80.0
005ed747353934bd3c3c24f2d239990249bb2d2777de3bcdf352689f7f90adeb,2024-10-06,,,,,,,,,,,7.683333333333334,91.6,8.383333333333333,,,,,,,,93.225,-0.08349900596421463,,,,,,,,-0.01743094663448646,unknown,unknown,0.0,68.0
005ed747353934bd3c3c24f2d239990249bb2d2777de3bcdf352689f7f90adeb,2024-10-07,,,,,,,,,,,8.166666666666666,92.4,8.283333333333333,,,,,,,,93.2,-0.014084507042253579,,,,,,,,-0.008583690987124432,unknown,unknown,0.0,80.0
005ed747353934bd3c3c24f2d239990249bb2d2777de3bcdf352689f7f90adeb,2024-10-21,,,,,,,,,,,7.6,95.0,8.225,,,,,,,,92.80000000000001,-0.07598784194528875,,,,,,,,0.023706896551724012,unknown,unknown,0.0,75.0
005ed747353934bd3c3c24f2d239990249bb2d2777de3bcdf352689f7f90adeb,2024-10-22,,,,,,,,,,,7.4,94.8,8.166666666666666,,,,,,,,93.2,-0.09387755102040805,,,,,,,,0.017167381974248865,unknown,unknown,0.0,73.0
005ed747353934bd3c3c24f2d239990249bb2d2777de3bcdf352689f7f90adeb,2024-10-23,,,,,,,,,,,6.3,95.6,7.783333333333333,,,,,,,,93.25,-0.19057815845824413,,,,,,,,0.02520107238605892,unknown,unknown,0.0,62.0
005ed747353934bd3c3c24f2d239990249bb2d2777de3bcdf352689f7f90adeb,2024-10-24,,,,,,,,,,,7.2,94.6,7.683333333333334,,,,,,,,93.25,-0.06290672451193059,,,,,,,,0.014477211796246588,unknown,unknown,0.0,73.0
005ed747353934bd3c3c24f2d239990249bb2d2777de3bcdf352689f7f90adeb,2024-10-25,,,,,,,,,,,,95.5,7.6,,,,,,,,94.6,,,,,,,,,0.009513742071881668,unknown,unknown,0.0,72.0
005ed747353934bd3c3c24f2d239990249bb2d2777de3bcdf352689f7f90adeb,2024-10-29,,,,,,,,,,,8.266666666666667,89.0,7.5,,,,,,,,94.8,0.10222222222222234,,,,,,,,-0.06118143459915609,unknown,unknown,0.0,75.0
005ed747353934bd3c3c24f2d239990249bb2d2777de3bcdf352689f7f90adeb,2024-10-30,,,,,,,,,,,8.183333333333334,92.4,7.5,,,,,,,,94.8,0.09111111111111114,,,,,,,,-0.02531645569620244,unknown,unknown,0.0,80.0
005ed747353934bd3c3c24f2d239990249bb2d2777de3bcdf352689f7f90adeb,2024-10-31,,,,,,,,,,,6.7,93.4,7.5,,,,,,,,94.8,-0.10666666666666665,,,,,,,,-0.014767932489451387,unknown,unknown,0.0,73.0
005ed747353934bd3c3c24f2d239990249bb2d2777de3bcdf352689f7f90adeb,2024-11-01,,,,,,,,,,,6.2,94.6,7.300000000000001,,,,,,,,94.6,-0.15068493150684936,,,,,,,,0.0,unknown,unknown,0.0,60.0
005ed747353934bd3c3c24f2d239990249bb2d2777de3bcdf352689f7f90adeb,2024-11-02,,,,,,,,,,,9.9,94.33333333333333,6.95,,,,,,,,94.6,0.4244604316546763,,,,,,,,-0.0028188865398167625,unknown,unknown,0.0,80.0
005ed747353934bd3c3c24f2d239990249bb2d2777de3bcdf352689f7f90adeb,2024-11-04,,,,,,,,,,,4.016666666666667,95.0,7.691666666666666,,,,,,,,94.33333333333333,-0.4777898158179848,,,,,,,,0.007067137809187329,unknown,unknown,0.0,52.0
005ed747353934bd3c3c24f2d239990249bb2d2777de3bcdf352689f7f90adeb,2024-11-05,,,,,,,,,,,,90.66666666666667,7.441666666666666,,,,,,,,94.33333333333333,,,,,,,,,-0.03886925795052994,unknown,unknown,0.0,65.0
00bb53a01153c635a418602847fe434e002e1e9222e1d34b11d179296f4338c8,2024-09-11,,,,,,,,,,,6.15,,,,,,,,,,,,,,,,,,,,unknown,unknown,0.0,70.0
00bb53a01153c635a418602847fe434e002e1e9222e1d34b11d179296f4338c8,2024-09-12,,,,,,,,,,,,,,,,,,,,,,,,,,,,,,,unknown,unknown,0.0,70.0
00bb53a01153c635a418602847fe434e002e1e9222e1d34b11d179296f4338c8,2024-09-13,,,,,,,,,,,,,,,,,,,,,,,,,,,,,,,unknown,unknown,0.0,70.0
00bb53a01153c635a418602847fe434e002e1e9222e1d34b11d179296f4338c8,2024-09-14,,,,,,,,,,,8.466666666666667,,,,,,,,,,,,,,,,,,,,unknown,unknown,0.0,70.0
00bb53a01153c635a418602847fe434e002e1e9222e1d34b11d179296f4338c8,2024-09-15,,,,,,,,,,,6.3,,,,,,,,,,,,,,,,,,,,unknown,unknown,0.0,70.0
00bb53a01153c635a418602847fe434e002e1e9222e1d34b11d179296f4338c8,2024-09-16,,,,,,,,,,,,,6.3,,,,,,,,,,,,,,,,,,unknown,unknown,0.0,70.0
00bb53a01153c635a418602847fe434e002e1e9222e1d34b11d179296f4338c8,2024-09-17,,,,,,,,,,,,,6.3,,,,,,,,,,,,,,,,,,unknown,unknown,0.0,70.0
00bb53a01153c635a418602847fe434e002e1e9222e1d34b11d179296f4338c8,2024-09-18,,,,,,,,,,,,,6.3,,,,,,,,,,,,,,,,,,unknown,unknown,0.0,70.0
00bb53a01153c635a418602847fe434e002e1e9222e1d34b11d179296f4338c8,2024-09-19,,,,,,,,,,,,,,,,,,,,,,,,,,,,,,,unknown,unknown,0.0,70.0
00bb53a01153c635a418602847fe434e002e1e9222e1d34b11d179296f4338c8,2024-09-20,,,,,,,,,,,,,,,,,,,,,,,,,,,,,,,unknown,unknown,0.0,70.0
00bb53a01153c635a418602847fe434e002e1e9222e1d34b11d179296f4338c8,2024-09-21,,,,,,,,,,,,,,,,,,,,,,,,,,,,,,,unknown,unknown,0.0,70.0
00bb53a01153c635a418602847fe434e002e1e9222e1d34b11d179296f4338c8,2024-09-22,,,,,,,,,,,,,,,,,,,,,,,,,,,,,,,unknown,unknown,0.0,70.0
00bb53a01153c635a418602847fe434e002e1e9222e1d34b11d179296f4338c8,2024-09-23,,,,,,,,,,,,,,,,,,,,,,,,,,,,,,,unknown,unknown,0.0,70.0
00bb53a01153c635a418602847fe434e002e1e9222e1d34b11d179296f4338c8,2024-09-24,,,,,,,,,,,8.116666666666667,,,,,,,,,,,,,,,,,,,,unknown,unknown,0.0,70.0
00bb53a01153c635a418602847fe434e002e1e9222e1d34b11d179296f4338c8,2024-09-25,,,,,,,,,,,,,,,,,,,,,,,,,,,,,,,unknown,unknown,0.0,70.0
00bb53a01153c635a418602847fe434e002e1e9222e1d34b11d179296f4338c8,2024-09-26,,,,,,,,,,,,,,,,,,,,,,,,,,,,,,,unknown,unknown,0.0,70.0
00bb53a01153c635a418602847fe434e002e1e9222e1d34b11d179296f4338c8,2024-09-27,,,,,,,,,,,,,,,,,,,,,,,,,,,,,,,unknown,unknown,0.0,70.0
00bb53a01153c635a418602847fe434e002e1e9222e1d34b11d179296f4338c8,2024-09-28,,,,,,,,,,,,,,,,,,,,,,,,,,,,,,,unknown,unknown,0.0,70.0
00bb53a01153c635a418602847fe434e002e1e9222e1d34b11d179296f4338c8,2024-09-29,,,,,,,,,,,,,,,,,,,,,,,,,,,,,,,unknown,unknown,0.0,70.0
00bb53a01153c635a418602847fe434e002e1e9222e1d34b11d179296f4338c8,2024-09-30,,,,,,,,,,,,,,,,,,,,,,,,,,,,,,,unknown,unknown,0.0,70.0
00bb53a01153c635a418602847fe434e002e1e9222e1d34b11d179296f4338c8,2024-10-01,,,,,,,,,,,7.316666666666666,,,,,,,,,,,,,,,,,,,,unknown,unknown,0.0,70.0
00bb53a01153c635a418602847fe434e002e1e9222e1d34b11d179296f4338c8,2024-10-02,,,,,,,,,,,,,,,,,,,,,,,,,,,,,,,unknown,unknown,0.0,70.0
00bb53a01153c635a418602847fe434e002e1e9222e1d34b11d179296f4338c8,2024-10-03,,,,,,,,,,,,,,,,,,,,,,,,,,,,,,,unknown,unknown,0.0,70.0
00bb53a01153c635a418602847fe434e002e1e9222e1d34b11d179296f4338c8,2024-10-04,,,,,,,,,,,,,,,,,,,,,,,,,,,,,,,unknown,unknown,0.0,70.0
00bb53a01153c635a418602847fe434e002e1e9222e1d34b11d179296f4338c8,2024-10-05,,,,,,,,,,,,,,,,,,,,,,,,,,,,,,,unknown,unknown,0.0,70.0
189b944beb243bb56c83fd4410458f944d790df87cb62d1ef89ff249d08d3750,2024-11-04,,,,,,,,,,,,,,,,,,,,,,,,,,,,,,,unknown,unknown,0.0,70.0
189b944beb243bb56c83fd4410458f944d790df87cb62d1ef89ff249d08d3750,2024-11-05,,,,,,,,,,,,,,,,,,,,,,,,,,,,,,,unknown,unknown,0.0,70.0
189b944beb243bb56c83fd4410458f944d790df87cb62d1ef89ff249d08d3750,2024-11-06,,,,,,,,,,,,,,,,,,,,,,,,,,,,,,,unknown,unknown,0.0,70.0
189b944beb243bb56c83fd4410458f944d790df87cb62d1ef89ff249d08d3750,2024-11-07,,,,,,,,,,,,,,,,,,,,,,,,,,,,,,,unknown,unknown,0.0,70.0
189b944beb243bb56c83fd4410458f944d790df87cb62d1ef89ff249d08d3750,2024-11-08,,,,,,,,,,,,,,,,,,,,,,,,,,,,,,,unknown,unknown,0.0,70.0
189b944beb243bb56c83fd4410458f944d790df87cb62d1ef89ff249d08d3750,2024-11-09,,,,,,,,,,,,,,,,,,,,,,,,,,,,,,,unknown,unknown,0.0,70.0
189b944beb243bb56c83fd4410458f944d790df87cb62d1ef89ff249d08d3750,2024-11-10,,,,,,,,,,,,,,,,,,,,,,,,,,,,,,,unknown,unknown,0.0,70.0
189b944beb243bb56c83fd4410458f944d790df87cb62d1ef89ff249d08d3750,2024-11-11,,,,,,,,,,,,,,,,,,,,,,,,,,,,,,,unknown,unknown,0.0,70.0
189b944beb243bb56c83fd4410458f944d790df87cb62d1ef89ff249d08d3750,2024-11-12,,,,,,,,,,,,,,,,,,,,,,,,,,,,,,,unknown,unknown,0.0,70.0
189b944beb243bb56c83fd4410458f944d790df87cb62d1ef89ff249d08d3750,2024-11-13,,,,,,,,,,,,,,,,,,,,,,,,,,,,,,,unknown,unknown,0.0,70.0
189b944beb243bb56c83fd4410458f944d790df87cb62d1ef89ff249d08d3750,2024-11-14,,,,,,,,,,,,,,,,,,,,,,,,,,,,,,,unknown,unknown,0.0,70.0
189b944beb243bb56c83fd4410458f944d790df87cb62d1ef89ff249d08d3750,2024-11-15,,,,,,,,,,,,,,,,,,,,,,,,,,,,,,,unknown,unknown,0.0,70.0
189b944beb243bb56c83fd4410458f944d790df87cb62d1ef89ff249d08d3750,2024-11-16,,,,,,,,,,,,,,,,,,,,,,,,,,,,,,,unknown,unknown,0.0,70.0
189b944beb243bb56c83fd4410458f944d790df87cb62d1ef89ff249d08d3750,2024-11-17,,,,,,,,,,,,,,,,,,,,,,,,,,,,,,,unknown,unknown,0.0,70.0
189b944beb243bb56c83fd4410458f944d790df87cb62d1ef89ff249d08d3750,2024-11-18,,,,,,,,,,,,,,,,,,,,,,,,,,,,,,,unknown,unknown,0.0,70.0
189b944beb243bb56c83fd4410458f944d790df87cb62d1ef89ff249d08d3750,2024-11-19,,,,,,,,,,,,,,,,,,,,,,,,,,,,,,,unknown,unknown,0.0,70.0
189b944beb243bb56c83fd4410458f944d790df87cb62d1ef89ff249d08d3750,2024-11-20,,,,,,,,,,,,,,,,,,,,,,,,,,,,,,,unknown,unknown,0.0,70.0
189b944beb243bb56c83fd4410458f944d790df87cb62d1ef89ff249d08d3750,2024-11-21,,,,,,,,,,,,,,,,,,,,,,,,,,,,,,,unknown,unknown,0.0,70.0
189b944beb243bb56c83fd4410458f944d790df87cb62d1ef89ff249d08d3750,2024-11-22,,,,,,,,,,,,,,,,,,,,,,,,,,,,,,,unknown,unknown,0.0,70.0
189b944beb243bb56c83fd4410458f944d790df87cb62d1ef89ff249d08d3750,2024-11-23,,,,,,,,,,,,,,,,,,,,,,,,,,,,,,,unknown,unknown,0.0,70.0
189b944beb243bb56c83fd4410458f944d790df87cb62d1ef89ff249d08d3750,2024-11-24,,,,,,,,,,,,,,,,,,,,,,,,,,,,,,,unknown,unknown,0.0,70.0
189b944beb243bb56c83fd4410458f944d790df87cb62d1ef89ff249d08d3750,2024-11-25,,,,,,,,,,,,,,,,,,,,,,,,,,,,,,,unknown,unknown,0.0,70.0
189b944beb243bb56c83fd4410458f944d790df87cb62d1ef89ff249d08d3750,2024-11-28,,,,,,,,,,,,,,,,,,,,,,,,,,,,,,,unknown,unknown,0.0,70.0
189b944beb243bb56c83fd4410458f944d790df87cb62d1ef89ff249d08d3750,2024-11-29,,,,,,,,,,,,,,,,,,,,,,,,,,,,,,,unknown,unknown,0.0,70.0
27787d78e4febf6b25e0be4eaf6c9d71f957899d2dd86cad7d137da60501e825,2024-11-07,,,,,,,,,,,,,,,,,,,,,,,,,,,,,,,unknown,unknown,0.0,70.0
27787d78e4febf6b25e0be4eaf6c9d71f957899d2dd86cad7d137da60501e825,2024-11-08,,,,,,,,,,,,,,,,,,,,,,,,,,,,,,,unknown,unknown,0.0,70.0
27787d78e4febf6b25e0be4eaf6c9d71f957899d2dd86cad7d137da60501e825,2024-11-09,,,,,,,,,,,,,,,,,,,,,,,,,,,,,,,unknown,unknown,0.0,70.0
27787d78e4febf6b25e0be4eaf6c9d71f957899d2dd86cad7d137da60501e825,2024-11-10,,,,,,,,,,,,,,,,,,,,,,,,,,,,,,,unknown,unknown,0.0,70.0
27787d78e4febf6b25e0be4eaf6c9d71f957899d2dd86cad7d137da60501e825,2024-11-11,,,,,,,,,,,,,,,,,,,,,,,,,,,,,,,unknown,unknown,0.0,70.0
27787d78e4febf6b25e0be4eaf6c9d71f957899d2dd86cad7d137da60501e825,2024-11-12,,,,,,,,,,,,,,,,,,,,,,,,,,,,,,,unknown,unknown,0.0,70.0
27787d78e4febf6b25e0be4eaf6c9d71f957899d2dd86cad7d137da60501e825,2024-11-13,,,,,,,,,,,,,,,,,,,,,,,,,,,,,,,unknown,unknown,0.0,70.0
27787d78e4febf6b25e0be4eaf6c9d71f957899d2dd86cad7d137da60501e825,2024-11-14,,,,,,,,,,,,,,,,,,,,,,,,,,,,,,,unknown,unknown,0.0,70.0
27787d78e4febf6b25e0be4eaf6c9d71f957899d2dd86cad7d137da60501e825,2024-11-15,,,,,,,,,,,,,,,,,,,,,,,,,,,,,,,unknown,unknown,0.0,70.0
27787d78e4febf6b25e0be4eaf6c9d71f957899d2dd86cad7d137da60501e825,2024-11-16,,,,,,,,,,,,,,,,,,,,,,,,,,,,,,,unknown,unknown,0.0,70.0
27787d78e4febf6b25e0be4eaf6c9d71f957899d2dd86cad7d137da60501e825,2024-11-17,,,,,,,,,,,,,,,,,,,,,,,,,,,,,,,unknown,unknown,0.0,70.0
27787d78e4febf6b25e0be4eaf6c9d71f957899d2dd86cad7d137da60501e825,2024-11-18,,,,,,,,,,,,,,,,,,,,,,,,,,,,,,,unknown,unknown,0.0,70.0
27787d78e4febf6b25e0be4eaf6c9d71f957899d2dd86cad7d137da60501e825,2024-11-19,,,,,,,,,,,,,,,,,,,,,,,,,,,,,,,unknown,unknown,0.0,70.0
27787d78e4febf6b25e0be4eaf6c9d71f957899d2dd86cad7d137da60501e825,2024-11-20,,,,,,,,,,,,,,,,,,,,,,,,,,,,,,,unknown,unknown,0.0,70.0
27787d78e4febf6b25e0be4eaf6c9d71f957899d2dd86cad7d137da60501e825,2024-11-21,,,,,,,,,,,,,,,,,,,,,,,,,,,,,,,unknown,unknown,0.0,70.0
27787d78e4febf6b25e0be4eaf6c9d71f957899d2dd86cad7d137da60501e825,2024-11-22,,,,,,,,,,,,,,,,,,,,,,,,,,,,,,,unknown,unknown,0.0,70.0
27787d78e4febf6b25e0be4eaf6c9d71f957899d2dd86cad7d137da60501e825,2024-11-23,,,,,,,,,,,,,,,,,,,,,,,,,,,,,,,unknown,unknown,0.0,70.0
27787d78e4febf6b25e0be4eaf6c9d71f957899d2dd86cad7d137da60501e825,2024-11-24,,,,,,,,,,,,,,,,,,,,,,,,,,,,,,,unknown,unknown,0.0,70.0
27787d78e4febf6b25e0be4eaf6c9d71f957899d2dd86cad7d137da60501e825,2024-11-27,,,,,,,,,,,,,,,,,,,,,,,,,,,,,,,unknown,unknown,0.0,70.0
27787d78e4febf6b25e0be4eaf6c9d71f957899d2dd86cad7d137da60501e825,2024-11-28,,,,,,,,,,,,,,,,,,,,,,,,,,,,,,,unknown,unknown,0.0,70.0
27787d78e4febf6b25e0be4eaf6c9d71f957899d2dd86cad7d137da60501e825,2024-11-29,,,,,,,,,,,,95.0,,,,,,,,,,,,,,,,,,,unknown,unknown,0.0,72.0
27787d78e4febf6b25e0be4eaf6c9d71f957899d2dd86cad7d137da60501e825,2024-11-30,,,,,,,,,,,,,,,,,,,,,,,,,,,,,,,unknown,unknown,0.0,70.0
27787d78e4febf6b25e0be4eaf6c9d71f957899d2dd86cad7d137da60501e825,2024-12-01,,,,,,,,,,,,,,,,,,,,,,,,,,,,,,,unknown,unknown,0.0,70.0
27787d78e4febf6b25e0be4eaf6c9d71f957899d2dd86cad7d137da60501e825,2024-12-02,,,,,,,,,,,,,,,,,,,,,,,,,,,,,,,unknown,unknown,0.0,70.0
27787d78e4febf6b25e0be4eaf6c9d71f957899d2dd86cad7d137da60501e825,2024-12-03,,,,,,,,,,,,,,,,,,,,,,,,,,,,,,,unknown,unknown,0.0,70.0
27787d78e4febf6b25e0be4eaf6c9d71f957899d2dd86cad7d137da60501e825,2024-12-04,,,,,,,,,,,,,,,,,,,,,,,,,,,,,,,unknown,unknown,0.0,70.0
27787d78e4febf6b25e0be4eaf6c9d71f957899d2dd86cad7d137da60501e825,2024-12-05,,,,,,,,,,,,,,,,,,,,,,,,,,,,,,,unknown,unknown,0.0,70.0
27787d78e4febf6b25e0be4eaf6c9d71f957899d2dd86cad7d137da60501e825,2024-12-06,,,,,,,,,,,,,,,,,,,,,,,,,,,,,,,unknown,unknown,0.0,70.0
27787d78e4febf6b25e0be4eaf6c9d71f957899d2dd86cad7d137da60501e825,2024-12-07,,,,,,,,,,,,,,,,,,,,,,,,,,,,,,,unknown,unknown,0.0,70.0
27787d78e4febf6b25e0be4eaf6c9d71f957899d2dd86cad7d137da60501e825,2024-12-08,,,,,,,,,,,,,,,,,,,,,,,,,,,,,,,unknown,unknown,0.0,70.0
27787d78e4febf6b25e0be4eaf6c9d71f957899d2dd86cad7d137da60501e825,2024-12-09,,,,,,,,,,,,,,,,,,,,,,,,,,,,,,,unknown,unknown,0.0,70.0
27787d78e4febf6b25e0be4eaf6c9d71f957899d2dd86cad7d137da60501e825,2024-12-10,,,,,,,,,,,,,,,,,,,,,,,,,,,,,,,unknown,unknown,0.0,70.0
27787d78e4febf6b25e0be4eaf6c9d71f957899d2dd86cad7d137da60501e825,2024-12-11,,,,,,,,,,,,,,,,,,,,,,,,,,,,,,,unknown,unknown,0.0,70.0
27787d78e4febf6b25e0be4eaf6c9d71f957899d2dd86cad7d137da60501e825,2024-12-19,,,,,,,,,,,,,,,,,,,,,,,,,,,,,,,unknown,unknown,0.0,70.0
27787d78e4febf6b25e0be4eaf6c9d71f957899d2dd86cad7d137da60501e825,2024-12-20,,,,,,,,,,,,,,,,,,,,,,,,,,,,,,,unknown,unknown,0.0,70.0
27787d78e4febf6b25e0be4eaf6c9d71f957899d2dd86cad7d137da60501e825,2024-12-21,,,,,,,,,,,,,,,,,,,,,,,,,,,,,,,unknown,unknown,0.0,70.0
27787d78e4febf6b25e0be4eaf6c9d71f957899d2dd86cad7d137da60501e825,2024-12-22,,,,,,,,,,,,,,,,,,,,,,,,,,,,,,,unknown,unknown,0.0,70.0
27787d78e4febf6b25e0be4eaf6c9d71f957899d2dd86cad7d137da60501e825,2024-12-24,,,,,,,,,,,,,,,,,,,,,,,,,,,,,,,unknown,unknown,0.0,70.0
27787d78e4febf6b25e0be4eaf6c9d71f957899d2dd86cad7d137da60501e825,2024-12-25,,,,,,,,,,,,,,,,,,,,,,,,,,,,,,,unknown,unknown,0.0,70.0
27787d78e4febf6b25e0be4eaf6c9d71f957899d2dd86cad7d137da60501e825,2024-12-26,,,,,,,,,,,,,,,,,,,,,,,,,,,,,,,unknown,unknown,0.0,70.0
27787d78e4febf6b25e0be4eaf6c9d71f957899d2dd86cad7d137da60501e825,2024-12-27,,,,,,,,,,,,,,,,,,,,,,,,,,,,,,,unknown,unknown,0.0,70.0
27787d78e4febf6b25e0be4eaf6c9d71f957899d2dd86cad7d137da60501e825,2024-12-28,,,,,,,,,,,,,,,,,,,,,,,,,,,,,,,unknown,unknown,0.0,70.0
27787d78e4febf6b25e0be4eaf6c9d71f957899d2dd86cad7d137da60501e825,2024-12-29,,,,,,,,,,,,,,,,,,,,,,,,,,,,,,,unknown,unknown,0.0,70.0
27787d78e4febf6b25e0be4eaf6c9d71f957899d2dd86cad7d137da60501e825,2024-12-30,,,,,,,,,,,,,,,,,,,,,,,,,,,,,,,unknown,unknown,0.0,70.0
27787d78e4febf6b25e0be4eaf6c9d71f957899d2dd86cad7d137da60501e825,2025-01-02,,,,,,,,,,,,,,,,,,,,,,,,,,,,,,,unknown,unknown,0.0,70.0
27787d78e4febf6b25e0be4eaf6c9d71f957899d2dd86cad7d137da60501e825,2025-01-03,,,,,,,,,,,,,,,,,,,,,,,,,,,,,,,unknown,unknown,0.0,70.0
27787d78e4febf6b25e0be4eaf6c9d71f957899d2dd86cad7d137da60501e825,2025-01-04,,,,,,,,,,,,,,,,,,,,,,,,,,,,,,,unknown,unknown,0.0,70.0
27787d78e4febf6b25e0be4eaf6c9d71f957899d2dd86cad7d137da60501e825,2025-01-05,,,,,,,,,,,,,,,,,,,,,,,,,,,,,,,unknown,unknown,0.0,70.0
27787d78e4febf6b25e0be4eaf6c9d71f957899d2dd86cad7d137da60501e825,2025-01-06,,,,,,,,,,,,,,,,,,,,,,,,,,,,,,,unknown,unknown,0.0,70.0
27787d78e4febf6b25e0be4eaf6c9d71f957899d2dd86cad7d137da60501e825,2025-01-07,,,,,,,,,,,,,,,,,,,,,,,,,,,,,,,unknown,unknown,0.0,70.0
27787d78e4febf6b25e0be4eaf6c9d71f957899d2dd86cad7d137da60501e825,2025-01-08,,,,,,,,,,,,,,,,,,,,,,,,,,,,,,,unknown,unknown,0.0,70.0
27787d78e4febf6b25e0be4eaf6c9d71f957899d2dd86cad7d137da60501e825,2025-01-09,,,,,,,,,,,,,,,,,,,,,,,,,,,,,,,unknown,unknown,0.0,70.0
27787d78e4febf6b25e0be4eaf6c9d71f957899d2dd86cad7d137da60501e825,2025-01-10,,,,,,,,,,,,,,,,,,,,,,,,,,,,,,,unknown,unknown,0.0,70.0
27787d78e4febf6b25e0be4eaf6c9d71f957899d2dd86cad7d137da60501e825,2025-01-11,,,,,,,,,,,,,,,,,,,,,,,,,,,,,,,unknown,unknown,0.0,70.0
27787d78e4febf6b25e0be4eaf6c9d71f957899d2dd86cad7d137da60501e825,2025-01-12,,,,,,,,,,,,,,,,,,,,,,,,,,,,,,,unknown,unknown,0.0,70.0
27787d78e4febf6b25e0be4eaf6c9d71f957899d2dd86cad7d137da60501e825,2025-01-13,,,,,,,,,,,,,,,,,,,,,,,,,,,,,,,unknown,unknown,0.0,70.0
27787d78e4febf6b25e0be4eaf6c9d71f957899d2dd86cad7d137da60501e825,2025-01-14,,,,,,,,,,,,,,,,,,,,,,,,,,,,,,,unknown,unknown,0.0,70.0
27787d78e4febf6b25e0be4eaf6c9d71f957899d2dd86cad7d137da60501e825,2025-01-15,,,,,,,,,,,,,,,,,,,,,,,,,,,,,,,unknown,unknown,0.0,70.0
27787d78e4febf6b25e0be4eaf6c9d71f957899d2dd86cad7d137da60501e825,2025-01-16,,,,,,,,,,,,,,,,,,,,,,,,,,,,,,,unknown,unknown,0.0,70.0
27787d78e4febf6b25e0be4eaf6c9d71f957899d2dd86cad7d137da60501e825,2025-01-17,,,,,,,,,,,,,,,,,,,,,,,,,,,,,,,unknown,unknown,0.0,70.0
27787d78e4febf6b25e0be4eaf6c9d71f957899d2dd86cad7d137da60501e825,2025-01-18,,,,,,,,,,,,,,,,,,,,,,,,,,,,,,,unknown,unknown,0.0,70.0
27787d78e4febf6b25e0be4eaf6c9d71f957899d2dd86cad7d137da60501e825,2025-01-19,,,,,,,,,,,,,,,,,,,,,,,,,,,,,,,unknown,unknown,0.0,70.0
27787d78e4febf6b25e0be4eaf6c9d71f957899d2dd86cad7d137da60501e825,2025-01-20,,,,,,,,,,,,,,,,,,,,,,,,,,,,,,,unknown,unknown,0.0,70.0
27787d78e4febf6b25e0be4eaf6c9d71f957899d2dd86cad7d137da60501e825,2025-01-21,,,,,,,,,,,,,,,,,,,,,,,,,,,,,,,unknown,unknown,0.0,70.0
27787d78e4febf6b25e0be4eaf6c9d71f957899d2dd86cad7d137da60501e825,2025-01-22,,,,,,,,,,,,,,,,,,,,,,,,,,,,,,,unknown,unknown,0.0,70.0
27787d78e4febf6b25e0be4eaf6c9d71f957899d2dd86cad7d137da60501e825,2025-01-23,,,,,,,,,,,,,,,,,,,,,,,,,,,,,,,unknown,unknown,0.0,70.0
27787d78e4febf6b25e0be4eaf6c9d71f957899d2dd86cad7d137da60501e825,2025-01-24,,,,,,,,,,,,,,,,,,,,,,,,,,,,,,,unknown,unknown,0.0,70.0
27787d78e4febf6b25e0be4eaf6c9d71f957899d2dd86cad7d137da60501e825,2025-01-25,,,,,,,,,,,,,,,,,,,,,,,,,,,,,,,unknown,unknown,0.0,70.0
27787d78e4febf6b25e0be4eaf6c9d71f957899d2dd86cad7d137da60501e825,2025-01-26,,,,,,,,,,,,,,,,,,,,,,,,,,,,,,,unknown,unknown,0.0,70.0
27787d78e4febf6b25e0be4eaf6c9d71f957899d2dd86cad7d137da60501e825,2025-01-27,,,,,,,,,,,,,,,,,,,,,,,,,,,,,,,unknown,unknown,0.0,70.0
27787d78e4febf6b25e0be4eaf6c9d71f957899d2dd86cad7d137da60501e825,2025-01-28,,,,,,,,,,,,,,,,,,,,,,,,,,,,,,,unknown,unknown,0.0,70.0
27787d78e4febf6b25e0be4eaf6c9d71f957899d2dd86cad7d137da60501e825,2025-01-29,,,,,,,,,,,,,,,,,,,,,,,,,,,,,,,unknown,unknown,0.0,70.0
27787d78e4febf6b25e0be4eaf6c9d71f957899d2dd86cad7d137da60501e825,2025-01-30,,,,,,,,,,,,,,,,,,,,,,,,,,,,,,,unknown,unknown,0.0,70.0
27787d78e4febf6b25e0be4eaf6c9d71f957899d2dd86cad7d137da60501e825,2025-02-02,,,,,,,,,,,,,,,,,,,,,,,,,,,,,,,unknown,unknown,0.0,70.0
27787d78e4febf6b25e0be4eaf6c9d71f957899d2dd86cad7d137da60501e825,2025-02-03,,,,,,,,,,,,,,,,,,,,,,,,,,,,,,,unknown,unknown,0.0,70.0
27787d78e4febf6b25e0be4eaf6c9d71f957899d2dd86cad7d137da60501e825,2025-02-04,,,,,,,,,,,,,,,,,,,,,,,,,,,,,,,unknown,unknown,0.0,70.0
27787d78e4febf6b25e0be4eaf6c9d71f957899d2dd86cad7d137da60501e825,2025-02-05,,,,,,,,,,,,,,,,,,,,,,,,,,,,,,,unknown,unknown,0.0,70.0
27787d78e4febf6b25e0be4eaf6c9d71f957899d2dd86cad7d137da60501e825,2025-02-06,,,,,,,,,,,,,,,,,,,,,,,,,,,,,,,unknown,unknown,0.0,70.0
27787d78e4febf6b25e0be4eaf6c9d71f957899d2dd86cad7d137da60501e825,2025-02-07,,,,,,,,,,,,,,,,,,,,,,,,,,,,,,,unknown,unknown,0.0,70.0
27787d78e4febf6b25e0be4eaf6c9d71f957899d2dd86cad7d137da60501e825,2025-02-08,,,,,,,,,,,,,,,,,,,,,,,,,,,,,,,unknown,unknown,0.0,70.0
27787d78e4febf6b25e0be4eaf6c9d71f957899d2dd86cad7d137da60501e825,2025-02-09,,,,,,,,,,,,,,,,,,,,,,,,,,,,,,,unknown,unknown,0.0,70.0
27787d78e4febf6b25e0be4eaf6c9d71f957899d2dd86cad7d137da60501e825,2025-02-10,,,,,,,,,,,,,,,,,,,,,,,,,,,,,,,unknown,unknown,0.0,70.0
27787d78e4febf6b25e0be4eaf6c9d71f957899d2dd86cad7d137da60501e825,2025-02-11,,,,,,,,,,,,,,,,,,,,,,,,,,,,,,,unknown,unknown,0.0,70.0
27787d78e4febf6b25e0be4eaf6c9d71f957899d2dd86cad7d137da60501e825,2025-02-12,,,,,,,,,,,,,,,,,,,,,,,,,,,,,,,unknown,unknown,0.0,70.0
27787d78e4febf6b25e0be4eaf6c9d71f957899d2dd86cad7d137da60501e825,2025-02-13,,,,,,,,,,,,,,,,,,,,,,,,,,,,,,,unknown,unknown,0.0,70.0
27787d78e4febf6b25e0be4eaf6c9d71f957899d2dd86cad7d137da60501e825,2025-02-14,,,,,,,,,,,,,,,,,,,,,,,,,,,,,,,unknown,unknown,0.0,70.0
27787d78e4febf6b25e0be4eaf6c9d71f957899d2dd86cad7d137da60501e825,2025-02-15,,,,,,,,,,,,,,,,,,,,,,,,,,,,,,,unknown,unknown,0.0,70.0
27787d78e4febf6b25e0be4eaf6c9d71f957899d2dd86cad7d137da60501e825,2025-02-18,,,,,,,,,,,,,,,,,,,,,,,,,,,,,,,unknown,unknown,0.0,70.0
27787d78e4febf6b25e0be4eaf6c9d71f957899d2dd86cad7d137da60501e825,2025-02-19,,,,,,,,,,,,,,,,,,,,,,,,,,,,,,,unknown,unknown,0.0,70.0
27787d78e4febf6b25e0be4eaf6c9d71f957899d2dd86cad7d137da60501e825,2025-02-20,,,,,,,,,,,,,,,,,,,,,,,,,,,,,,,unknown,unknown,0.0,70.0
27787d78e4febf6b25e0be4eaf6c9d71f957899d2dd86cad7d137da60501e825,2025-02-21,,,,,,,,,,,,,,,,,,,,,,,,,,,,,,,unknown,unknown,0.0,70.0
27787d78e4febf6b25e0be4eaf6c9d71f957899d2dd86cad7d137da60501e825,2025-02-22,,,,,,,,,,,,,,,,,,,,,,,,,,,,,,,unknown,unknown,0.0,70.0
27787d78e4febf6b25e0be4eaf6c9d71f957899d2dd86cad7d137da60501e825,2025-02-23,,,,,,,,,,,,,,,,,,,,,,,,,,,,,,,unknown,unknown,0.0,70.0
27787d78e4febf6b25e0be4eaf6c9d71f957899d2dd86cad7d137da60501e825,2025-02-24,,,,,,,,,,,,,,,,,,,,,,,,,,,,,,,unknown,unknown,0.0,70.0
27787d78e4febf6b25e0be4eaf6c9d71f957899d2dd86cad7d137da60501e825,2025-02-25,,,,,,,,,,,,,,,,,,,,,,,,,,,,,,,unknown,unknown,0.0,70.0
27787d78e4febf6b25e0be4eaf6c9d71f957899d2dd86cad7d137da60501e825,2025-02-26,,,,,,,,,,,,,,,,,,,,,,,,,,,,,,,unknown,unknown,0.0,70.0
27787d78e4febf6b25e0be4eaf6c9d71f957899d2dd86cad7d137da60501e825,2025-02-27,,,,,,,,,,,,,,,,,,,,,,,,,,,,,,,unknown,unknown,0.0,70.0
27787d78e4febf6b25e0be4eaf6c9d71f957899d2dd86cad7d137da60501e825,2025-02-28,,,,,,,,,,,,,,,,,,,,,,,,,,,,,,,unknown,unknown,0.0,70.0
27787d78e4febf6b25e0be4eaf6c9d71f957899d2dd86cad7d137da60501e825,2025-03-01,,,,,,,,,,,,,,,,,,,,,,,,,,,,,,,unknown,unknown,0.0,70.0
27787d78e4febf6b25e0be4eaf6c9d71f957899d2dd86cad7d137da60501e825,2025-03-02,,,,,,,,,,,,,,,,,,,,,,,,,,,,,,,unknown,unknown,0.0,70.0
27787d78e4febf6b25e0be4eaf6c9d71f957899d2dd86cad7d137da60501e825,2025-03-03,,,,,,,,,,,,,,,,,,,,,,,,,,,,,,,unknown,unknown,0.0,70.0
27787d78e4febf6b25e0be4eaf6c9d71f957899d2dd86cad7d137da60501e825,2025-03-04,,,,,,,,,,,,,,,,,,,,,,,,,,,,,,,unknown,unknown,0.0,70.0
27787d78e4febf6b25e0be4eaf6c9d71f957899d2dd86cad7d137da60501e825,2025-03-05,,,,,,,,,,,,,,,,,,,,,,,,,,,,,,,unknown,unknown,0.0,70.0
27787d78e4febf6b25e0be4eaf6c9d71f957899d2dd86cad7d137da60501e825,2025-03-06,,,,,,,,,,,,,,,,,,,,,,,,,,,,,,,unknown,unknown,0.0,70.0
27787d78e4febf6b25e0be4eaf6c9d71f957899d2dd86cad7d137da60501e825,2025-03-07,,,,,,,,,,,,,,,,,,,,,,,,,,,,,,,unknown,unknown,0.0,70.0
27787d78e4febf6b25e0be4eaf6c9d71f957899d2dd86cad7d137da60501e825,2025-03-08,,,,,,,,,,,,,,,,,,,,,,,,,,,,,,,unknown,unknown,0.0,70.0
27787d78e4febf6b25e0be4eaf6c9d71f957899d2dd86cad7d137da60501e825,2025-03-09,,,,,,,,,,,,,,,,,,,,,,,,,,,,,,,unknown,unknown,0.0,70.0
27787d78e4febf6b25e0be4eaf6c9d71f957899d2dd86cad7d137da60501e825,2025-03-10,,,,,,,,,,,,,,,,,,,,,,,,,,,,,,,unknown,unknown,0.0,70.0
27787d78e4febf6b25e0be4eaf6c9d71f957899d2dd86cad7d137da60501e825,2025-03-11,,,,,,,,,,,,,,,,,,,,,,,,,,,,,,,unknown,unknown,0.0,70.0
27787d78e4febf6b25e0be4eaf6c9d71f957899d2dd86cad7d137da60501e825,2025-03-12,,,,,,,,,,,,,,,,,,,,,,,,,,,,,,,unknown,unknown,0.0,70.0
27787d78e4febf6b25e0be4eaf6c9d71f957899d2dd86cad7d137da60501e825,2025-03-13,,,,,,,,,,,,,,,,,,,,,,,,,,,,,,,unknown,unknown,0.0,70.0
27787d78e4febf6b25e0be4eaf6c9d71f957899d2dd86cad7d137da60501e825,2025-03-14,,,,,,,,,,,,,,,,,,,,,,,,,,,,,,,unknown,unknown,0.0,70.0
27787d78e4febf6b25e0be4eaf6c9d71f957899d2dd86cad7d137da60501e825,2025-03-15,,,,,,,,,,,,,,,,,,,,,,,,,,,,,,,unknown,unknown,0.0,70.0
27787d78e4febf6b25e0be4eaf6c9d71f957899d2dd86cad7d137da60501e825,2025-03-16,,,,,,,,,,,,,,,,,,,,,,,,,,,,,,,unknown,unknown,0.0,70.0
27787d78e4febf6b25e0be4eaf6c9d71f957899d2dd86cad7d137da60501e825,2025-03-17,,,,,,,,,,,,,,,,,,,,,,,,,,,,,,,unknown,unknown,0.0,70.0
27787d78e4febf6b25e0be4eaf6c9d71f957899d2dd86cad7d137da60501e825,2025-03-18,,,,,,,,,,,,,,,,,,,,,,,,,,,,,,,unknown,unknown,0.0,70.0
27787d78e4febf6b25e0be4eaf6c9d71f957899d2dd86cad7d137da60501e825,2025-03-19,,,,,,,,,,,,,,,,,,,,,,,,,,,,,,,unknown,unknown,0.0,70.0
27787d78e4febf6b25e0be4eaf6c9d71f957899d2dd86cad7d137da60501e825,2025-03-20,,,,,,,,,,,,,,,,,,,,,,,,,,,,,,,unknown,unknown,0.0,70.0
27787d78e4febf6b25e0be4eaf6c9d71f957899d2dd86cad7d137da60501e825,2025-03-21,,,,,,,,,,,,,,,,,,,,,,,,,,,,,,,unknown,unknown,0.0,70.0
27787d78e4febf6b25e0be4eaf6c9d71f957899d2dd86cad7d137da60501e825,2025-03-22,,,,,,,,,,,,,,,,,,,,,,,,,,,,,,,unknown,unknown,0.0,70.0
27787d78e4febf6b25e0be4eaf6c9d71f957899d2dd86cad7d137da60501e825,2025-03-23,,,,,,,,,,,,,,,,,,,,,,,,,,,,,,,unknown,unknown,0.0,70.0
27787d78e4febf6b25e0be4eaf6c9d71f957899d2dd86cad7d137da60501e825,2025-03-25,,,,,,,,,,,,,,,,,,,,,,,,,,,,,,,unknown,unknown,0.0,70.0
27787d78e4febf6b25e0be4eaf6c9d71f957899d2dd86cad7d137da60501e825,2025-03-26,,,,,,,,,,,,,,,,,,,,,,,,,,,,,,,unknown,unknown,0.0,70.0
27787d78e4febf6b25e0be4eaf6c9d71f957899d2dd86cad7d137da60501e825,2025-03-27,,,,,,,,,,,,,,,,,,,,,,,,,,,,,,,unknown,unknown,0.0,70.0
27787d78e4febf6b25e0be4eaf6c9d71f957899d2dd86cad7d137da60501e825,2025-03-28,,,,,,,,,,,,,,,,,,,,,,,,,,,,,,,unknown,unknown,0.0,70.0
27787d78e4febf6b25e0be4eaf6c9d71f957899d2dd86cad7d137da60501e825,2025-03-29,,,,,,,,,,,,,,,,,,,,,,,,,,,,,,,unknown,unknown,0.0,70.0
27787d78e4febf6b25e0be4eaf6c9d71f957899d2dd86cad7d137da60501e825,2025-03-30,,,,,,,,,,,,,,,,,,,,,,,,,,,,,,,unknown,unknown,0.0,70.0
27787d78e4febf6b25e0be4eaf6c9d71f957899d2dd86cad7d137da60501e825,2025-03-31,,,,,,,,,,,,,,,,,,,,,,,,,,,,,,,unknown,unknown,0.0,70.0
27787d78e4febf6b25e0be4eaf6c9d71f957899d2dd86cad7d137da60501e825,2025-04-01,,,,,,,,,,,,,,,,,,,,,,,,,,,,,,,unknown,unknown,0.0,70.0
27787d78e4febf6b25e0be4eaf6c9d71f957899d2dd86cad7d137da60501e825,2025-04-02,,,,,,,,,,,,,,,,,,,,,,,,,,,,,,,unknown,unknown,0.0,70.0
27787d78e4febf6b25e0be4eaf6c9d71f957899d2dd86cad7d137da60501e825,2025-04-03,,,,,,,,,,,,,,,,,,,,,,,,,,,,,,,unknown,unknown,0.0,70.0
27787d78e4febf6b25e0be4eaf6c9d71f957899d2dd86cad7d137da60501e825,2025-04-04,,,,,,,,,,,,,,,,,,,,,,,,,,,,,,,unknown,unknown,0.0,70.0
27787d78e4febf6b25e0be4eaf6c9d71f957899d2dd86cad7d137da60501e825,2025-04-05,,,,,,,,,,,,,,,,,,,,,,,,,,,,,,,unknown,unknown,0.0,70.0
27787d78e4febf6b25e0be4eaf6c9d71f957899d2dd86cad7d137da60501e825,2025-04-06,,,,,,,,,,,,,,,,,,,,,,,,,,,,,,,unknown,unknown,0.0,70.0
27787d78e4febf6b25e0be4eaf6c9d71f957899d2dd86cad7d137da60501e825,2025-04-07,,,,,,,,,,,,,,,,,,,,,,,,,,,,,,,unknown,unknown,0.0,70.0
27787d78e4febf6b25e0be4eaf6c9d71f957899d2dd86cad7d137da60501e825,2025-04-08,,,,,,,,,,,,,,,,,,,,,,,,,,,,,,,unknown,unknown,0.0,70.0
27787d78e4febf6b25e0be4eaf6c9d71f957899d2dd86cad7d137da60501e825,2025-04-09,,,,,,,,,,,,,,,,,,,,,,,,,,,,,,,unknown,unknown,0.0,70.0
27787d78e4febf6b25e0be4eaf6c9d71f957899d2dd86cad7d137da60501e825,2025-04-10,,,,,,,,,,,,,,,,,,,,,,,,,,,,,,,unknown,unknown,0.0,70.0
27787d78e4febf6b25e0be4eaf6c9d71f957899d2dd86cad7d137da60501e825,2025-04-11,,,,,,,,,,,,,,,,,,,,,,,,,,,,,,,unknown,unknown,0.0,70.0
27787d78e4febf6b25e0be4eaf6c9d71f957899d2dd86cad7d137da60501e825,2025-04-12,,,,,,,,,,,,,,,,,,,,,,,,,,,,,,,unknown,unknown,0.0,70.0
27787d78e4febf6b25e0be4eaf6c9d71f957899d2dd86cad7d137da60501e825,2025-04-13,,,,,,,,,,,,,,,,,,,,,,,,,,,,,,,unknown,unknown,0.0,70.0
27787d78e4febf6b25e0be4eaf6c9d71f957899d2dd86cad7d137da60501e825,2025-04-14,,,,,,,,,,,,,,,,,,,,,,,,,,,,,,,unknown,unknown,0.0,70.0
27787d78e4febf6b25e0be4eaf6c9d71f957899d2dd86cad7d137da60501e825,2025-04-15,,,,,,,,,,,,,,,,,,,,,,,,,,,,,,,unknown,unknown,0.0,70.0
27787d78e4febf6b25e0be4eaf6c9d71f957899d2dd86cad7d137da60501e825,2025-04-16,,,,,,,,,,,,,,,,,,,,,,,,,,,,,,,unknown,unknown,0.0,70.0
27787d78e4febf6b25e0be4eaf6c9d71f957899d2dd86cad7d137da60501e825,2025-04-17,,,,,,,,,,,,,,,,,,,,,,,,,,,,,,,unknown,unknown,0.0,70.0
27787d78e4febf6b25e0be4eaf6c9d71f957899d2dd86cad7d137da60501e825,2025-04-18,,,,,,,,,,,,,,,,,,,,,,,,,,,,,,,unknown,unknown,0.0,70.0
27787d78e4febf6b25e0be4eaf6c9d71f957899d2dd86cad7d137da60501e825,2025-04-19,,,,,,,,,,,,,,,,,,,,,,,,,,,,,,,unknown,unknown,0.0,70.0
27787d78e4febf6b25e0be4eaf6c9d71f957899d2dd86cad7d137da60501e825,2025-04-20,,,,,,,,,,,,,,,,,,,,,,,,,,,,,,,unknown,unknown,0.0,70.0
27787d78e4febf6b25e0be4eaf6c9d71f957899d2dd86cad7d137da60501e825,2025-04-21,,,,,,,,,,,,,,,,,,,,,,,,,,,,,,,unknown,unknown,0.0,70.0
27787d78e4febf6b25e0be4eaf6c9d71f957899d2dd86cad7d137da60501e825,2025-04-22,,,,,,,,,,,,,,,,,,,,,,,,,,,,,,,unknown,unknown,0.0,70.0
27787d78e4febf6b25e0be4eaf6c9d71f957899d2dd86cad7d137da60501e825,2025-04-23,,,,,,,,,,,,,,,,,,,,,,,,,,,,,,,unknown,unknown,0.0,70.0
27787d78e4febf6b25e0be4eaf6c9d71f957899d2dd86cad7d137da60501e825,2025-04-24,,,,,,,,,,,,,,,,,,,,,,,,,,,,,,,unknown,unknown,0.0,70.0
27787d78e4febf6b25e0be4eaf6c9d71f957899d2dd86cad7d137da60501e825,2025-04-25,,,,,,,,,,,,,,,,,,,,,,,,,,,,,,,unknown,unknown,0.0,70.0
27787d78e4febf6b25e0be4eaf6c9d71f957899d2dd86cad7d137da60501e825,2025-04-26,,,,,,,,,,,,,,,,,,,,,,,,,,,,,,,unknown,unknown,0.0,70.0
27787d78e4febf6b25e0be4eaf6c9d71f957899d2dd86cad7d137da60501e825,2025-04-27,,,,,,,,,,,,,,,,,,,,,,,,,,,,,,,unknown,unknown,0.0,70.0
27787d78e4febf6b25e0be4eaf6c9d71f957899d2dd86cad7d137da60501e825,2025-04-28,,,,,,,,,,,,,,,,,,,,,,,,,,,,,,,unknown,unknown,0.0,70.0
27787d78e4febf6b25e0be4eaf6c9d71f957899d2dd86cad7d137da60501e825,2025-04-30,,,,,,,,,,,,,,,,,,,,,,,,,,,,,,,unknown,unknown,0.0,70.0
27787d78e4febf6b25e0be4eaf6c9d71f957899d2dd86cad7d137da60501e825,2025-05-01,,,,,,,,,,,,,,,,,,,,,,,,,,,,,,,unknown,unknown,0.0,70.0
27787d78e4febf6b25e0be4eaf6c9d71f957899d2dd86cad7d137da60501e825,2025-05-02,,,,,,,,,,,,,,,,,,,,,,,,,,,,,,,unknown,unknown,0.0,70.0
27787d78e4febf6b25e0be4eaf6c9d71f957899d2dd86cad7d137da60501e825,2025-05-03,,,,,,,,,,,,,,,,,,,,,,,,,,,,,,,unknown,unknown,0.0,70.0
27787d78e4febf6b25e0be4eaf6c9d71f957899d2dd86cad7d137da60501e825,2025-05-04,,,,,,,,,,,,,,,,,,,,,,,,,,,,,,,unknown,unknown,0.0,70.0
27787d78e4febf6b25e0be4eaf6c9d71f957899d2dd86cad7d137da60501e825,2025-05-05,,,,,,,,,,,,,,,,,,,,,,,,,,,,,,,unknown,unknown,0.0,70.0
27787d78e4febf6b25e0be4eaf6c9d71f957899d2dd86cad7d137da60501e825,2025-05-06,,,,,,,,,,,,,,,,,,,,,,,,,,,,,,,unknown,unknown,0.0,70.0
27787d78e4febf6b25e0be4eaf6c9d71f957899d2dd86cad7d137da60501e825,2025-05-07,,,,,,,,,,,,,,,,,,,,,,,,,,,,,,,unknown,unknown,0.0,70.0
27787d78e4febf6b25e0be4eaf6c9d71f957899d2dd86cad7d137da60501e825,2025-05-08,,,,,,,,,,,,,,,,,,,,,,,,,,,,,,,unknown,unknown,0.0,70.0
27787d78e4febf6b25e0be4eaf6c9d71f957899d2dd86cad7d137da60501e825,2025-05-09,,,,,,,,,,,,,,,,,,,,,,,,,,,,,,,unknown,unknown,0.0,70.0
27787d78e4febf6b25e0be4eaf6c9d71f957899d2dd86cad7d137da60501e825,2025-05-10,,,,,,,,,,,,,,,,,,,,,,,,,,,,,,,unknown,unknown,0.0,70.0
27787d78e4febf6b25e0be4eaf6c9d71f957899d2dd86cad7d137da60501e825,2025-05-11,,,,,,,,,,,,,,,,,,,,,,,,,,,,,,,unknown,unknown,0.0,70.0
27787d78e4febf6b25e0be4eaf6c9d71f957899d2dd86cad7d137da60501e825,2025-05-12,,,,,,,,,,,,,,,,,,,,,,,,,,,,,,,unknown,unknown,0.0,70.0
27787d78e4febf6b25e0be4eaf6c9d71f957899d2dd86cad7d137da60501e825,2025-05-13,,,,,,,,,,,,,,,,,,,,,,,,,,,,,,,unknown,unknown,0.0,70.0
27787d78e4febf6b25e0be4eaf6c9d71f957899d2dd86cad7d137da60501e825,2025-05-14,,,,,,,,,,,,,,,,,,,,,,,,,,,,,,,unknown,unknown,0.0,70.0
27787d78e4febf6b25e0be4eaf6c9d71f957899d2dd86cad7d137da60501e825,2025-05-15,,,,,,,,,,,,,,,,,,,,,,,,,,,,,,,unknown,unknown,0.0,70.0
27787d78e4febf6b25e0be4eaf6c9d71f957899d2dd86cad7d137da60501e825,2025-05-20,,,,,,,,,,,,,,,,,,,,,,,,,,,,,,,unknown,unknown,0.0,70.0
27787d78e4febf6b25e0be4eaf6c9d71f957899d2dd86cad7d137da60501e825,2025-05-21,,,,,,,,,,,,,,,,,,,,,,,,,,,,,,,unknown,unknown,0.0,70.0
27787d78e4febf6b25e0be4eaf6c9d71f957899d2dd86cad7d137da60501e825,2025-05-22,,,,,,,,,,,,90.66666666666667,,,,,,,,,,,,,,,,,,,unknown,unknown,0.0,65.0
27787d78e4febf6b25e0be4eaf6c9d71f957899d2dd86cad7d137da60501e825,2025-05-23,,,,,,,,,,,,90.75,,,,,,,,,,,,,,,,,,,unknown,unknown,0.0,65.0
27787d78e4febf6b25e0be4eaf6c9d71f957899d2dd86cad7d137da60501e825,2025-08-01,,,,,,,,,,,,91.42857142857143,,,,,,,,,,,,,,,,,,,unknown,unknown,0.0,65.0
27787d78e4febf6b25e0be4eaf6c9d71f957899d2dd86cad7d137da60501e825,2025-08-02,,,,,,,,,,,7.266666666666667,91.16666666666667,,,,,,,,,90.75,,,,,,,,,0.004591368227731916,unknown,unknown,0.0,65.0
27787d78e4febf6b25e0be4eaf6c9d71f957899d2dd86cad7d137da60501e825,2025-08-03,,,,,,,,,,,,92.41176470588235,,,,,,,,,90.95833333333334,,,,,,,,,0.015979089757753605,unknown,unknown,0.0,70.0
3ea95a05a9d40a63b8a31e16bc34db728014b09c1ce18bb0a81dfe7ceb0ccebe,2024-09-01,,,,,,,,,,,,91.2,,,,,,,,,,,,,,,,,,,unknown,unknown,0.0,65.0
3ea95a05a9d40a63b8a31e16bc34db728014b09c1ce18bb0a81dfe7ceb0ccebe,2024-09-02,,,,,,,,,,,8.066666666666666,89.33333333333333,,,,,,,,,,,,,,,,,,,unknown,unknown,0.0,65.0
3ea95a05a9d40a63b8a31e16bc34db728014b09c1ce18bb0a81dfe7ceb0ccebe,2024-09-03,,,,,,,,,,,5.766666666666667,90.9375,,,,,,,,,,,,,,,,,,,unknown,unknown,0.0,65.0
3ea95a05a9d40a63b8a31e16bc34db728014b09c1ce18bb0a81dfe7ceb0ccebe,2024-09-04,,,,,,,,,,,4.166666666666667,90.6,,,,,,,,,90.9375,,,,,,,,,-0.0037113402061856294,unknown,unknown,0.0,65.0
3ea95a05a9d40a63b8a31e16bc34db728014b09c1ce18bb0a81dfe7ceb0ccebe,2024-09-05,,,,,,,,,,,,88.57142857142857,5.766666666666667,,,,,,,,90.76875,,,,,,,,,-0.02420790667020784,unknown,unknown,0.0,65.0
3ea95a05a9d40a63b8a31e16bc34db728014b09c1ce18bb0a81dfe7ceb0ccebe,2024-09-06,,,,,,,,,,,4.0,88.66666666666667,5.766666666666667,,,,,,,,90.6,-0.3063583815028902,,,,,,,,-0.021339220014716588,unknown,unknown,0.0,45.0
3ea95a05a9d40a63b8a31e16bc34db728014b09c1ce18bb0a81dfe7ceb0ccebe,2024-09-07,,,,,,,,,,,,90.5,4.966666666666667,,,,,,,,89.96666666666667,,,,,,,,,0.005928121526491272,unknown,unknown,0.0,65.0
3ea95a05a9d40a63b8a31e16bc34db728014b09c1ce18bb0a81dfe7ceb0ccebe,2024-09-09,,,,,,,,,,,8.033333333333333,90.6,4.966666666666667,,,,,,,,90.5,0.6174496644295301,,,,,,,,0.001104972375690545,unknown,unknown,0.0,75.0
3ea95a05a9d40a63b8a31e16bc34db728014b09c1ce18bb0a81dfe7ceb0ccebe,2024-09-10,,,,,,,,,,,,91.625,5.766666666666667,,,,,,,,90.5,,,,,,,,,0.012430939226519336,unknown,unknown,0.0,65.0
3ea95a05a9d40a63b8a31e16bc34db728014b09c1ce18bb0a81dfe7ceb0ccebe,2024-09-12,,,,,,,,,,,7.216666666666667,89.4,4.966666666666667,,,,,,,,90.6,0.45302013422818793,,,,,,,,-0.013245033112582657,unknown,unknown,0.0,75.0
3ea95a05a9d40a63b8a31e16bc34db728014b09c1ce18bb0a81dfe7ceb0ccebe,2024-09-13,,,,,,,,,,,8.583333333333334,90.61538461538461,5.691666666666666,,,,,,,,90.5,0.5080527086383604,,,,,,,,0.0012749681257968309,unknown,unknown,0.0,75.0
3ea95a05a9d40a63b8a31e16bc34db728014b09c1ce18bb0a81dfe7ceb0ccebe,2024-09-14,,,,,,,,,,,6.266666666666667,91.66666666666667,7.625,,,,,,,,90.5,-0.17814207650273226,,,,,,,,0.012891344383057142,unknown,unknown,0.0,55.0
3ea95a05a9d40a63b8a31e16bc34db728014b09c1ce18bb0a81dfe7ceb0ccebe,2024-09-15,,,,,,,,,,,8.433333333333334,92.2,7.216666666666667,,,,,,,,90.6,0.16859122401847576,,,,,,,,0.01766004415011047,unknown,unknown,0.0,80.0
3ea95a05a9d40a63b8a31e16bc34db728014b09c1ce18bb0a81dfe7ceb0ccebe,2024-09-16,,,,,,,,,,,,90.875,8.033333333333333,,,,,,,,90.61538461538461,,,,,,,,,0.002865025466893063,unknown,unknown,0.0,65.0
3ea95a05a9d40a63b8a31e16bc34db728014b09c1ce18bb0a81dfe7ceb0ccebe,2024-09-17,,,,,,,,,,,,90.11111111111111,8.033333333333333,,,,,,,,90.875,,,,,,,,,-0.008405930001528316,unknown,unknown,0.0,65.0
3ea95a05a9d40a63b8a31e16bc34db728014b09c1ce18bb0a81dfe7ceb0ccebe,2024-09-18,,,,,,,,,,,,92.0,7.825,,,,,,,,90.875,,,,,,,,,0.012379642365887207,unknown,unknown,0.0,70.0
3ea95a05a9d40a63b8a31e16bc34db728014b09c1ce18bb0a81dfe7ceb0ccebe,2024-09-19,,,,,,,,,,,8.614444444444445,92.0,7.825,,,,,,,,90.875,0.10088746893858715,,,,,,,,0.012379642365887207,unknown,unknown,0.0,80.0
3ea95a05a9d40a63b8a31e16bc34db728014b09c1ce18bb0a81dfe7ceb0ccebe,2024-09-20,,,,,,,,,,,,91.16666666666667,8.508333333333333,,,,,,,,91.66666666666667,,,,,,,,,-0.005454545454545454,unknown,unknown,0.0,65.0
3ea95a05a9d40a63b8a31e16bc34db728014b09c1ce18bb0a81dfe7ceb0ccebe,2024-09-21,,,,,,,,,,,7.966666666666667,93.85714285714286,8.433333333333334,,,,,,,,91.66666666666667,-0.055335968379446654,,,,,,,,0.023896103896103887,unknown,unknown,0.0,73.0
3ea95a05a9d40a63b8a31e16bc34db728014b09c1ce18bb0a81dfe7ceb0ccebe,2024-09-22,,,,,,,,,,,7.9,93.125,8.433333333333334,,,,,,,,92.0,-0.06324110671936757,,,,,,,,0.012228260869565218,unknown,unknown,0.0,73.0
3ea95a05a9d40a63b8a31e16bc34db728014b09c1ce18bb0a81dfe7ceb0ccebe,2024-09-27,,,,,,,,,,,8.15,91.0,7.966666666666667,,,,,,,,92.0,0.02301255230125526,,,,,,,,-0.010869565217391304,unknown,unknown,0.0,75.0
3ea95a05a9d40a63b8a31e16bc34db728014b09c1ce18bb0a81dfe7ceb0ccebe,2024-09-28,,,,,,,,,,,,91.75,8.058333333333334,,,,,,,,92.0,,,,,,,,,-0.002717391304347826,unknown,unknown,0.0,65.0
3ea95a05a9d40a63b8a31e16bc34db728014b09c1ce18bb0a81dfe7ceb0ccebe,2024-09-29,,,,,,,,,,,7.416666666666667,90.6,8.058333333333334,,,,,,,,92.0,-0.0796277145811789,,,,,,,,-0.015217391304347887,unknown,unknown,0.0,68.0
3ea95a05a9d40a63b8a31e16bc34db728014b09c1ce18bb0a81dfe7ceb0ccebe,2024-09-30,,,,,,,,,,,8.233333333333333,89.38461538461539,7.966666666666667,,,,,,,,91.75,0.033472803347280214,,,,,,,,-0.025780758750785976,unknown,unknown,0.0,75.0
3ea95a05a9d40a63b8a31e16bc34db728014b09c1ce18bb0a81dfe7ceb0ccebe,2024-10-01,,,,,,,,,,,,88.71428571428571,7.966666666666667,,,,,,,,91.16666666666667,,,,,,,,,-0.02689997388352062,unknown,unknown,0.0,65.0
3ea95a05a9d40a63b8a31e16bc34db728014b09c1ce18bb0a81dfe7ceb0ccebe,2024-10-08,,,,,,,,,,,8.5,90.8,7.966666666666667,,,,,,,,91.0,0.06694560669456065,,,,,,,,-0.002197802197802229,unknown,unknown,0.0,75.0
3ea95a05a9d40a63b8a31e16bc34db728014b09c1ce18bb0a81dfe7ceb0ccebe,2024-10-09,,,,,,,,,,,6.25,91.5,8.15,,,,,,,,90.8,-0.23312883435582826,,,,,,,,0.007709251101321617,unknown,unknown,0.0,55.0
3ea95a05a9d40a63b8a31e16bc34db728014b09c1ce18bb0a81dfe7ceb0ccebe,2024-10-10,,,,,,,,,,,7.833333333333333,90.58333333333333,8.15,,,,,,,,90.8,-0.03885480572597145,,,,,,,,-0.0023861967694567025,unknown,unknown,0.0,75.0
3ea95a05a9d40a63b8a31e16bc34db728014b09c1ce18bb0a81dfe7ceb0ccebe,2024-10-11,,,,,,,,,,,7.216666666666667,91.18181818181819,7.833333333333333,,,,,,,,90.6,-0.0787234042553191,,,,,,,,0.006421834236403893,unknown,unknown,0.0,68.0
3ea95a05a9d40a63b8a31e16bc34db728014b09c1ce18bb0a81dfe7ceb0ccebe,2024-10-12,,,,,,,,,,,7.0,90.91666666666667,7.625,,,,,,,,90.6,-0.08196721311475409,,,,,,,,0.003495217071376127,unknown,unknown,0.0,68.0
3ea95a05a9d40a63b8a31e16bc34db728014b09c1ce18bb0a81dfe7ceb0ccebe,2024-10-13,,,,,,,,,,,6.8,88.875,7.525,,,,,,,,90.8,-0.09634551495016618,,,,,,,,-0.02120044052863433,unknown,unknown,0.0,68.0
3ea95a05a9d40a63b8a31e16bc34db728014b09c1ce18bb0a81dfe7ceb0ccebe,2024-10-14,,,,,,,,,,,3.6166666666666667,89.07692307692308,7.108333333333333,,,,,,,,90.8,-0.4912075029308324,,,,,,,,-0.01897661809556076,unknown,unknown,0.0,45.0
3ea95a05a9d40a63b8a31e16bc34db728014b09c1ce18bb0a81dfe7ceb0ccebe,2024-10-15,,,,,,,,,,,8.15,91.61538461538461,7.0,,,,,,,,90.8,0.16428571428571434,,,,,,,,0.008980006777363613,unknown,unknown,0.0,75.0
3ea95a05a9d40a63b8a31e16bc34db728014b09c1ce18bb0a81dfe7ceb0ccebe,2024-10-16,,,,,,,,,,,7.25,93.14285714285714,7.0,,,,,,,,90.91666666666667,0.03571428571428571,,,,,,,,0.02448605473353401,unknown,unknown,0.0,80.0
3ea95a05a9d40a63b8a31e16bc34db728014b09c1ce18bb0a81dfe7ceb0ccebe,2024-10-17,,,,,,,,,,,,90.93333333333334,7.216666666666667,,,,,,,,90.91666666666667,,,,,,,,,0.0001833180568285872,unknown,unknown,0.0,65.0
3ea95a05a9d40a63b8a31e16bc34db728014b09c1ce18bb0a81dfe7ceb0ccebe,2024-10-18,,,,,,,,,,,3.433333333333333,90.33333333333333,7.108333333333333,,,,,,,,90.93333333333334,-0.5169988276670575,,,,,,,,-0.006598240469208305,unknown,unknown,0.0,45.0
3ea95a05a9d40a63b8a31e16bc34db728014b09c1ce18bb0a81dfe7ceb0ccebe,2024-10-20,,,,,,,,,,,,91.8,6.9,,,,,,,,90.91666666666667,,,,,,,,,0.00971585701191559,unknown,unknown,0.0,65.0
3ea95a05a9d40a63b8a31e16bc34db728014b09c1ce18bb0a81dfe7ceb0ccebe,2024-10-21,,,,,,,,,,,,90.8,6.8,,,,,,,,90.93333333333334,,,,,,,,,-0.0014662756598241198,unknown,unknown,0.0,65.0
3ea95a05a9d40a63b8a31e16bc34db728014b09c1ce18bb0a81dfe7ceb0ccebe,2024-10-22,,,,,,,,,,,,92.6,5.433333333333334,,,,,,,,90.93333333333334,,,,,,,,,0.01832844574780048,unknown,unknown,0.0,70.0
3ea95a05a9d40a63b8a31e16bc34db728014b09c1ce18bb0a81dfe7ceb0ccebe,2024-10-23,,,,,,,,,,,,92.0,7.25,,,,,,,,91.61538461538461,,,,,,,,,0.004198152812762409,unknown,unknown,0.0,70.0
3ea95a05a9d40a63b8a31e16bc34db728014b09c1ce18bb0a81dfe7ceb0ccebe,2024-10-25,,,,,,,,,,,,95.0,,,,,,,,,91.8,,,,,,,,,0.0348583877995643,unknown,unknown,0.0,72.0
3ea95a05a9d40a63b8a31e16bc34db728014b09c1ce18bb0a81dfe7ceb0ccebe,2024-11-26,,,,,,,,,,,8.216666666666667,,,,,,,,,,91.8,,,,,,,,,,unknown,unknown,0.0,70.0
3ea95a05a9d40a63b8a31e16bc34db728014b09c1ce18bb0a81dfe7ceb0ccebe,2024-11-27,,,,,,,,,,,8.083333333333334,90.5,,,,,,,,,91.9,,,,,,,,,-0.015233949945593097,unknown,unknown,0.0,65.0
3ea95a05a9d40a63b8a31e16bc34db728014b09c1ce18bb0a81dfe7ceb0ccebe,2024-11-28,,,,,,,,,,,7.85,90.8,,,,,,,,,91.9,,,,,,,,,-0.011969532100108905,unknown,unknown,0.0,65.0
3ea95a05a9d40a63b8a31e16bc34db728014b09c1ce18bb0a81dfe7ceb0ccebe,2024-11-29,,,,,,,,,,,7.716666666666667,89.4,8.083333333333334,,,,,,,,91.4,-0.045360824742268095,,,,,,,,-0.02188183807439825,unknown,unknown,0.0,75.0
3ea95a05a9d40a63b8a31e16bc34db728014b09c1ce18bb0a81dfe7ceb0ccebe,2024-11-30,,,,,,,,,,,7.183333333333334,93.0,7.966666666666667,,,,,,,,91.4,-0.09832635983263596,,,,,,,,0.017505470459518536,unknown,unknown,0.0,73.0
3ea95a05a9d40a63b8a31e16bc34db728014b09c1ce18bb0a81dfe7ceb0ccebe,2024-12-01,,,,,,,,,,,8.166666666666666,86.0,7.85,,,,,,,,91.4,0.040339702760084896,,,,,,,,-0.05908096280087533,unknown,unknown,0.0,75.0
3ea95a05a9d40a63b8a31e16bc34db728014b09c1ce18bb0a81dfe7ceb0ccebe,2024-12-02,,,,,,,,,,,8.383333333333333,87.8,7.966666666666667,,,,,,,,90.65,0.05230125523012545,,,,,,,,-0.03143960286817439,unknown,unknown,0.0,75.0
3ea95a05a9d40a63b8a31e16bc34db728014b09c1ce18bb0a81dfe7ceb0ccebe,2024-12-03,,,,,,,,,,,,89.66666666666667,8.083333333333334,,,,,,,,89.95,,,,,,,,,-0.0031498980915323116,unknown,unknown,0.0,65.0
3ea95a05a9d40a63b8a31e16bc34db728014b09c1ce18bb0a81dfe7ceb0ccebe,2024-12-05,,,,,,,,,,,7.45,87.8,7.966666666666667,,,,,,,,89.66666666666667,-0.06485355648535564,,,,,,,,-0.02081784386617109,unknown,unknown,0.0,68.0
3ea95a05a9d40a63b8a31e16bc34db728014b09c1ce18bb0a81dfe7ceb0ccebe,2024-12-06,,,,,,,,,,,9.5,88.6,7.783333333333333,,,,,,,,89.4,0.22055674518201288,,,,,,,,-0.008948545861297666,unknown,unknown,0.0,75.0
3ea95a05a9d40a63b8a31e16bc34db728014b09c1ce18bb0a81dfe7ceb0ccebe,2024-12-07,,,,,,,,,,,,91.0,7.941666666666666,,,,,,,,88.6,,,,,,,,,0.027088036117381555,unknown,unknown,0.0,65.0
3ea95a05a9d40a63b8a31e16bc34db728014b09c1ce18bb0a81dfe7ceb0ccebe,2024-12-08,,,,,,,,,,,7.733333333333333,89.0,8.166666666666666,,,,,,,,88.6,-0.05306122448979584,,,,,,,,0.004514672686230313,unknown,unknown,0.0,68.0
3ea95a05a9d40a63b8a31e16bc34db728014b09c1ce18bb0a81dfe7ceb0ccebe,2024-12-09,,,,,,,,,,,7.9,89.6,8.166666666666666,,,,,,,,88.6,-0.03265306122448968,,,,,,,,0.011286681715575621,unknown,unknown,0.0,75.0
3ea95a05a9d40a63b8a31e16bc34db728014b09c1ce18bb0a81dfe7ceb0ccebe,2024-12-10,,,,,,,,,,,8.233333333333333,88.5,7.9,,,,,,,,89.0,0.042194092827004065,,,,,,,,-0.0056179775280898875,unknown,unknown,0.0,75.0
3ea95a05a9d40a63b8a31e16bc34db728014b09c1ce18bb0a81dfe7ceb0ccebe,2024-12-11,,,,,,,,,,,8.75,87.0,7.9,,,,,,,,89.0,0.10759493670886071,,,,,,,,-0.02247191011235955,unknown,unknown,0.0,75.0
3ea95a05a9d40a63b8a31e16bc34db728014b09c1ce18bb0a81dfe7ceb0ccebe,2024-12-12,,,,,,,,,,,,91.33333333333333,8.066666666666666,,,,,,,,88.6,,,,,,,,,0.03085026335590671,unknown,unknown,0.0,65.0
3ea95a05a9d40a63b8a31e16bc34db728014b09c1ce18bb0a81dfe7ceb0ccebe,2024-12-13,,,,,,,,,,,7.0,89.0,8.233333333333333,,,,,,,,89.0,-0.14979757085020234,,,,,,,,0.0,unknown,unknown,0.0,68.0
3ea95a05a9d40a63b8a31e16bc34db728014b09c1ce18bb0a81dfe7ceb0ccebe,2024-12-14,,,,,,,,,,,7.483333333333333,90.2,7.9,,,,,,,,89.0,-0.05274261603375531,,,,,,,,0.013483146067415762,unknown,unknown,0.0,68.0
3ea95a05a9d40a63b8a31e16bc34db728014b09c1ce18bb0a81dfe7ceb0ccebe,2024-12-15,,,,,,,,,,,,88.33333333333333,7.816666666666666,,,,,,,,89.0,,,,,,,,,-0.007490636704119903,unknown,unknown,0.0,65.0
3ea95a05a9d40a63b8a31e16bc34db728014b09c1ce18bb0a81dfe7ceb0ccebe,2025-01-05,,,,,,,,,,,8.55,88.5,7.9,,,,,,,,89.0,0.08227848101265826,,,,,,,,-0.0056179775280898875,unknown,unknown,0.0,75.0
3ea95a05a9d40a63b8a31e16bc34db728014b09c1ce18bb0a81dfe7ceb0ccebe,2025-01-06,,,,,,,,,,,,89.0,8.233333333333333,,,,,,,,88.5,,,,,,,,,0.005649717514124294,unknown,unknown,0.0,65.0
3ea95a05a9d40a63b8a31e16bc34db728014b09c1ce18bb0a81dfe7ceb0ccebe,2025-01-10,,,,,,,,,,,9.316666666666666,90.5,8.016666666666667,,,,,,,,89.0,0.162162162162162,,,,,,,,0.016853932584269662,unknown,unknown,0.0,75.0
3ea95a05a9d40a63b8a31e16bc34db728014b09c1ce18bb0a81dfe7ceb0ccebe,2025-01-11,,,,,,,,,,,9.25,88.8,8.016666666666667,,,,,,,,89.0,0.15384615384615372,,,,,,,,-0.002247191011235987,unknown,unknown,0.0,75.0
3ea95a05a9d40a63b8a31e16bc34db728014b09c1ce18bb0a81dfe7ceb0ccebe,2025-01-12,,,,,,,,,,,,90.33333333333333,8.55,,,,,,,,89.0,,,,,,,,,0.014981273408239647,unknown,unknown,0.0,65.0
3ea95a05a9d40a63b8a31e16bc34db728014b09c1ce18bb0a81dfe7ceb0ccebe,2025-01-17,,,,,,,,,,,9.3,88.0,8.9,,,,,,,,89.0,0.04494382022471914,,,,,,,,-0.011235955056179775,unknown,unknown,0.0,75.0
3ea95a05a9d40a63b8a31e16bc34db728014b09c1ce18bb0a81dfe7ceb0ccebe,2025-01-18,,,,,,,,,,,8.633333333333333,89.8,9.275,,,,,,,,88.8,-0.069182389937107,,,,,,,,0.011261261261261262,unknown,unknown,0.0,68.0
3ea95a05a9d40a63b8a31e16bc34db728014b09c1ce18bb0a81dfe7ceb0ccebe,2025-01-19,,,,,,,,,,,,88.0,9.25,,,,,,,,89.0,,,,,,,,,-0.011235955056179775,unknown,unknown,0.0,65.0
3ea95a05a9d40a63b8a31e16bc34db728014b09c1ce18bb0a81dfe7ceb0ccebe,2025-01-20,,,,,,,,,,,8.616666666666667,87.0,9.275,,,,,,,,89.0,-0.07097933513027851,,,,,,,,-0.02247191011235955,unknown,unknown,0.0,68.0
3ea95a05a9d40a63b8a31e16bc34db728014b09c1ce18bb0a81dfe7ceb0ccebe,2025-01-21,,,,,,,,,,,8.3,88.4,9.25,,,,,,,,88.8,-0.10270270270270263,,,,,,,,-0.004504504504504409,unknown,unknown,0.0,68.0
3ea95a05a9d40a63b8a31e16bc34db728014b09c1ce18bb0a81dfe7ceb0ccebe,2025-01-22,,,,,,,,,,,,88.0,8.633333333333333,,,,,,,,88.4,,,,,,,,,-0.004524886877828118,unknown,unknown,0.0,65.0
3ea95a05a9d40a63b8a31e16bc34db728014b09c1ce18bb0a81dfe7ceb0ccebe,2025-01-24,,,,,,,,,,,7.583333333333333,88.5,8.625,,,,,,,,88.0,-0.12077294685990342,,,,,,,,0.005681818181818182,unknown,unknown,0.0,68.0
3ea95a05a9d40a63b8a31e16bc34db728014b09c1ce18bb0a81dfe7ceb0ccebe,2025-01-25,,,,,,,,,,,,87.66666666666667,8.616666666666667,,,,,,,,88.0,,,,,,,,,-0.003787878787878734,unknown,unknown,0.0,65.0
3ea95a05a9d40a63b8a31e16bc34db728014b09c1ce18bb0a81dfe7ceb0ccebe,2025-01-26,,,,,,,,,,,8.333333333333334,89.0,8.458333333333334,,,,,,,,88.0,-0.014778325123152709,,,,,,,,0.011363636363636364,unknown,unknown,0.0,75.0
3ea95a05a9d40a63b8a31e16bc34db728014b09c1ce18bb0a81dfe7ceb0ccebe,2025-01-27,,,,,,,,,,,8.25,87.0,8.316666666666666,,,,,,,,88.0,-0.008016032064128228,,,,,,,,-0.011363636363636364,unknown,unknown,0.0,75.0
3ea95a05a9d40a63b8a31e16bc34db728014b09c1ce18bb0a81dfe7ceb0ccebe,2025-01-28,,,,,,,,,,,,86.5,8.3,,,,,,,,88.0,,,,,,,,,-0.017045454545454544,unknown,unknown,0.0,65.0
3ea95a05a9d40a63b8a31e16bc34db728014b09c1ce18bb0a81dfe7ceb0ccebe,2025-02-02,,,,,,,,,,,8.483333333333333,85.5,8.275,,,,,,,,88.0,0.025176233635447992,,,,,,,,-0.028409090909090908,unknown,unknown,0.0,75.0
3ea95a05a9d40a63b8a31e16bc34db728014b09c1ce18bb0a81dfe7ceb0ccebe,2025-02-03,,,,,,,,,,,8.133333333333333,90.8,8.291666666666668,,,,,,,,87.66666666666667,-0.01909547738693487,,,,,,,,0.03574144486692006,unknown,unknown,0.0,75.0
3ea95a05a9d40a63b8a31e16bc34db728014b09c1ce18bb0a81dfe7ceb0ccebe,2025-02-04,,,,,,,,,,,,89.66666666666667,8.25,,,,,,,,87.66666666666667,,,,,,,,,0.022813688212927754,unknown,unknown,0.0,65.0
3ea95a05a9d40a63b8a31e16bc34db728014b09c1ce18bb0a81dfe7ceb0ccebe,2025-02-07,,,,,,,,,,,3.0166666666666666,90.0,8.291666666666668,,,,,,,,87.66666666666667,-0.6361809045226131,,,,,,,,0.026615969581748992,unknown,unknown,0.0,45.0
3ea95a05a9d40a63b8a31e16bc34db728014b09c1ce18bb0a81dfe7ceb0ccebe,2025-02-08,,,,,,,,,,,4.933333333333334,91.5,8.25,,,,,,,,89.0,-0.402020202020202,,,,,,,,0.028089887640449437,unknown,unknown,0.0,45.0
3ea95a05a9d40a63b8a31e16bc34db728014b09c1ce18bb0a81dfe7ceb0ccebe,2025-02-09,,,,,,,,,,,,89.28571428571429,8.133333333333333,,,,,,,,89.66666666666667,,,,,,,,,-0.00424853956452468,unknown,unknown,0.0,65.0
3ea95a05a9d40a63b8a31e16bc34db728014b09c1ce18bb0a81dfe7ceb0ccebe,2025-02-10,,,,,,,,,,,8.683333333333334,90.5,6.533333333333333,,,,,,,,89.66666666666667,0.3290816326530613,,,,,,,,0.009293680297397716,unknown,unknown,0.0,75.0
3ea95a05a9d40a63b8a31e16bc34db728014b09c1ce18bb0a81dfe7ceb0ccebe,2025-02-11,,,,,,,,,,,8.433333333333334,91.3,8.133333333333333,,,,,,,,90.0,0.036885245901639434,,,,,,,,0.014444444444444413,unknown,unknown,0.0,75.0
3ea95a05a9d40a63b8a31e16bc34db728014b09c1ce18bb0a81dfe7ceb0ccebe,2025-02-12,,,,,,,,,,,9.0,91.58333333333333,8.133333333333333,,,,,,,,90.5,0.10655737704918039,,,,,,,,0.01197053406998153,unknown,unknown,0.0,75.0
3ea95a05a9d40a63b8a31e16bc34db728014b09c1ce18bb0a81dfe7ceb0ccebe,2025-02-16,,,,,,,,,,,7.1,89.33333333333333,8.433333333333334,,,,,,,,90.5,-0.15810276679841903,,,,,,,,-0.012891344383057142,unknown,unknown,0.0,55.0
3ea95a05a9d40a63b8a31e16bc34db728014b09c1ce18bb0a81dfe7ceb0ccebe,2025-02-17,,,,,,,,,,,,91.11111111111111,7.766666666666667,,,,,,,,90.5,,,,,,,,,0.006752608962553749,unknown,unknown,0.0,65.0
3ea95a05a9d40a63b8a31e16bc34db728014b09c1ce18bb0a81dfe7ceb0ccebe,2025-02-20,,,,,,,,,,,5.833333333333333,87.0,8.433333333333334,,,,,,,,91.11111111111111,-0.30830039525691705,,,,,,,,-0.04512195121951223,unknown,unknown,0.0,45.0
3ea95a05a9d40a63b8a31e16bc34db728014b09c1ce18bb0a81dfe7ceb0ccebe,2025-02-21,,,,,,,,,,,,90.66666666666667,8.433333333333334,,,,,,,,90.5,,,,,,,,,0.0018416206261510652,unknown,unknown,0.0,65.0
3ea95a05a9d40a63b8a31e16bc34db728014b09c1ce18bb0a81dfe7ceb0ccebe,2025-02-22,,,,,,,,,,,,92.9,8.433333333333334,,,,,,,,90.66666666666667,,,,,,,,,0.02463235294117648,unknown,unknown,0.0,70.0
3ea95a05a9d40a63b8a31e16bc34db728014b09c1ce18bb0a81dfe7ceb0ccebe,2025-02-23,,,,,,,,,,,8.1,93.0,7.766666666666667,,,,,,,,91.11111111111111,0.04291845493562228,,,,,,,,0.020731707317073134,unknown,unknown,0.0,80.0
3ea95a05a9d40a63b8a31e16bc34db728014b09c1ce18bb0a81dfe7ceb0ccebe,2025-02-24,,,,,,,,,,,,90.0,7.6,,,,,,,,91.11111111111111,,,,,,,,,-0.012195121951219546,unknown,unknown,0.0,65.0
3ea95a05a9d40a63b8a31e16bc34db728014b09c1ce18bb0a81dfe7ceb0ccebe,2025-02-26,,,,,,,,,,,8.2,89.75,7.1,,,,,,,,90.66666666666667,0.1549295774647887,,,,,,,,-0.010110294117647111,unknown,unknown,0.0,75.0
3ea95a05a9d40a63b8a31e16bc34db728014b09c1ce18bb0a81dfe7ceb0ccebe,2025-02-27,,,,,,,,,,,,92.125,8.1,,,,,,,,90.66666666666667,,,,,,,,,0.016084558823529358,unknown,unknown,0.0,70.0
3ea95a05a9d40a63b8a31e16bc34db728014b09c1ce18bb0a81dfe7ceb0ccebe,2025-03-01,,,,,,,,,,,6.6,92.0,8.1,,,,,,,,90.66666666666667,-0.1851851851851852,,,,,,,,0.014705882352941124,unknown,unknown,0.0,60.0
3ea95a05a9d40a63b8a31e16bc34db728014b09c1ce18bb0a81dfe7ceb0ccebe,2025-03-06,,,,,,,,,,,6.433333333333334,89.75,8.1,,,,,,,,92.0,-0.2057613168724279,,,,,,,,-0.024456521739130436,unknown,unknown,0.0,55.0
3ea95a05a9d40a63b8a31e16bc34db728014b09c1ce18bb0a81dfe7ceb0ccebe,2025-03-07,,,,,,,,,,,,89.33333333333333,7.35,,,,,,,,92.0,,,,,,,,,-0.028985507246376864,unknown,unknown,0.0,65.0
3ea95a05a9d40a63b8a31e16bc34db728014b09c1ce18bb0a81dfe7ceb0ccebe,2025-03-08,,,,,,,,,,,7.916666666666667,93.16666666666667,7.35,,,,,,,,90.0,0.07709750566893434,,,,,,,,0.035185185185185236,unknown,unknown,0.0,80.0
3ea95a05a9d40a63b8a31e16bc34db728014b09c1ce18bb0a81dfe7ceb0ccebe,2025-03-09,,,,,,,,,,,6.95,90.7,7.258333333333333,,,,,,,,90.0,-0.04247990815154985,,,,,,,,0.00777777777777781,unknown,unknown,0.0,75.0
3ea95a05a9d40a63b8a31e16bc34db728014b09c1ce18bb0a81dfe7ceb0ccebe,2025-03-10,,,,,,,,,,,,92.1,6.95,,,,,,,,90.7,,,,,,,,,0.015435501653803654,unknown,unknown,0.0,70.0
3ea95a05a9d40a63b8a31e16bc34db728014b09c1ce18bb0a81dfe7ceb0ccebe,2025-03-18,,,,,,,,,,,10.1,91.66666666666667,6.775,,,,,,,,92.0,0.49077490774907734,,,,,,,,-0.00362318840579705,unknown,unknown,0.0,75.0
3ea95a05a9d40a63b8a31e16bc34db728014b09c1ce18bb0a81dfe7ceb0ccebe,2025-03-19,,,,,,,,,,,8.35,89.15384615384616,6.95,,,,,,,,91.66666666666667,0.20143884892086322,,,,,,,,-0.02741258741258739,unknown,unknown,0.0,75.0
3ea95a05a9d40a63b8a31e16bc34db728014b09c1ce18bb0a81dfe7ceb0ccebe,2025-03-20,,,,,,,,,,,10.85,91.0,7.916666666666667,,,,,,,,90.7,0.3705263157894736,,,,,,,,0.003307607497243629,unknown,unknown,0.0,75.0
3ea95a05a9d40a63b8a31e16bc34db728014b09c1ce18bb0a81dfe7ceb0ccebe,2025-03-21,,,,,,,,,,,,89.54545454545455,8.35,,,,,,,,91.0,,,,,,,,,-0.01598401598401597,unknown,unknown,0.0,65.0
3ea95a05a9d40a63b8a31e16bc34db728014b09c1ce18bb0a81dfe7ceb0ccebe,2025-03-24,,,,,,,,,,,9.55,87.5,8.35,,,,,,,,91.0,0.14371257485029953,,,,,,,,-0.038461538461538464,unknown,unknown,0.0,75.0
3ea95a05a9d40a63b8a31e16bc34db728014b09c1ce18bb0a81dfe7ceb0ccebe,2025-03-25,,,,,,,,,,,,89.1,9.55,,,,,,,,90.7,,,,,,,,,-0.01764057331863295,unknown,unknown,0.0,65.0
3ea95a05a9d40a63b8a31e16bc34db728014b09c1ce18bb0a81dfe7ceb0ccebe,2025-03-26,,,,,,,,,,,8.266666666666667,86.66666666666667,9.825,,,,,,,,89.54545454545455,-0.15860899067005924,,,,,,,,-0.0321489001692047,unknown,unknown,0.0,55.0
3ea95a05a9d40a63b8a31e16bc34db728014b09c1ce18bb0a81dfe7ceb0ccebe,2025-03-27,,,,,,,,,,,,90.28571428571429,9.55,,,,,,,,89.15384615384616,,,,,,,,,0.01269567361025514,unknown,unknown,0.0,65.0
3ea95a05a9d40a63b8a31e16bc34db728014b09c1ce18bb0a81dfe7ceb0ccebe,2025-03-28,,,,,,,,,,,7.1,83.5,8.95,,,,,,,,89.15384615384616,-0.20670391061452512,,,,,,,,-0.06341673856773088,unknown,unknown,0.0,55.0
3ea95a05a9d40a63b8a31e16bc34db728014b09c1ce18bb0a81dfe7ceb0ccebe,2025-03-29,,,,,,,,,,,8.933333333333334,89.125,8.908333333333335,,,,,,,,89.1,0.002806361085126126,,,,,,,,0.0002805836139170111,unknown,unknown,0.0,75.0
3ea95a05a9d40a63b8a31e16bc34db728014b09c1ce18bb0a81dfe7ceb0ccebe,2025-03-31,,,,,,,,,,,7.9,92.25,8.600000000000001,,,,,,,,89.1,-0.08139534883720942,,,,,,,,0.03535353535353542,unknown,unknown,0.0,73.0
3ea95a05a9d40a63b8a31e16bc34db728014b09c1ce18bb0a81dfe7ceb0ccebe,2025-04-01,,,,,,,,,,,,91.5,8.266666666666667,,,,,,,,89.1,,,,,,,,,0.026936026936027,unknown,unknown,0.0,65.0
3ea95a05a9d40a63b8a31e16bc34db728014b09c1ce18bb0a81dfe7ceb0ccebe,2025-04-21,,,,,,,,,,,,93.0,8.083333333333334,,,,,,,,89.125,,,,,,,,,0.043478260869565216,unknown,unknown,0.0,70.0
3ea95a05a9d40a63b8a31e16bc34db728014b09c1ce18bb0a81dfe7ceb0ccebe,2025-04-24,,,,,,,,,,,,90.72727272727273,8.083333333333334,,,,,,,,90.28571428571429,,,,,,,,,0.0048906789413118565,unknown,unknown,0.0,65.0
3ea95a05a9d40a63b8a31e16bc34db728014b09c1ce18bb0a81dfe7ceb0ccebe,2025-05-02,,,,,,,,,,,,92.0,7.9,,,,,,,,90.72727272727273,,,,,,,,,0.014028056112224376,unknown,unknown,0.0,70.0
3ea95a05a9d40a63b8a31e16bc34db728014b09c1ce18bb0a81dfe7ceb0ccebe,2025-05-04,,,,,,,,,,,,93.5,7.9,,,,,,,,91.5,,,,,,,,,0.02185792349726776,unknown,unknown,0.0,70.0
3ea95a05a9d40a63b8a31e16bc34db728014b09c1ce18bb0a81dfe7ceb0ccebe,2025-05-06,,,,,,,,,,,7.733333333333333,91.6,,,,,,,,,92.0,,,,,,,,,-0.004347826086956583,unknown,unknown,0.0,65.0
3ea95a05a9d40a63b8a31e16bc34db728014b09c1ce18bb0a81dfe7ceb0ccebe,2025-05-07,,,,,,,,,,,,91.5,,,,,,,,,92.0,,,,,,,,,-0.005434782608695652,unknown,unknown,0.0,65.0
3ea95a05a9d40a63b8a31e16bc34db728014b09c1ce18bb0a81dfe7ceb0ccebe,2025-05-10,,,,,,,,,,,7.85,87.66666666666667,,,,,,,,,91.6,,,,,,,,,-0.04294032023289654,unknown,unknown,0.0,65.0
3ea95a05a9d40a63b8a31e16bc34db728014b09c1ce18bb0a81dfe7ceb0ccebe,2025-05-11,,,,,,,,,,,,88.77777777777777,,,,,,,,,91.6,,,,,,,,,-0.03081028626880156,unknown,unknown,0.0,65.0
3ea95a05a9d40a63b8a31e16bc34db728014b09c1ce18bb0a81dfe7ceb0ccebe,2025-05-13,,,,,,,,,,,8.033333333333333,89.4,,,,,,,,,91.5,,,,,,,,,-0.022950819672131084,unknown,unknown,0.0,65.0
3ea95a05a9d40a63b8a31e16bc34db728014b09c1ce18bb0a81dfe7ceb0ccebe,2025-05-14,,,,,,,,,,,,90.28571428571429,7.85,,,,,,,,91.5,,,,,,,,,-0.013270882123341073,unknown,unknown,0.0,65.0
3ea95a05a9d40a63b8a31e16bc34db728014b09c1ce18bb0a81dfe7ceb0ccebe,2025-05-26,,,,,,,,,,,7.166666666666667,89.75,7.85,,,,,,,,90.28571428571429,-0.08704883227176213,,,,,,,,-0.0059335443037975355,unknown,unknown,0.0,68.0
3ea95a05a9d40a63b8a31e16bc34db728014b09c1ce18bb0a81dfe7ceb0ccebe,2025-05-27,,,,,,,,,,,,89.625,7.791666666666666,,,,,,,,89.75,,,,,,,,,-0.001392757660167131,unknown,unknown,0.0,65.0
3ea95a05a9d40a63b8a31e16bc34db728014b09c1ce18bb0a81dfe7ceb0ccebe,2025-06-12,,,,,,,,,,,,93.0,7.85,,,,,,,,89.625,,,,,,,,,0.03765690376569038,unknown,unknown,0.0,70.0
3ea95a05a9d40a63b8a31e16bc34db728014b09c1ce18bb0a81dfe7ceb0ccebe,2025-07-20,,,,,,,,,,,6.266666666666667,92.25,7.85,,,,,,,,89.625,-0.2016985138004246,,,,,,,,0.029288702928870293,unknown,unknown,0.0,60.0
3ea95a05a9d40a63b8a31e16bc34db728014b09c1ce18bb0a81dfe7ceb0ccebe,2025-07-21,,,,,,,,,,,7.733333333333333,90.875,7.166666666666667,,,,,,,,89.75,0.07906976744186042,,,,,,,,0.012534818941504178,unknown,unknown,0.0,75.0
3ea95a05a9d40a63b8a31e16bc34db728014b09c1ce18bb0a81dfe7ceb0ccebe,2025-07-22,,,,,,,,,,,,90.625,7.45,,,,,,,,90.28571428571429,,,,,,,,,0.0037579113924049957,unknown,unknown,0.0,65.0
3ea95a05a9d40a63b8a31e16bc34db728014b09c1ce18bb0a81dfe7ceb0ccebe,2025-08-15,,,,,,,,,,,9.533333333333333,95.25,7.166666666666667,,,,,,,,90.625,0.33023255813953484,,,,,,,,0.05103448275862069,unknown,unknown,0.0,82.0
3ea95a05a9d40a63b8a31e16bc34db728014b09c1ce18bb0a81dfe7ceb0ccebe,2025-08-16,,,,,,,,,,,,93.0,7.45,,,,,,,,90.875,,,,,,,,,0.023383768913342505,unknown,unknown,0.0,70.0
495aa7959b8ab634a60c5506a76942b2032a224ddd65f35c2bbef7f8b2eab7a8,2024-10-04,,,,,,,,,,,,,,,,,,,,,,,,,,,,,,,unknown,unknown,0.0,70.0
495aa7959b8ab634a60c5506a76942b2032a224ddd65f35c2bbef7f8b2eab7a8,2024-10-05,,,,,,,,,,,,,,,,,,,,,,,,,,,,,,,unknown,unknown,0.0,70.0
495aa7959b8ab634a60c5506a76942b2032a224ddd65f35c2bbef7f8b2eab7a8,2024-10-06,,,,,,,,,,,,,,,,,,,,,,,,,,,,,,,unknown,unknown,0.0,70.0
495aa7959b8ab634a60c5506a76942b2032a224ddd65f35c2bbef7f8b2eab7a8,2024-10-07,,,,,,,,,,,,,,,,,,,,,,,,,,,,,,,unknown,unknown,0.0,70.0
495aa7959b8ab634a60c5506a76942b2032a224ddd65f35c2bbef7f8b2eab7a8,2024-10-08,,,,,,,,,,,8.85,94.0,,,,,,,,,,,,,,,,,,,unknown,unknown,0.0,70.0
495aa7959b8ab634a60c5506a76942b2032a224ddd65f35c2bbef7f8b2eab7a8,2024-10-09,,,,,,,,,,,8.183333333333334,94.0,,,,,,,,,,,,,,,,,,,unknown,unknown,0.0,70.0
495aa7959b8ab634a60c5506a76942b2032a224ddd65f35c2bbef7f8b2eab7a8,2024-10-10,,,,,,,,,,,7.866666666666666,93.41176470588235,,,,,,,,,,,,,,,,,,,unknown,unknown,0.0,70.0
495aa7959b8ab634a60c5506a76942b2032a224ddd65f35c2bbef7f8b2eab7a8,2024-10-11,,,,,,,,,,,,93.375,8.183333333333334,,,,,,,,94.0,,,,,,,,,-0.006648936170212766,unknown,unknown,0.0,70.0
495aa7959b8ab634a60c5506a76942b2032a224ddd65f35c2bbef7f8b2eab7a8,2024-10-12,,,,,,,,,,,9.0,93.11111111111111,8.183333333333334,,,,,,,,93.70588235294117,0.09979633401221993,,,,,,,,-0.006347213503522294,unknown,unknown,0.0,80.0
495aa7959b8ab634a60c5506a76942b2032a224ddd65f35c2bbef7f8b2eab7a8,2024-10-13,,,,,,,,,,,,95.85714285714286,8.516666666666666,,,,,,,,93.41176470588235,,,,,,,,,0.02617848146815411,unknown,unknown,0.0,72.0
495aa7959b8ab634a60c5506a76942b2032a224ddd65f35c2bbef7f8b2eab7a8,2024-10-14,,,,,,,,,,,8.85,93.83333333333333,8.516666666666666,,,,,,,,93.70588235294117,0.039138943248532364,,,,,,,,0.001360117179326195,unknown,unknown,0.0,80.0
495aa7959b8ab634a60c5506a76942b2032a224ddd65f35c2bbef7f8b2eab7a8,2024-10-15,,,,,,,,,,,,93.57142857142857,8.85,,,,,,,,93.83333333333333,,,,,,,,,-0.0027911697538695475,unknown,unknown,0.0,70.0
495aa7959b8ab634a60c5506a76942b2032a224ddd65f35c2bbef7f8b2eab7a8,2024-10-16,,,,,,,,,,,8.183333333333334,94.5,8.516666666666666,,,,,,,,93.57142857142857,-0.039138943248532156,,,,,,,,0.009923664122137427,unknown,unknown,0.0,80.0
495aa7959b8ab634a60c5506a76942b2032a224ddd65f35c2bbef7f8b2eab7a8,2024-10-17,,,,,,,,,,,8.7,92.63636363636364,8.516666666666666,,,,,,,,93.57142857142857,0.02152641878669279,,,,,,,,-0.0099930603747397,unknown,unknown,0.0,80.0
495aa7959b8ab634a60c5506a76942b2032a224ddd65f35c2bbef7f8b2eab7a8,2024-10-18,,,,,,,,,,,,,8.774999999999999,,,,,,,,93.57142857142857,,,,,,,,,,unknown,unknown,0.0,70.0
495aa7959b8ab634a60c5506a76942b2032a224ddd65f35c2bbef7f8b2eab7a8,2024-10-19,,,,,,,,,,,8.95,94.2,8.774999999999999,,,,,,,,93.70238095238095,0.019943019943020026,,,,,,,,0.005310633972811654,unknown,unknown,0.0,80.0
495aa7959b8ab634a60c5506a76942b2032a224ddd65f35c2bbef7f8b2eab7a8,2024-10-20,,,,,,,,,,,9.0,92.53333333333333,8.774999999999999,,,,,,,,94.01666666666667,0.025641025641025807,,,,,,,,-0.01577734444247475,unknown,unknown,0.0,80.0
495aa7959b8ab634a60c5506a76942b2032a224ddd65f35c2bbef7f8b2eab7a8,2024-10-21,,,,,,,,,,,9.116666666666667,93.0,8.85,,,,,,,,93.70238095238095,0.03013182674199633,,,,,,,,-0.0074958709185617735,unknown,unknown,0.0,80.0
495aa7959b8ab634a60c5506a76942b2032a224ddd65f35c2bbef7f8b2eab7a8,2024-10-22,,,,,,,,,,,8.533333333333333,95.08333333333333,8.95,,,,,,,,93.28571428571428,-0.046554934823091185,,,,,,,,0.01927003573251663,unknown,unknown,0.0,82.0
495aa7959b8ab634a60c5506a76942b2032a224ddd65f35c2bbef7f8b2eab7a8,2024-10-23,,,,,,,,,,,9.116666666666667,95.6,8.825,,,,,,,,93.6,0.0330500472143533,,,,,,,,0.021367521367521368,unknown,unknown,0.0,82.0
495aa7959b8ab634a60c5506a76942b2032a224ddd65f35c2bbef7f8b2eab7a8,2024-10-24,,,,,,,,,,,8.933333333333334,95.84615384615384,8.975,,,,,,,,93.6,-0.004642525533890371,,,,,,,,0.023997370151216297,unknown,unknown,0.0,82.0
495aa7959b8ab634a60c5506a76942b2032a224ddd65f35c2bbef7f8b2eab7a8,2024-10-25,,,,,,,,,,,9.0,94.3529411764706,8.975,,,,,,,,94.64166666666667,0.0027855153203343017,,,,,,,,-0.00305072279858489,unknown,unknown,0.0,80.0
495aa7959b8ab634a60c5506a76942b2032a224ddd65f35c2bbef7f8b2eab7a8,2024-10-26,,,,,,,,,,,7.783333333333333,93.92307692307692,9.0,,,,,,,,94.3529411764706,-0.13518518518518519,,,,,,,,-0.00455591789756388,unknown,unknown,0.0,73.0
495aa7959b8ab634a60c5506a76942b2032a224ddd65f35c2bbef7f8b2eab7a8,2024-10-27,,,,,,,,,,,8.416666666666666,94.27272727272727,9.0,,,,,,,,94.3529411764706,-0.06481481481481488,,,,,,,,-0.0008501473588756689,unknown,unknown,0.0,73.0
495aa7959b8ab634a60c5506a76942b2032a224ddd65f35c2bbef7f8b2eab7a8,2024-10-28,,,,,,,,,,,,,8.933333333333334,,,,,,,,94.3529411764706,,,,,,,,,,unknown,unknown,0.0,70.0
495aa7959b8ab634a60c5506a76942b2032a224ddd65f35c2bbef7f8b2eab7a8,2024-10-29,,,,,,,,,,,9.4,93.33333333333333,8.733333333333334,,,,,,,,94.71813725490196,0.07633587786259534,,,,,,,,-0.014620261353344603,unknown,unknown,0.0,80.0
495aa7959b8ab634a60c5506a76942b2032a224ddd65f35c2bbef7f8b2eab7a8,2024-10-30,,,,,,,,,,,9.616666666666667,92.23076923076923,8.966666666666667,,,,,,,,94.31283422459893,0.07249070631970264,,,,,,,,-0.022076157618924085,unknown,unknown,0.0,80.0
495aa7959b8ab634a60c5506a76942b2032a224ddd65f35c2bbef7f8b2eab7a8,2024-10-31,,,,,,,,,,,,94.8,8.966666666666667,,,,,,,,94.0979020979021,,,,,,,,,0.0074613555291320076,unknown,unknown,0.0,70.0
495aa7959b8ab634a60c5506a76942b2032a224ddd65f35c2bbef7f8b2eab7a8,2024-11-01,,,,,,,,,,,8.133333333333333,96.33333333333333,9.0,,,,,,,,94.0979020979021,-0.09629629629629635,,,,,,,,0.023756440745144672,unknown,unknown,0.0,75.0
495aa7959b8ab634a60c5506a76942b2032a224ddd65f35c2bbef7f8b2eab7a8,2024-11-02,,,,,,,,,,,9.566666666666666,90.33333333333333,8.416666666666666,,,,,,,,94.0979020979021,0.13663366336633667,,,,,,,,-0.04000693618707887,unknown,unknown,0.0,75.0
495aa7959b8ab634a60c5506a76942b2032a224ddd65f35c2bbef7f8b2eab7a8,2024-11-03,,,,,,,,,,,8.85,94.375,9.4,,,,,,,,93.8030303030303,-0.05851063829787241,,,,,,,,0.006097560975609816,unknown,unknown,0.0,73.0
495aa7959b8ab634a60c5506a76942b2032a224ddd65f35c2bbef7f8b2eab7a8,2024-11-04,,,,,,,,,,,9.4,95.53333333333333,9.4,,,,,,,,93.85416666666666,0.0,,,,,,,,0.01789123196448399,unknown,unknown,0.0,82.0
495aa7959b8ab634a60c5506a76942b2032a224ddd65f35c2bbef7f8b2eab7a8,2024-11-05,,,,,,,,,,,9.033333333333333,94.625,9.4,,,,,,,,94.375,-0.03900709219858161,,,,,,,,0.0026490066225165563,unknown,unknown,0.0,80.0
495aa7959b8ab634a60c5506a76942b2032a224ddd65f35c2bbef7f8b2eab7a8,2024-11-06,,,,,,,,,,,,95.66666666666667,9.216666666666667,,,,,,,,94.625,,,,,,,,,0.01100836635843246,unknown,unknown,0.0,72.0
495aa7959b8ab634a60c5506a76942b2032a224ddd65f35c2bbef7f8b2eab7a8,2024-11-07,,,,,,,,,,,8.566666666666666,90.33333333333333,9.033333333333333,,,,,,,,94.8,-0.05166051660516607,,,,,,,,-0.047116736990154735,unknown,unknown,0.0,68.0
495aa7959b8ab634a60c5506a76942b2032a224ddd65f35c2bbef7f8b2eab7a8,2024-11-08,,,,,,,,,,,8.6,93.25,8.941666666666666,,,,,,,,94.625,-0.03821062441752098,,,,,,,,-0.01453104359313078,unknown,unknown,0.0,80.0
495aa7959b8ab634a60c5506a76942b2032a224ddd65f35c2bbef7f8b2eab7a8,2024-11-09,,,,,,,,,,,9.083333333333334,94.45454545454545,8.941666666666666,,,,,,,,94.375,0.01584342963653318,,,,,,,,0.0008428657435279815,unknown,unknown,0.0,80.0
495aa7959b8ab634a60c5506a76942b2032a224ddd65f35c2bbef7f8b2eab7a8,2024-11-10,,,,,,,,,,,,,8.941666666666666,,,,,,,,94.45454545454545,,,,,,,,,,unknown,unknown,0.0,70.0
495aa7959b8ab634a60c5506a76942b2032a224ddd65f35c2bbef7f8b2eab7a8,2024-11-11,,,,,,,,,,,9.266666666666667,91.2,9.033333333333333,,,,,,,,94.53977272727272,0.02583025830258313,,,,,,,,-0.03532664222609521,unknown,unknown,0.0,75.0
495aa7959b8ab634a60c5506a76942b2032a224ddd65f35c2bbef7f8b2eab7a8,2024-11-12,,,,,,,,,,,9.083333333333334,92.94117647058823,9.033333333333333,,,,,,,,93.85227272727272,0.005535055350553584,,,,,,,,-0.00970776977699902,unknown,unknown,0.0,80.0
495aa7959b8ab634a60c5506a76942b2032a224ddd65f35c2bbef7f8b2eab7a8,2024-11-13,,,,,,,,,,,6.116666666666666,93.9090909090909,9.083333333333334,,,,,,,,93.09558823529412,-0.32660550458715604,,,,,,,,0.008738359026645883,unknown,unknown,0.0,50.0
495aa7959b8ab634a60c5506a76942b2032a224ddd65f35c2bbef7f8b2eab7a8,2024-11-14,,,,,,,,,,,8.416666666666666,93.28571428571429,8.841666666666667,,,,,,,,93.09558823529412,-0.0480678605089539,,,,,,,,0.002042267029234967,unknown,unknown,0.0,80.0
495aa7959b8ab634a60c5506a76942b2032a224ddd65f35c2bbef7f8b2eab7a8,2024-11-15,,,,,,,,,,,,,8.841666666666667,,,,,,,,93.26785714285714,,,,,,,,,,unknown,unknown,0.0,70.0
495aa7959b8ab634a60c5506a76942b2032a224ddd65f35c2bbef7f8b2eab7a8,2024-11-17,,,,,,,,,,,,90.75,9.083333333333334,,,,,,,,93.28571428571429,,,,,,,,,-0.027182235834609558,unknown,unknown,0.0,65.0
495aa7959b8ab634a60c5506a76942b2032a224ddd65f35c2bbef7f8b2eab7a8,2024-11-18,,,,,,,,,,,,94.22222222222223,8.75,,,,,,,,92.94117647058823,,,,,,,,,0.013783403656821482,unknown,unknown,0.0,70.0
495aa7959b8ab634a60c5506a76942b2032a224ddd65f35c2bbef7f8b2eab7a8,2024-11-19,,,,,,,,,,,7.233333333333333,90.5,8.75,,,,,,,,93.11344537815125,-0.17333333333333334,,,,,,,,-0.02806732548170203,unknown,unknown,0.0,55.0
495aa7959b8ab634a60c5506a76942b2032a224ddd65f35c2bbef7f8b2eab7a8,2024-11-20,,,,,,,,,,,9.283333333333333,92.52631578947368,7.824999999999999,,,,,,,,93.11344537815125,0.18636847710330148,,,,,,,,-0.006305529628864294,unknown,unknown,0.0,80.0
495aa7959b8ab634a60c5506a76942b2032a224ddd65f35c2bbef7f8b2eab7a8,2024-11-21,,,,,,,,,,,8.85,94.15384615384616,7.824999999999999,,,,,,,,92.90601503759399,0.13099041533546332,,,,,,,,0.013431112245501467,unknown,unknown,0.0,80.0
495aa7959b8ab634a60c5506a76942b2032a224ddd65f35c2bbef7f8b2eab7a8,2024-11-22,,,,,,,,,,,8.5375,90.53846153846153,8.633333333333333,,,,,,,,92.90601503759399,-0.011100386100386087,,,,,,,,-0.025483317718173963,unknown,unknown,0.0,75.0
495aa7959b8ab634a60c5506a76942b2032a224ddd65f35c2bbef7f8b2eab7a8,2024-11-23,,,,,,,,,,,8.65,92.17647058823529,8.69375,,,,,,,,91.63815789473685,-0.005032350826743269,,,,,,,,0.005874329055335123,unknown,unknown,0.0,80.0
495aa7959b8ab634a60c5506a76942b2032a224ddd65f35c2bbef7f8b2eab7a8,2024-11-24,,,,,,,,,,,9.033333333333333,93.75,8.65,,,,,,,,92.17647058823529,0.04431599229287085,,,,,,,,0.0170708359923421,unknown,unknown,0.0,80.0
495aa7959b8ab634a60c5506a76942b2032a224ddd65f35c2bbef7f8b2eab7a8,2024-11-25,,,,,,,,,,,8.8,95.57894736842105,8.75,,,,,,,,92.52631578947368,0.005714285714285796,,,,,,,,0.032992036405005705,unknown,unknown,0.0,82.0
495aa7959b8ab634a60c5506a76942b2032a224ddd65f35c2bbef7f8b2eab7a8,2024-11-26,,,,,,,,,,,9.216666666666667,93.53846153846153,8.8,,,,,,,,92.52631578947368,0.04734848484848478,,,,,,,,0.01093900411306548,unknown,unknown,0.0,80.0
495aa7959b8ab634a60c5506a76942b2032a224ddd65f35c2bbef7f8b2eab7a8,2024-11-27,,,,,,,,,,,9.266666666666667,92.5,8.85,,,,,,,,93.53846153846153,0.04708097928436925,,,,,,,,-0.011101973684210469,unknown,unknown,0.0,80.0
495aa7959b8ab634a60c5506a76942b2032a224ddd65f35c2bbef7f8b2eab7a8,2024-11-28,,,,,,,,,,,8.983333333333333,94.46666666666667,8.85,,,,,,,,93.53846153846153,0.015065913370998064,,,,,,,,0.009923245614035167,unknown,unknown,0.0,80.0
495aa7959b8ab634a60c5506a76942b2032a224ddd65f35c2bbef7f8b2eab7a8,2024-11-29,,,,,,,,,,,,95.0,8.983333333333333,,,,,,,,93.53846153846153,,,,,,,,,0.01562500000000006,unknown,unknown,0.0,72.0
495aa7959b8ab634a60c5506a76942b2032a224ddd65f35c2bbef7f8b2eab7a8,2024-12-01,,,,,,,,,,,9.316666666666666,95.0,9.008333333333333,,,,,,,,93.75,0.03422756706753009,,,,,,,,0.013333333333333334,unknown,unknown,0.0,82.0
495aa7959b8ab634a60c5506a76942b2032a224ddd65f35c2bbef7f8b2eab7a8,2024-12-02,,,,,,,,,,,9.366666666666667,92.88235294117646,9.125,,,,,,,,94.46666666666667,0.026484018264840235,,,,,,,,-0.01677114035451875,unknown,unknown,0.0,80.0
495aa7959b8ab634a60c5506a76942b2032a224ddd65f35c2bbef7f8b2eab7a8,2024-12-03,,,,,,,,,,,9.083333333333334,93.0,9.241666666666667,,,,,,,,94.46666666666667,-0.01713255184851216,,,,,,,,-0.01552575864502472,unknown,unknown,0.0,80.0
495aa7959b8ab634a60c5506a76942b2032a224ddd65f35c2bbef7f8b2eab7a8,2024-12-04,,,,,,,,,,,9.566666666666666,92.0,9.241666666666667,,,,,,,,93.53846153846153,0.03516681695220912,,,,,,,,-0.016447368421052575,unknown,unknown,0.0,80.0
495aa7959b8ab634a60c5506a76942b2032a224ddd65f35c2bbef7f8b2eab7a8,2024-12-05,,,,,,,,,,,8.416666666666666,92.42857142857143,9.291666666666668,,,,,,,,93.0,-0.09417040358744412,,,,,,,,-0.006144393241167413,unknown,unknown,0.0,73.0
495aa7959b8ab634a60c5506a76942b2032a224ddd65f35c2bbef7f8b2eab7a8,2024-12-06,,,,,,,,,,,8.55,91.66666666666667,9.2,,,,,,,,93.0,-0.07065217391304333,,,,,,,,-0.014336917562723964,unknown,unknown,0.0,68.0
495aa7959b8ab634a60c5506a76942b2032a224ddd65f35c2bbef7f8b2eab7a8,2024-12-07,,,,,,,,,,,8.45,94.4,9.2,,,,,,,,92.88235294117646,-0.08152173913043478,,,,,,,,0.016339455351488417,unknown,unknown,0.0,73.0
495aa7959b8ab634a60c5506a76942b2032a224ddd65f35c2bbef7f8b2eab7a8,2024-12-08,,,,,,,,,,,9.116666666666667,93.0,9.083333333333334,,,,,,,,92.88235294117646,0.0036697247706421886,,,,,,,,0.001266624445851877,unknown,unknown,0.0,80.0
495aa7959b8ab634a60c5506a76942b2032a224ddd65f35c2bbef7f8b2eab7a8,2024-12-09,,,,,,,,,,,9.166666666666666,94.21428571428571,9.083333333333334,,,,,,,,92.88235294117646,0.009174311926605373,,,,,,,,0.014339998190536513,unknown,unknown,0.0,80.0
495aa7959b8ab634a60c5506a76942b2032a224ddd65f35c2bbef7f8b2eab7a8,2024-12-10,,,,,,,,,,,9.766666666666667,92.84210526315789,9.083333333333334,,,,,,,,93.0,0.07522935779816516,,,,,,,,-0.0016977928692699974,unknown,unknown,0.0,80.0
495aa7959b8ab634a60c5506a76942b2032a224ddd65f35c2bbef7f8b2eab7a8,2024-12-11,,,,,,,,,,,9.4,93.35714285714286,9.116666666666667,,,,,,,,92.84210526315789,0.031078610603290664,,,,,,,,0.005547457078069415,unknown,unknown,0.0,80.0
495aa7959b8ab634a60c5506a76942b2032a224ddd65f35c2bbef7f8b2eab7a8,2024-12-12,,,,,,,,,,,,93.55555555555556,9.116666666666667,,,,,,,,93.0,,,,,,,,,0.005973715651135023,unknown,unknown,0.0,70.0
495aa7959b8ab634a60c5506a76942b2032a224ddd65f35c2bbef7f8b2eab7a8,2024-12-13,,,,,,,,,,,9.016666666666667,91.8,9.141666666666666,,,,,,,,93.35714285714286,-0.013673655423883125,,,,,,,,-0.016679418515684847,unknown,unknown,0.0,75.0
495aa7959b8ab634a60c5506a76942b2032a224ddd65f35c2bbef7f8b2eab7a8,2024-12-14,,,,,,,,,,,8.583333333333334,93.8,9.141666666666666,,,,,,,,93.35714285714286,-0.061075660893345325,,,,,,,,0.0047436878347359625,unknown,unknown,0.0,73.0
495aa7959b8ab634a60c5506a76942b2032a224ddd65f35c2bbef7f8b2eab7a8,2024-12-15,,,,,,,,,,,8.95,94.45454545454545,9.141666666666666,,,,,,,,93.35714285714286,-0.020966271649954397,,,,,,,,0.01175488627669188,unknown,unknown,0.0,80.0
495aa7959b8ab634a60c5506a76942b2032a224ddd65f35c2bbef7f8b2eab7a8,2024-12-16,,,,,,,,,,,9.166666666666666,94.8,9.091666666666667,,,,,,,,93.55555555555556,0.008249312557286814,,,,,,,,0.013301662707838433,unknown,unknown,0.0,80.0
495aa7959b8ab634a60c5506a76942b2032a224ddd65f35c2bbef7f8b2eab7a8,2024-12-17,,,,,,,,,,,,95.55555555555556,9.091666666666667,,,,,,,,93.55555555555556,,,,,,,,,0.021377672209026127,unknown,unknown,0.0,72.0
495aa7959b8ab634a60c5506a76942b2032a224ddd65f35c2bbef7f8b2eab7a8,2024-12-20,,,,,,,,,,,,,9.016666666666667,,,,,,,,93.8,,,,,,,,,,unknown,unknown,0.0,70.0
495aa7959b8ab634a60c5506a76942b2032a224ddd65f35c2bbef7f8b2eab7a8,2024-12-21,,,,,,,,,,,,,8.983333333333334,,,,,,,,94.12727272727273,,,,,,,,,,unknown,unknown,0.0,70.0
495aa7959b8ab634a60c5506a76942b2032a224ddd65f35c2bbef7f8b2eab7a8,2024-12-22,,,,,,,,,,,,,8.983333333333334,,,,,,,,94.45454545454545,,,,,,,,,,unknown,unknown,0.0,70.0
495aa7959b8ab634a60c5506a76942b2032a224ddd65f35c2bbef7f8b2eab7a8,2024-12-23,,,,,,,,,,,,,8.95,,,,,,,,94.62727272727273,,,,,,,,,,unknown,unknown,0.0,70.0
495aa7959b8ab634a60c5506a76942b2032a224ddd65f35c2bbef7f8b2eab7a8,2024-12-24,,,,,,,,,,,,,,,,,,,,,94.8,,,,,,,,,,unknown,unknown,0.0,70.0
495aa7959b8ab634a60c5506a76942b2032a224ddd65f35c2bbef7f8b2eab7a8,2024-12-25,,,,,,,,,,,,,,,,,,,,,,,,,,,,,,,unknown,unknown,0.0,70.0
495aa7959b8ab634a60c5506a76942b2032a224ddd65f35c2bbef7f8b2eab7a8,2024-12-31,,,,,,,,,,,,,,,,,,,,,,,,,,,,,,,unknown,unknown,0.0,70.0
495aa7959b8ab634a60c5506a76942b2032a224ddd65f35c2bbef7f8b2eab7a8,2025-01-01,,,,,,,,,,,,,,,,,,,,,,,,,,,,,,,unknown,unknown,0.0,70.0
495aa7959b8ab634a60c5506a76942b2032a224ddd65f35c2bbef7f8b2eab7a8,2025-01-02,,,,,,,,,,,9.15,92.0,,,,,,,,,,,,,,,,,,,unknown,unknown,0.0,70.0
495aa7959b8ab634a60c5506a76942b2032a224ddd65f35c2bbef7f8b2eab7a8,2025-01-03,,,,,,,,,,,9.316666666666666,93.07142857142857,,,,,,,,,,,,,,,,,,,unknown,unknown,0.0,70.0
495aa7959b8ab634a60c5506a76942b2032a224ddd65f35c2bbef7f8b2eab7a8,2025-01-04,,,,,,,,,,,8.166666666666666,86.0,,,,,,,,,,,,,,,,,,,unknown,unknown,0.0,65.0
495aa7959b8ab634a60c5506a76942b2032a224ddd65f35c2bbef7f8b2eab7a8,2025-01-05,,,,,,,,,,,9.166666666666666,92.25,9.15,,,,,,,,92.0,0.0018214936247722096,,,,,,,,0.002717391304347826,unknown,unknown,0.0,80.0
495aa7959b8ab634a60c5506a76942b2032a224ddd65f35c2bbef7f8b2eab7a8,2025-01-06,,,,,,,,,,,9.666666666666666,94.66666666666667,9.158333333333333,,,,,,,,92.125,0.05550500454959049,,,,,,,,0.027589326096788835,unknown,unknown,0.0,80.0
495aa7959b8ab634a60c5506a76942b2032a224ddd65f35c2bbef7f8b2eab7a8,2025-01-07,,,,,,,,,,,9.016666666666667,93.78947368421052,9.166666666666666,,,,,,,,92.25,-0.01636363636363621,,,,,,,,0.016688061617458214,unknown,unknown,0.0,80.0
495aa7959b8ab634a60c5506a76942b2032a224ddd65f35c2bbef7f8b2eab7a8,2025-01-08,,,,,,,,,,,9.4,92.58333333333333,9.158333333333333,,,,,,,,92.66071428571428,0.026387625113739814,,,,,,,,-0.0008350998907945932,unknown,unknown,0.0,80.0
495aa7959b8ab634a60c5506a76942b2032a224ddd65f35c2bbef7f8b2eab7a8,2025-01-09,,,,,,,,,,,8.766666666666667,90.75,9.166666666666666,,,,,,,,92.58333333333333,-0.04363636363636349,,,,,,,,-0.01980198019801975,unknown,unknown,0.0,75.0
495aa7959b8ab634a60c5506a76942b2032a224ddd65f35c2bbef7f8b2eab7a8,2025-01-10,,,,,,,,,,,7.133333333333334,93.25,9.166666666666666,,,,,,,,92.58333333333333,-0.22181818181818172,,,,,,,,0.0072007200720072525,unknown,unknown,0.0,60.0
495aa7959b8ab634a60c5506a76942b2032a224ddd65f35c2bbef7f8b2eab7a8,2025-01-11,,,,,,,,,,,5.833333333333333,93.53333333333333,9.016666666666667,,,,,,,,92.58333333333333,-0.3530499075785583,,,,,,,,0.010261026102610293,unknown,unknown,0.0,50.0
495aa7959b8ab634a60c5506a76942b2032a224ddd65f35c2bbef7f8b2eab7a8,2025-01-12,,,,,,,,,,,,92.2,9.016666666666667,,,,,,,,93.25,,,,,,,,,-0.011260053619302919,unknown,unknown,0.0,70.0
495aa7959b8ab634a60c5506a76942b2032a224ddd65f35c2bbef7f8b2eab7a8,2025-01-13,,,,,,,,,,,9.55,91.66666666666667,8.891666666666667,,,,,,,,93.25,0.0740393626991565,,,,,,,,-0.016979445933869474,unknown,unknown,0.0,75.0
495aa7959b8ab634a60c5506a76942b2032a224ddd65f35c2bbef7f8b2eab7a8,2025-01-14,,,,,,,,,,,,91.5,8.891666666666667,,,,,,,,92.58333333333333,,,,,,,,,-0.01170117011701165,unknown,unknown,0.0,65.0
495aa7959b8ab634a60c5506a76942b2032a224ddd65f35c2bbef7f8b2eab7a8,2025-01-15,,,,,,,,,,,9.133333333333333,92.2,8.766666666666667,,,,,,,,92.2,0.041825095057034065,,,,,,,,0.0,unknown,unknown,0.0,80.0
495aa7959b8ab634a60c5506a76942b2032a224ddd65f35c2bbef7f8b2eab7a8,2025-01-16,,,,,,,,,,,,93.16666666666667,8.766666666666667,,,,,,,,92.2,,,,,,,,,0.010484454085321785,unknown,unknown,0.0,70.0
495aa7959b8ab634a60c5506a76942b2032a224ddd65f35c2bbef7f8b2eab7a8,2025-01-17,,,,,,,,,,,,,8.133333333333333,,,,,,,,92.2,,,,,,,,,,unknown,unknown,0.0,70.0
495aa7959b8ab634a60c5506a76942b2032a224ddd65f35c2bbef7f8b2eab7a8,2025-01-20,,,,,,,,,,,9.25,91.75,9.133333333333333,,,,,,,,92.2,0.012773722627737278,,,,,,,,-0.004880694143167059,unknown,unknown,0.0,75.0
495aa7959b8ab634a60c5506a76942b2032a224ddd65f35c2bbef7f8b2eab7a8,2025-01-21,,,,,,,,,,,6.8,91.1,9.25,,,,,,,,91.975,-0.2648648648648649,,,,,,,,-0.009513454743136723,unknown,unknown,0.0,55.0
495aa7959b8ab634a60c5506a76942b2032a224ddd65f35c2bbef7f8b2eab7a8,2025-01-22,,,,,,,,,,,7.933333333333334,91.35714285714286,9.191666666666666,,,,,,,,91.70833333333334,-0.13689936536718036,,,,,,,,-0.0038294281819952554,unknown,unknown,0.0,68.0
495aa7959b8ab634a60c5506a76942b2032a224ddd65f35c2bbef7f8b2eab7a8,2025-01-23,,,,,,,,,,,,92.0,8.533333333333333,,,,,,,,91.625,,,,,,,,,0.004092769440654843,unknown,unknown,0.0,70.0
495aa7959b8ab634a60c5506a76942b2032a224ddd65f35c2bbef7f8b2eab7a8,2025-01-24,,,,,,,,,,,7.833333333333333,94.33333333333333,8.533333333333333,,,,,,,,91.875,-0.08203125000000003,,,,,,,,0.02675736961451242,unknown,unknown,0.0,73.0
495aa7959b8ab634a60c5506a76942b2032a224ddd65f35c2bbef7f8b2eab7a8,2025-01-25,,,,,,,,,,,9.85,93.91666666666667,7.883333333333333,,,,,,,,91.875,0.24947145877378438,,,,,,,,0.022222222222222275,unknown,unknown,0.0,80.0
495aa7959b8ab634a60c5506a76942b2032a224ddd65f35c2bbef7f8b2eab7a8,2025-01-26,,,,,,,,,,,8.416666666666666,94.35714285714286,7.933333333333334,,,,,,,,91.875,0.060924369747899054,,,,,,,,0.027016520894071958,unknown,unknown,0.0,80.0
495aa7959b8ab634a60c5506a76942b2032a224ddd65f35c2bbef7f8b2eab7a8,2025-01-27,,,,,,,,,,,,95.44444444444444,8.175,,,,,,,,92.0,,,,,,,,,0.037439613526570034,unknown,unknown,0.0,72.0
495aa7959b8ab634a60c5506a76942b2032a224ddd65f35c2bbef7f8b2eab7a8,2025-01-28,,,,,,,,,,,9.416666666666666,92.5,7.933333333333334,,,,,,,,93.91666666666667,0.18697478991596628,,,,,,,,-0.015084294587400227,unknown,unknown,0.0,80.0
495aa7959b8ab634a60c5506a76942b2032a224ddd65f35c2bbef7f8b2eab7a8,2025-01-29,,,,,,,,,,,9.75,94.33333333333333,8.416666666666666,,,,,,,,93.91666666666667,0.1584158415841585,,,,,,,,0.004436557231588187,unknown,unknown,0.0,80.0
495aa7959b8ab634a60c5506a76942b2032a224ddd65f35c2bbef7f8b2eab7a8,2025-01-30,,,,,,,,,,,8.683333333333334,95.41666666666667,9.416666666666666,,,,,,,,94.33333333333333,-0.07787610619469018,,,,,,,,0.01148409893992943,unknown,unknown,0.0,75.0
495aa7959b8ab634a60c5506a76942b2032a224ddd65f35c2bbef7f8b2eab7a8,2025-01-31,,,,,,,,,,,,,9.05,,,,,,,,94.33333333333333,,,,,,,,,,unknown,unknown,0.0,70.0
495aa7959b8ab634a60c5506a76942b2032a224ddd65f35c2bbef7f8b2eab7a8,2025-02-01,,,,,,,,,,,10.283333333333333,92.5,9.416666666666666,,,,,,,,94.3452380952381,0.09203539823008855,,,,,,,,-0.019558359621451176,unknown,unknown,0.0,80.0
495aa7959b8ab634a60c5506a76942b2032a224ddd65f35c2bbef7f8b2eab7a8,2025-02-02,,,,,,,,,,,,,9.416666666666666,,,,,,,,94.3452380952381,,,,,,,,,,unknown,unknown,0.0,70.0
495aa7959b8ab634a60c5506a76942b2032a224ddd65f35c2bbef7f8b2eab7a8,2025-02-03,,,,,,,,,,,9.383333333333333,93.28571428571429,9.583333333333332,,,,,,,,94.33333333333333,-0.020869565217391233,,,,,,,,-0.011105502271579895,unknown,unknown,0.0,80.0
495aa7959b8ab634a60c5506a76942b2032a224ddd65f35c2bbef7f8b2eab7a8,2025-02-04,,,,,,,,,,,8.966666666666667,94.66666666666667,9.416666666666666,,,,,,,,93.28571428571429,-0.047787610619468956,,,,,,,,0.014803471158754451,unknown,unknown,0.0,80.0
495aa7959b8ab634a60c5506a76942b2032a224ddd65f35c2bbef7f8b2eab7a8,2025-02-05,,,,,,,,,,,9.716666666666667,93.3125,9.383333333333333,,,,,,,,94.33333333333333,0.035523978685612856,,,,,,,,-0.010821554770317971,unknown,unknown,0.0,80.0
495aa7959b8ab634a60c5506a76942b2032a224ddd65f35c2bbef7f8b2eab7a8,2025-02-06,,,,,,,,,,,8.683333333333334,93.66666666666667,9.383333333333333,,,,,,,,93.3125,-0.07460035523978678,,,,,,,,0.003795490064746646,unknown,unknown,0.0,73.0
495aa7959b8ab634a60c5506a76942b2032a224ddd65f35c2bbef7f8b2eab7a8,2025-02-07,,,,,,,,,,,9.4,94.06666666666666,9.383333333333333,,,,,,,,93.3125,0.001776198934280728,,,,,,,,0.00808216119669565,unknown,unknown,0.0,80.0
495aa7959b8ab634a60c5506a76942b2032a224ddd65f35c2bbef7f8b2eab7a8,2025-02-08,,,,,,,,,,,7.666666666666667,93.92857142857143,9.391666666666666,,,,,,,,93.48958333333334,-0.183673469387755,,,,,,,,0.0046955829685633894,unknown,unknown,0.0,60.0
495aa7959b8ab634a60c5506a76942b2032a224ddd65f35c2bbef7f8b2eab7a8,2025-02-09,,,,,,,,,,,,,9.175,,,,,,,,93.79761904761905,,,,,,,,,,unknown,unknown,0.0,70.0
495aa7959b8ab634a60c5506a76942b2032a224ddd65f35c2bbef7f8b2eab7a8,2025-02-10,,,,,,,,,,,,95.0,9.175,,,,,,,,93.79761904761905,,,,,,,,,0.012818885645386434,unknown,unknown,0.0,72.0
495aa7959b8ab634a60c5506a76942b2032a224ddd65f35c2bbef7f8b2eab7a8,2025-02-11,,,,,,,,,,,,91.0,8.966666666666667,,,,,,,,93.99761904761905,,,,,,,,,-0.03189037209655773,unknown,unknown,0.0,65.0
495aa7959b8ab634a60c5506a76942b2032a224ddd65f35c2bbef7f8b2eab7a8,2025-02-12,,,,,,,,,,,,,9.041666666666668,,,,,,,,93.79761904761905,,,,,,,,,,unknown,unknown,0.0,70.0
495aa7959b8ab634a60c5506a76942b2032a224ddd65f35c2bbef7f8b2eab7a8,2025-02-13,,,,,,,,,,,7.95,88.5,8.683333333333334,,,,,,,,93.92857142857143,-0.08445297504798464,,,,,,,,-0.05779467680608367,unknown,unknown,0.0,68.0
495aa7959b8ab634a60c5506a76942b2032a224ddd65f35c2bbef7f8b2eab7a8,2025-02-14,,,,,,,,,,,8.666666666666666,91.75,7.95,,,,,,,,93.92857142857143,0.09014675052410892,,,,,,,,-0.02319391634980991,unknown,unknown,0.0,75.0
495aa7959b8ab634a60c5506a76942b2032a224ddd65f35c2bbef7f8b2eab7a8,2025-02-15,,,,,,,,,,,10.083333333333334,93.66666666666667,7.95,,,,,,,,91.75,0.2683438155136269,,,,,,,,0.02089009990917353,unknown,unknown,0.0,80.0
495aa7959b8ab634a60c5506a76942b2032a224ddd65f35c2bbef7f8b2eab7a8,2025-02-16,,,,,,,,,,,8.766666666666667,93.71428571428571,8.666666666666666,,,,,,,,91.75,0.011538461538461704,,,,,,,,0.021409108602569026,unknown,unknown,0.0,80.0
495aa7959b8ab634a60c5506a76942b2032a224ddd65f35c2bbef7f8b2eab7a8,2025-02-17,,,,,,,,,,,9.333333333333334,94.0,8.716666666666667,,,,,,,,92.70833333333334,0.07074569789674957,,,,,,,,0.013932584269662818,unknown,unknown,0.0,80.0
495aa7959b8ab634a60c5506a76942b2032a224ddd65f35c2bbef7f8b2eab7a8,2025-02-18,,,,,,,,,,,9.333333333333334,91.47058823529412,8.766666666666667,,,,,,,,92.70833333333334,0.06463878326996195,,,,,,,,-0.013350958360872557,unknown,unknown,0.0,75.0
495aa7959b8ab634a60c5506a76942b2032a224ddd65f35c2bbef7f8b2eab7a8,2025-02-19,,,,,,,,,,,9.216666666666667,94.07692307692308,9.05,,,,,,,,92.70833333333334,0.01841620626151006,,,,,,,,0.014762316335349975,unknown,unknown,0.0,80.0
495aa7959b8ab634a60c5506a76942b2032a224ddd65f35c2bbef7f8b2eab7a8,2025-02-20,,,,,,,,,,,8.6,93.93333333333334,9.216666666666667,,,,,,,,93.66666666666667,-0.06690777576853531,,,,,,,,0.0028469750889679613,unknown,unknown,0.0,73.0
495aa7959b8ab634a60c5506a76942b2032a224ddd65f35c2bbef7f8b2eab7a8,2025-02-21,,,,,,,,,,,7.366666666666666,93.25,9.216666666666667,,,,,,,,93.71428571428571,-0.20072332730560585,,,,,,,,-0.004954268292682862,unknown,unknown,0.0,60.0
495aa7959b8ab634a60c5506a76942b2032a224ddd65f35c2bbef7f8b2eab7a8,2025-02-22,,,,,,,,,,,8.933333333333334,92.76470588235294,9.216666666666667,,,,,,,,93.71428571428571,-0.03074141048824592,,,,,,,,-0.010132711621233786,unknown,unknown,0.0,80.0
495aa7959b8ab634a60c5506a76942b2032a224ddd65f35c2bbef7f8b2eab7a8,2025-02-23,,,,,,,,,,,9.032777777777778,95.28571428571429,8.933333333333334,,,,,,,,93.71428571428571,0.011131840796019851,,,,,,,,0.01676829268292696,unknown,unknown,0.0,82.0
495aa7959b8ab634a60c5506a76942b2032a224ddd65f35c2bbef7f8b2eab7a8,2025-02-24,,,,,,,,,,,,,9.032777777777778,,,,,,,,93.93333333333334,,,,,,,,,,unknown,unknown,0.0,70.0
495aa7959b8ab634a60c5506a76942b2032a224ddd65f35c2bbef7f8b2eab7a8,2025-02-25,,,,,,,,,,,,,8.983055555555556,,,,,,,,93.59166666666667,,,,,,,,,,unknown,unknown,0.0,70.0
495aa7959b8ab634a60c5506a76942b2032a224ddd65f35c2bbef7f8b2eab7a8,2025-02-26,,,,,,,,,,,,,8.933333333333334,,,,,,,,93.93333333333334,,,,,,,,,,unknown,unknown,0.0,70.0
495aa7959b8ab634a60c5506a76942b2032a224ddd65f35c2bbef7f8b2eab7a8,2025-02-27,,,,,,,,,,,,,8.766666666666666,,,,,,,,93.59166666666667,,,,,,,,,,unknown,unknown,0.0,70.0
495aa7959b8ab634a60c5506a76942b2032a224ddd65f35c2bbef7f8b2eab7a8,2025-02-28,,,,,,,,,,,,,8.933333333333334,,,,,,,,93.25,,,,,,,,,,unknown,unknown,0.0,70.0
495aa7959b8ab634a60c5506a76942b2032a224ddd65f35c2bbef7f8b2eab7a8,2025-03-01,,,,,,,,,,,,,,,,,,,,,,,,,,,,,,,unknown,unknown,0.0,70.0
495aa7959b8ab634a60c5506a76942b2032a224ddd65f35c2bbef7f8b2eab7a8,2025-03-02,,,,,,,,,,,,,,,,,,,,,,,,,,,,,,,unknown,unknown,0.0,70.0
495aa7959b8ab634a60c5506a76942b2032a224ddd65f35c2bbef7f8b2eab7a8,2025-03-03,,,,,,,,,,,,,,,,,,,,,,,,,,,,,,,unknown,unknown,0.0,70.0
495aa7959b8ab634a60c5506a76942b2032a224ddd65f35c2bbef7f8b2eab7a8,2025-03-04,,,,,,,,,,,,,,,,,,,,,,,,,,,,,,,unknown,unknown,0.0,70.0
495aa7959b8ab634a60c5506a76942b2032a224ddd65f35c2bbef7f8b2eab7a8,2025-03-05,,,,,,,,,,,,,,,,,,,,,,,,,,,,,,,unknown,unknown,0.0,70.0
495aa7959b8ab634a60c5506a76942b2032a224ddd65f35c2bbef7f8b2eab7a8,2025-03-06,,,,,,,,,,,,,,,,,,,,,,,,,,,,,,,unknown,unknown,0.0,70.0
495aa7959b8ab634a60c5506a76942b2032a224ddd65f35c2bbef7f8b2eab7a8,2025-03-07,,,,,,,,,,,,,,,,,,,,,,,,,,,,,,,unknown,unknown,0.0,70.0
495aa7959b8ab634a60c5506a76942b2032a224ddd65f35c2bbef7f8b2eab7a8,2025-03-08,,,,,,,,,,,,,,,,,,,,,,,,,,,,,,,unknown,unknown,0.0,70.0
495aa7959b8ab634a60c5506a76942b2032a224ddd65f35c2bbef7f8b2eab7a8,2025-03-09,,,,,,,,,,,,,,,,,,,,,,,,,,,,,,,unknown,unknown,0.0,70.0
495aa7959b8ab634a60c5506a76942b2032a224ddd65f35c2bbef7f8b2eab7a8,2025-03-10,,,,,,,,,,,9.25,91.5,,,,,,,,,,,,,,,,,,,unknown,unknown,0.0,65.0
495aa7959b8ab634a60c5506a76942b2032a224ddd65f35c2bbef7f8b2eab7a8,2025-03-11,,,,,,,,,,,,91.72727272727273,,,,,,,,,,,,,,,,,,,unknown,unknown,0.0,65.0
495aa7959b8ab634a60c5506a76942b2032a224ddd65f35c2bbef7f8b2eab7a8,2025-03-12,,,,,,,,,,,,,,,,,,,,,,,,,,,,,,,unknown,unknown,0.0,70.0
495aa7959b8ab634a60c5506a76942b2032a224ddd65f35c2bbef7f8b2eab7a8,2025-03-13,,,,,,,,,,,,,,,,,,,,,,,,,,,,,,,unknown,unknown,0.0,70.0
495aa7959b8ab634a60c5506a76942b2032a224ddd65f35c2bbef7f8b2eab7a8,2025-03-14,,,,,,,,,,,,,,,,,,,,,,,,,,,,,,,unknown,unknown,0.0,70.0
495aa7959b8ab634a60c5506a76942b2032a224ddd65f35c2bbef7f8b2eab7a8,2025-03-15,,,,,,,,,,,,94.0,,,,,,,,,,,,,,,,,,,unknown,unknown,0.0,70.0
495aa7959b8ab634a60c5506a76942b2032a224ddd65f35c2bbef7f8b2eab7a8,2025-04-16,,,,,,,,,,,,87.6,,,,,,,,,91.72727272727273,,,,,,,,,-0.044995044598612616,unknown,unknown,0.0,65.0
495aa7959b8ab634a60c5506a76942b2032a224ddd65f35c2bbef7f8b2eab7a8,2025-04-17,,,,,,,,,,,7.05,89.1,,,,,,,,,91.61363636363637,,,,,,,,,-0.027437360456462587,unknown,unknown,0.0,65.0
495aa7959b8ab634a60c5506a76942b2032a224ddd65f35c2bbef7f8b2eab7a8,2025-04-18,,,,,,,,,,,,91.9090909090909,,,,,,,,,90.41363636363636,,,,,,,,,0.01654014378362078,unknown,unknown,0.0,65.0
495aa7959b8ab634a60c5506a76942b2032a224ddd65f35c2bbef7f8b2eab7a8,2025-04-19,,,,,,,,,,,7.483333333333333,91.0,,,,,,,,,90.50454545454545,,,,,,,,,0.005474360906031888,unknown,unknown,0.0,65.0
495aa7959b8ab634a60c5506a76942b2032a224ddd65f35c2bbef7f8b2eab7a8,2025-04-20,,,,,,,,,,,,90.72727272727273,,,,,,,,,91.0,,,,,,,,,-0.002997002997002926,unknown,unknown,0.0,65.0
495aa7959b8ab634a60c5506a76942b2032a224ddd65f35c2bbef7f8b2eab7a8,2025-04-21,,,,,,,,,,,,,,,,,,,,,90.86363636363637,,,,,,,,,,unknown,unknown,0.0,70.0
495aa7959b8ab634a60c5506a76942b2032a224ddd65f35c2bbef7f8b2eab7a8,2025-04-25,,,,,,,,,,,3.9833333333333334,93.5,,,,,,,,,90.86363636363637,,,,,,,,,0.029014507253626698,unknown,unknown,0.0,70.0
495aa7959b8ab634a60c5506a76942b2032a224ddd65f35c2bbef7f8b2eab7a8,2025-04-26,,,,,,,,,,,,89.8,7.05,,,,,,,,90.86363636363637,,,,,,,,,-0.011705852926463376,unknown,unknown,0.0,65.0
495aa7959b8ab634a60c5506a76942b2032a224ddd65f35c2bbef7f8b2eab7a8,2025-04-27,,,,,,,,,,,9.25,90.83333333333333,7.05,,,,,,,,90.86363636363637,0.3120567375886525,,,,,,,,-0.00033350008337518667,unknown,unknown,0.0,75.0
495aa7959b8ab634a60c5506a76942b2032a224ddd65f35c2bbef7f8b2eab7a8,2025-04-28,,,,,,,,,,,8.65,91.125,7.483333333333333,,,,,,,,90.91666666666666,0.15590200445434302,,,,,,,,0.0022914757103575747,unknown,unknown,0.0,75.0
495aa7959b8ab634a60c5506a76942b2032a224ddd65f35c2bbef7f8b2eab7a8,2025-04-29,,,,,,,,,,,10.383333333333333,91.8,8.066666666666666,,,,,,,,90.91666666666666,0.2871900826446281,,,,,,,,0.009715857011915748,unknown,unknown,0.0,75.0
495aa7959b8ab634a60c5506a76942b2032a224ddd65f35c2bbef7f8b2eab7a8,2025-04-30,,,,,,,,,,,7.716666666666667,94.1875,8.95,,,,,,,,90.97916666666666,-0.13780260707635,,,,,,,,0.035264483627204135,unknown,unknown,0.0,73.0
495aa7959b8ab634a60c5506a76942b2032a224ddd65f35c2bbef7f8b2eab7a8,2025-05-01,,,,,,,,,,,,92.33333333333333,8.65,,,,,,,,91.4625,,,,,,,,,0.009521206323174228,unknown,unknown,0.0,70.0
495aa7959b8ab634a60c5506a76942b2032a224ddd65f35c2bbef7f8b2eab7a8,2025-05-02,,,,,,,,,,,8.833333333333334,,8.65,,,,,,,,91.8,0.021194605009633938,,,,,,,,,unknown,unknown,0.0,80.0
495aa7959b8ab634a60c5506a76942b2032a224ddd65f35c2bbef7f8b2eab7a8,2025-05-03,,,,,,,,,,,9.266666666666667,89.66666666666667,8.833333333333334,,,,,,,,91.4625,0.04905660377358493,,,,,,,,-0.01963464079085236,unknown,unknown,0.0,75.0
495aa7959b8ab634a60c5506a76942b2032a224ddd65f35c2bbef7f8b2eab7a8,2025-05-04,,,,,,,,,,,9.066666666666666,91.75,9.041666666666668,,,,,,,,91.4625,0.002764976958525188,,,,,,,,0.0031433647669809406,unknown,unknown,0.0,75.0
495aa7959b8ab634a60c5506a76942b2032a224ddd65f35c2bbef7f8b2eab7a8,2025-05-05,,,,,,,,,,,9.333333333333334,90.07692307692308,8.95,,,,,,,,91.775,0.0428305400372441,,,,,,,,-0.018502608804978758,unknown,unknown,0.0,75.0
495aa7959b8ab634a60c5506a76942b2032a224ddd65f35c2bbef7f8b2eab7a8,2025-05-06,,,,,,,,,,,9.05,88.6,9.166666666666668,,,,,,,,91.775,-0.012727272727272778,,,,,,,,-0.03459547807137032,unknown,unknown,0.0,75.0
495aa7959b8ab634a60c5506a76942b2032a224ddd65f35c2bbef7f8b2eab7a8,2025-05-07,,,,,,,,,,,5.483333333333333,92.92857142857143,9.058333333333334,,,,,,,,90.91346153846155,-0.39466421343146274,,,,,,,,0.022165143159326054,unknown,unknown,0.0,50.0
495aa7959b8ab634a60c5506a76942b2032a224ddd65f35c2bbef7f8b2eab7a8,2025-05-08,,,,,,,,,,,9.133333333333333,91.8,9.058333333333334,,,,,,,,90.91346153846155,0.008279668813247392,,,,,,,,0.009751454257006745,unknown,unknown,0.0,75.0
495aa7959b8ab634a60c5506a76942b2032a224ddd65f35c2bbef7f8b2eab7a8,2025-05-09,,,,,,,,,,,,89.4,9.066666666666666,,,,,,,,90.91346153846155,,,,,,,,,-0.016647276573241703,unknown,unknown,0.0,65.0
495aa7959b8ab634a60c5506a76942b2032a224ddd65f35c2bbef7f8b2eab7a8,2025-05-10,,,,,,,,,,,,,9.1,,,,,,,,90.07692307692308,,,,,,,,,,unknown,unknown,0.0,70.0
495aa7959b8ab634a60c5506a76942b2032a224ddd65f35c2bbef7f8b2eab7a8,2025-05-11,,,,,,,,,,,9.95,91.5,9.066666666666666,,,,,,,,90.91346153846155,0.09742647058823524,,,,,,,,0.006451612903225709,unknown,unknown,0.0,75.0
495aa7959b8ab634a60c5506a76942b2032a224ddd65f35c2bbef7f8b2eab7a8,2025-05-12,,,,,,,,,,,8.3,91.4375,9.133333333333333,,,,,,,,90.78846153846155,-0.09124087591240863,,,,,,,,0.007148909129421636,unknown,unknown,0.0,68.0
495aa7959b8ab634a60c5506a76942b2032a224ddd65f35c2bbef7f8b2eab7a8,2025-05-13,,,,,,,,,,,9.433333333333334,95.16666666666667,9.05,,,,,,,,91.46875,0.042357274401473244,,,,,,,,0.0404281972440497,unknown,unknown,0.0,82.0
495aa7959b8ab634a60c5506a76942b2032a224ddd65f35c2bbef7f8b2eab7a8,2025-05-14,,,,,,,,,,,,91.375,9.133333333333333,,,,,,,,91.65,,,,,,,,,-0.003000545553737105,unknown,unknown,0.0,65.0
495aa7959b8ab634a60c5506a76942b2032a224ddd65f35c2bbef7f8b2eab7a8,2025-05-15,,,,,,,,,,,6.616666666666666,92.2,9.283333333333333,,,,,,,,91.46875,-0.2872531418312388,,,,,,,,0.007994533652203652,unknown,unknown,0.0,60.0
495aa7959b8ab634a60c5506a76942b2032a224ddd65f35c2bbef7f8b2eab7a8,2025-05-16,,,,,,,,,,,9.516666666666667,91.91666666666667,8.866666666666667,,,,,,,,91.46875,0.07330827067669177,,,,,,,,0.004896936567589165,unknown,unknown,0.0,75.0
495aa7959b8ab634a60c5506a76942b2032a224ddd65f35c2bbef7f8b2eab7a8,2025-05-17,,,,,,,,,,,6.15,95.625,9.433333333333334,,,,,,,,91.70833333333334,-0.3480565371024735,,,,,,,,0.04270786006360734,unknown,unknown,0.0,52.0
495aa7959b8ab634a60c5506a76942b2032a224ddd65f35c2bbef7f8b2eab7a8,2025-05-18,,,,,,,,,,,9.366666666666667,92.5,8.866666666666667,,,,,,,,91.91666666666667,0.05639097744360902,,,,,,,,0.006346328195829504,unknown,unknown,0.0,80.0
495aa7959b8ab634a60c5506a76942b2032a224ddd65f35c2bbef7f8b2eab7a8,2025-05-19,,,,,,,,,,,9.183333333333334,92.8,8.833333333333334,,,,,,,,92.2,0.03962264150943392,,,,,,,,0.006507592190889309,unknown,unknown,0.0,80.0
495aa7959b8ab634a60c5506a76942b2032a224ddd65f35c2bbef7f8b2eab7a8,2025-05-20,,,,,,,,,,,9.15,91.25,9.275,,,,,,,,92.5,-0.013477088948787061,,,,,,,,-0.013513513513513514,unknown,unknown,0.0,75.0
495aa7959b8ab634a60c5506a76942b2032a224ddd65f35c2bbef7f8b2eab7a8,2025-05-21,,,,,,,,,,,8.533333333333333,94.75,9.166666666666668,,,,,,,,92.2,-0.06909090909090923,,,,,,,,0.027657266811279793,unknown,unknown,0.0,73.0
495aa7959b8ab634a60c5506a76942b2032a224ddd65f35c2bbef7f8b2eab7a8,2025-05-22,,,,,,,,,,,8.566666666666666,93.06666666666666,9.15,,,,,,,,92.5,-0.06375227686703103,,,,,,,,0.006126126126126085,unknown,unknown,0.0,73.0
495aa7959b8ab634a60c5506a76942b2032a224ddd65f35c2bbef7f8b2eab7a8,2025-05-23,,,,,,,,,,,6.9,91.2,9.15,,,,,,,,92.8,-0.2459016393442623,,,,,,,,-0.01724137931034477,unknown,unknown,0.0,55.0
495aa7959b8ab634a60c5506a76942b2032a224ddd65f35c2bbef7f8b2eab7a8,2025-05-24,,,,,,,,,,,8.283333333333333,90.53846153846153,8.566666666666666,,,,,,,,92.8,-0.03307392996108948,,,,,,,,-0.024370026525198967,unknown,unknown,0.0,75.0
495aa7959b8ab634a60c5506a76942b2032a224ddd65f35c2bbef7f8b2eab7a8,2025-05-25,,,,,,,,,,,8.883333333333333,91.28571428571429,8.566666666666666,,,,,,,,92.5,0.036964980544747054,,,,,,,,-0.013127413127413062,unknown,unknown,0.0,75.0
495aa7959b8ab634a60c5506a76942b2032a224ddd65f35c2bbef7f8b2eab7a8,2025-05-26,,,,,,,,,,,,93.93333333333334,8.566666666666666,,,,,,,,91.28571428571429,,,,,,,,,0.02900365153886278,unknown,unknown,0.0,70.0
495aa7959b8ab634a60c5506a76942b2032a224ddd65f35c2bbef7f8b2eab7a8,2025-05-27,,,,,,,,,,,,93.0,8.55,,,,,,,,91.28571428571429,,,,,,,,,0.018779342723004626,unknown,unknown,0.0,70.0
495aa7959b8ab634a60c5506a76942b2032a224ddd65f35c2bbef7f8b2eab7a8,2025-05-28,,,,,,,,,,,8.333333333333334,92.53846153846153,8.533333333333333,,,,,,,,93.0,-0.023437499999999917,,,,,,,,-0.004962779156327602,unknown,unknown,0.0,80.0
495aa7959b8ab634a60c5506a76942b2032a224ddd65f35c2bbef7f8b2eab7a8,2025-05-29,,,,,,,,,,,8.715555555555556,94.0,8.333333333333334,,,,,,,,92.53846153846153,0.04586666666666658,,,,,,,,0.015793848711554506,unknown,unknown,0.0,80.0
495aa7959b8ab634a60c5506a76942b2032a224ddd65f35c2bbef7f8b2eab7a8,2025-05-30,,,,,,,,,,,8.783333333333333,94.0,8.333333333333334,,,,,,,,92.53846153846153,0.05399999999999991,,,,,,,,0.015793848711554506,unknown,unknown,0.0,80.0
495aa7959b8ab634a60c5506a76942b2032a224ddd65f35c2bbef7f8b2eab7a8,2025-05-31,,,,,,,,,,,8.85,93.55,8.715555555555556,,,,,,,,93.0,0.015425803161652185,,,,,,,,0.005913978494623625,unknown,unknown,0.0,80.0
495aa7959b8ab634a60c5506a76942b2032a224ddd65f35c2bbef7f8b2eab7a8,2025-06-01,,,,,,,,,,,9.316666666666666,94.16666666666667,8.783333333333333,,,,,,,,93.55,0.06072106261859581,,,,,,,,0.006591840370568405,unknown,unknown,0.0,80.0
495aa7959b8ab634a60c5506a76942b2032a224ddd65f35c2bbef7f8b2eab7a8,2025-06-02,,,,,,,,,,,8.55,92.22222222222223,8.783333333333333,,,,,,,,93.93333333333334,-0.02656546489563558,,,,,,,,-0.018216229004021738,unknown,unknown,0.0,80.0
495aa7959b8ab634a60c5506a76942b2032a224ddd65f35c2bbef7f8b2eab7a8,2025-06-03,,,,,,,,,,,8.9,92.83333333333333,8.749444444444444,,,,,,,,93.55,0.017207441742332897,,,,,,,,-0.007660787457687532,unknown,unknown,0.0,80.0
495aa7959b8ab634a60c5506a76942b2032a224ddd65f35c2bbef7f8b2eab7a8,2025-06-04,,,,,,,,,,,8.016666666666667,93.38095238095238,8.783333333333333,,,,,,,,93.55,-0.0872865275142314,,,,,,,,-0.0018070295996538489,unknown,unknown,0.0,73.0
495aa7959b8ab634a60c5506a76942b2032a224ddd65f35c2bbef7f8b2eab7a8,2025-06-05,,,,,,,,,,,,,8.783333333333333,,,,,,,,93.55,,,,,,,,,,unknown,unknown,0.0,70.0
495aa7959b8ab634a60c5506a76942b2032a224ddd65f35c2bbef7f8b2eab7a8,2025-06-06,,,,,,,,,,,6.55,93.25,8.816666666666666,,,,,,,,93.46547619047618,-0.2570888468809074,,,,,,,,-0.002305409433072974,unknown,unknown,0.0,60.0
495aa7959b8ab634a60c5506a76942b2032a224ddd65f35c2bbef7f8b2eab7a8,2025-06-07,,,,,,,,,,,7.983333333333333,92.08333333333333,8.7,,,,,,,,93.31547619047619,-0.08237547892720298,,,,,,,,-0.013204056898641365,unknown,unknown,0.0,73.0
495aa7959b8ab634a60c5506a76942b2032a224ddd65f35c2bbef7f8b2eab7a8,2025-06-08,,,,,,,,,,,,93.625,8.283333333333335,,,,,,,,93.04166666666666,,,,,,,,,0.00626959247648913,unknown,unknown,0.0,70.0
495aa7959b8ab634a60c5506a76942b2032a224ddd65f35c2bbef7f8b2eab7a8,2025-06-09,,,,,,,,,,,,,8.016666666666667,,,,,,,,93.04166666666666,,,,,,,,,,unknown,unknown,0.0,70.0
495aa7959b8ab634a60c5506a76942b2032a224ddd65f35c2bbef7f8b2eab7a8,2025-06-10,,,,,,,,,,,11.70111111111111,92.0,8.0,,,,,,,,93.25,0.4626388888888888,,,,,,,,-0.013404825737265416,unknown,unknown,0.0,80.0
495aa7959b8ab634a60c5506a76942b2032a224ddd65f35c2bbef7f8b2eab7a8,2025-06-11,,,,,,,,,,,7.266666666666667,93.86666666666666,8.0,,,,,,,,93.25,-0.09166666666666667,,,,,,,,0.006613047363717534,unknown,unknown,0.0,73.0
495aa7959b8ab634a60c5506a76942b2032a224ddd65f35c2bbef7f8b2eab7a8,2025-06-12,,,,,,,,,,,7.466666666666667,94.5,7.625,,,,,,,,93.25,-0.020765027322404355,,,,,,,,0.013404825737265416,unknown,unknown,0.0,80.0
495aa7959b8ab634a60c5506a76942b2032a224ddd65f35c2bbef7f8b2eab7a8,2025-06-13,,,,,,,,,,,,95.63636363636364,7.466666666666667,,,,,,,,93.4375,,,,,,,,,0.023532988750380096,unknown,unknown,0.0,72.0
495aa7959b8ab634a60c5506a76942b2032a224ddd65f35c2bbef7f8b2eab7a8,2025-06-14,,,,,,,,,,,,,7.725,,,,,,,,93.74583333333334,,,,,,,,,,unknown,unknown,0.0,70.0
495aa7959b8ab634a60c5506a76942b2032a224ddd65f35c2bbef7f8b2eab7a8,2025-06-15,,,,,,,,,,,8.5,91.5,7.466666666666667,,,,,,,,93.86666666666666,0.13839285714285712,,,,,,,,-0.025213068181818114,unknown,unknown,0.0,75.0
495aa7959b8ab634a60c5506a76942b2032a224ddd65f35c2bbef7f8b2eab7a8,2025-06-16,,,,,,,,,,,9.066666666666666,93.2,7.983333333333333,,,,,,,,93.86666666666666,0.1356993736951983,,,,,,,,-0.007102272727272626,unknown,unknown,0.0,80.0
495aa7959b8ab634a60c5506a76942b2032a224ddd65f35c2bbef7f8b2eab7a8,2025-06-17,,,,,,,,,,,9.083333333333334,94.52631578947368,8.5,,,,,,,,93.53333333333333,0.06862745098039223,,,,,,,,0.010616348426304564,unknown,unknown,0.0,80.0
495aa7959b8ab634a60c5506a76942b2032a224ddd65f35c2bbef7f8b2eab7a8,2025-06-18,,,,,,,,,,,9.283333333333333,93.0,8.5,,,,,,,,94.18333333333334,0.09215686274509803,,,,,,,,-0.012564147938418018,unknown,unknown,0.0,80.0
495aa7959b8ab634a60c5506a76942b2032a224ddd65f35c2bbef7f8b2eab7a8,2025-06-19,,,,,,,,,,,8.35,93.33333333333333,9.066666666666666,,,,,,,,93.85,-0.07904411764705883,,,,,,,,-0.005505238856331015,unknown,unknown,0.0,73.0
495aa7959b8ab634a60c5506a76942b2032a224ddd65f35c2bbef7f8b2eab7a8,2025-06-20,,,,,,,,,,,8.85,91.1875,9.066666666666666,,,,,,,,93.26666666666667,-0.023897058823529424,,,,,,,,-0.022292709077912785,unknown,unknown,0.0,75.0
495aa7959b8ab634a60c5506a76942b2032a224ddd65f35c2bbef7f8b2eab7a8,2025-06-21,,,,,,,,,,,9.55,90.92857142857143,8.958333333333332,,,,,,,,93.1,0.0660465116279072,,,,,,,,-0.023323615160349774,unknown,unknown,0.0,75.0
495aa7959b8ab634a60c5506a76942b2032a224ddd65f35c2bbef7f8b2eab7a8,2025-06-22,,,,,,,,,,,8.866666666666667,94.125,9.066666666666666,,,,,,,,93.0,-0.022058823529411686,,,,,,,,0.012096774193548387,unknown,unknown,0.0,80.0
495aa7959b8ab634a60c5506a76942b2032a224ddd65f35c2bbef7f8b2eab7a8,2025-06-23,,,,,,,,,,,8.633333333333333,95.25,9.066666666666666,,,,,,,,93.2,-0.04779411764705885,,,,,,,,0.021995708154506407,unknown,unknown,0.0,82.0
495aa7959b8ab634a60c5506a76942b2032a224ddd65f35c2bbef7f8b2eab7a8,2025-06-24,,,,,,,,,,,8.666666666666666,90.91666666666667,8.866666666666667,,,,,,,,93.33333333333333,-0.02255639097744373,,,,,,,,-0.025892857142857044,unknown,unknown,0.0,75.0
495aa7959b8ab634a60c5506a76942b2032a224ddd65f35c2bbef7f8b2eab7a8,2025-06-25,,,,,,,,,,,8.883333333333333,91.64285714285714,8.85,,,,,,,,93.0,0.003766478342749516,,,,,,,,-0.014592933947772701,unknown,unknown,0.0,75.0
495aa7959b8ab634a60c5506a76942b2032a224ddd65f35c2bbef7f8b2eab7a8,2025-06-26,,,,,,,,,,,9.033333333333333,94.0,8.85,,,,,,,,91.64285714285714,0.02071563088512244,,,,,,,,0.025720966484801294,unknown,unknown,0.0,80.0
495aa7959b8ab634a60c5506a76942b2032a224ddd65f35c2bbef7f8b2eab7a8,2025-06-27,,,,,,,,,,,,93.4,8.866666666666667,,,,,,,,91.64285714285714,,,,,,,,,0.019173811379579218,unknown,unknown,0.0,70.0
495aa7959b8ab634a60c5506a76942b2032a224ddd65f35c2bbef7f8b2eab7a8,2025-06-28,,,,,,,,,,,,,8.875,,,,,,,,93.4,,,,,,,,,,unknown,unknown,0.0,70.0
495aa7959b8ab634a60c5506a76942b2032a224ddd65f35c2bbef7f8b2eab7a8,2025-06-29,,,,,,,,,,,,,8.866666666666667,,,,,,,,93.7,,,,,,,,,,unknown,unknown,0.0,70.0
495aa7959b8ab634a60c5506a76942b2032a224ddd65f35c2bbef7f8b2eab7a8,2025-06-30,,,,,,,,,,,,,8.774999999999999,,,,,,,,93.4,,,,,,,,,,unknown,unknown,0.0,70.0
495aa7959b8ab634a60c5506a76942b2032a224ddd65f35c2bbef7f8b2eab7a8,2025-07-01,,,,,,,,,,,8.633333333333333,91.875,8.883333333333333,,,,,,,,92.52142857142857,-0.028142589118198877,,,,,,,,-0.006986798425075281,unknown,unknown,0.0,75.0
495aa7959b8ab634a60c5506a76942b2032a224ddd65f35c2bbef7f8b2eab7a8,2025-07-02,,,,,,,,,,,8.616666666666667,92.13333333333334,8.883333333333333,,,,,,,,92.6375,-0.030018761726078695,,,,,,,,-0.005442360455179197,unknown,unknown,0.0,80.0
495aa7959b8ab634a60c5506a76942b2032a224ddd65f35c2bbef7f8b2eab7a8,2025-07-03,,,,,,,,,,,9.0,90.25,8.633333333333333,,,,,,,,92.76666666666668,0.042471042471042525,,,,,,,,-0.02712899748472885,unknown,unknown,0.0,75.0
495aa7959b8ab634a60c5506a76942b2032a224ddd65f35c2bbef7f8b2eab7a8,2025-07-04,,,,,,,,,,,9.55,92.46153846153847,8.633333333333333,,,,,,,,92.00416666666666,0.10617760617760633,,,,,,,,0.004971207407691363,unknown,unknown,0.0,80.0
495aa7959b8ab634a60c5506a76942b2032a224ddd65f35c2bbef7f8b2eab7a8,2025-07-05,,,,,,,,,,,8.766666666666667,94.0,8.816666666666666,,,,,,,,92.00416666666666,-0.005671077504725777,,,,,,,,0.021692858113310128,unknown,unknown,0.0,80.0
495aa7959b8ab634a60c5506a76942b2032a224ddd65f35c2bbef7f8b2eab7a8,2025-07-06,,,,,,,,,,,,94.33333333333333,8.766666666666667,,,,,,,,92.13333333333334,,,,,,,,,0.02387843704775675,unknown,unknown,0.0,70.0
495aa7959b8ab634a60c5506a76942b2032a224ddd65f35c2bbef7f8b2eab7a8,2025-07-07,,,,,,,,,,,,,8.766666666666667,,,,,,,,92.2974358974359,,,,,,,,,,unknown,unknown,0.0,70.0
495aa7959b8ab634a60c5506a76942b2032a224ddd65f35c2bbef7f8b2eab7a8,2025-07-08,,,,,,,,,,,,,8.766666666666667,,,,,,,,92.2974358974359,,,,,,,,,,unknown,unknown,0.0,70.0
495aa7959b8ab634a60c5506a76942b2032a224ddd65f35c2bbef7f8b2eab7a8,2025-07-09,,,,,,,,,,,,,8.883333333333333,,,,,,,,92.46153846153847,,,,,,,,,,unknown,unknown,0.0,70.0
495aa7959b8ab634a60c5506a76942b2032a224ddd65f35c2bbef7f8b2eab7a8,2025-07-10,,,,,,,,,,,,,9.0,,,,,,,,93.23076923076923,,,,,,,,,,unknown,unknown,0.0,70.0
495aa7959b8ab634a60c5506a76942b2032a224ddd65f35c2bbef7f8b2eab7a8,2025-07-11,,,,,,,,,,,8.116666666666667,90.66666666666667,,,,,,,,,94.0,,,,,,,,,-0.035460992907801366,unknown,unknown,0.0,65.0
495aa7959b8ab634a60c5506a76942b2032a224ddd65f35c2bbef7f8b2eab7a8,2025-07-12,,,,,,,,,,,8.31638888888889,93.66666666666667,,,,,,,,,94.0,,,,,,,,,-0.0035460992907800915,unknown,unknown,0.0,70.0
495aa7959b8ab634a60c5506a76942b2032a224ddd65f35c2bbef7f8b2eab7a8,2025-07-13,,,,,,,,,,,,93.54545454545455,,,,,,,,,93.66666666666667,,,,,,,,,-0.0012940795858945693,unknown,unknown,0.0,70.0
495aa7959b8ab634a60c5506a76942b2032a224ddd65f35c2bbef7f8b2eab7a8,2025-07-14,,,,,,,,,,,8.516666666666667,91.85714285714286,,,,,,,,,93.54545454545455,,,,,,,,,-0.018048035540746882,unknown,unknown,0.0,65.0
495aa7959b8ab634a60c5506a76942b2032a224ddd65f35c2bbef7f8b2eab7a8,2025-07-15,,,,,,,,,,,,91.0,8.31638888888889,,,,,,,,92.7012987012987,,,,,,,,,-0.01835247968618656,unknown,unknown,0.0,65.0
59a5b6ebf4fc62c88755848440f8df601bd5759da5f6bddb73a784f225301a90,2024-09-22,,,,,,,,,,,,,,,,,,,,,,,,,,,,,,,unknown,unknown,0.0,70.0
59a5b6ebf4fc62c88755848440f8df601bd5759da5f6bddb73a784f225301a90,2024-09-23,,,,,,,,,,,,,,,,,,,,,,,,,,,,,,,unknown,unknown,0.0,70.0
59a5b6ebf4fc62c88755848440f8df601bd5759da5f6bddb73a784f225301a90,2024-09-24,,,,,,,,,,,,,,,,,,,,,,,,,,,,,,,unknown,unknown,0.0,70.0
59a5b6ebf4fc62c88755848440f8df601bd5759da5f6bddb73a784f225301a90,2024-09-25,,,,,,,,,,,,91.0,,,,,,,,,,,,,,,,,,,unknown,unknown,0.0,65.0
59a5b6ebf4fc62c88755848440f8df601bd5759da5f6bddb73a784f225301a90,2024-09-26,,,,,,,,,,,,,,,,,,,,,,,,,,,,,,,unknown,unknown,0.0,70.0
59a5b6ebf4fc62c88755848440f8df601bd5759da5f6bddb73a784f225301a90,2024-09-27,,,,,,,,,,,,,,,,,,,,,,,,,,,,,,,unknown,unknown,0.0,70.0
59a5b6ebf4fc62c88755848440f8df601bd5759da5f6bddb73a784f225301a90,2024-09-28,,,,,,,,,,,,,,,,,,,,,,,,,,,,,,,unknown,unknown,0.0,70.0
59a5b6ebf4fc62c88755848440f8df601bd5759da5f6bddb73a784f225301a90,2024-09-29,,,,,,,,,,,,,,,,,,,,,,,,,,,,,,,unknown,unknown,0.0,70.0
59a5b6ebf4fc62c88755848440f8df601bd5759da5f6bddb73a784f225301a90,2024-09-30,,,,,,,,,,,,,,,,,,,,,,,,,,,,,,,unknown,unknown,0.0,70.0
59a5b6ebf4fc62c88755848440f8df601bd5759da5f6bddb73a784f225301a90,2024-10-01,,,,,,,,,,,7.316666666666666,93.0,,,,,,,,,,,,,,,,,,,unknown,unknown,0.0,70.0
59a5b6ebf4fc62c88755848440f8df601bd5759da5f6bddb73a784f225301a90,2024-10-02,,,,,,,,,,,,93.0,,,,,,,,,,,,,,,,,,,unknown,unknown,0.0,70.0
59a5b6ebf4fc62c88755848440f8df601bd5759da5f6bddb73a784f225301a90,2024-10-03,,,,,,,,,,,,,,,,,,,,,,,,,,,,,,,unknown,unknown,0.0,70.0
59a5b6ebf4fc62c88755848440f8df601bd5759da5f6bddb73a784f225301a90,2024-10-11,,,,,,,,,,,,,,,,,,,,,,,,,,,,,,,unknown,unknown,0.0,70.0
59a5b6ebf4fc62c88755848440f8df601bd5759da5f6bddb73a784f225301a90,2024-10-12,,,,,,,,,,,,,,,,,,,,,,,,,,,,,,,unknown,unknown,0.0,70.0
59a5b6ebf4fc62c88755848440f8df601bd5759da5f6bddb73a784f225301a90,2024-10-13,,,,,,,,,,,,,,,,,,,,,,,,,,,,,,,unknown,unknown,0.0,70.0
59a5b6ebf4fc62c88755848440f8df601bd5759da5f6bddb73a784f225301a90,2024-11-12,,,,,,,,,,,,,,,,,,,,,,,,,,,,,,,unknown,unknown,0.0,70.0
59a5b6ebf4fc62c88755848440f8df601bd5759da5f6bddb73a784f225301a90,2024-11-13,,,,,,,,,,,,,,,,,,,,,,,,,,,,,,,unknown,unknown,0.0,70.0
59a5b6ebf4fc62c88755848440f8df601bd5759da5f6bddb73a784f225301a90,2024-11-14,,,,,,,,,,,,,,,,,,,,,,,,,,,,,,,unknown,unknown,0.0,70.0
59a5b6ebf4fc62c88755848440f8df601bd5759da5f6bddb73a784f225301a90,2024-11-15,,,,,,,,,,,,91.5,,,,,,,,,,,,,,,,,,,unknown,unknown,0.0,65.0
59a5b6ebf4fc62c88755848440f8df601bd5759da5f6bddb73a784f225301a90,2024-11-16,,,,,,,,,,,,,,,,,,,,,,,,,,,,,,,unknown,unknown,0.0,70.0
59a5b6ebf4fc62c88755848440f8df601bd5759da5f6bddb73a784f225301a90,2024-11-17,,,,,,,,,,,,,,,,,,,,,,,,,,,,,,,unknown,unknown,0.0,70.0
59a5b6ebf4fc62c88755848440f8df601bd5759da5f6bddb73a784f225301a90,2024-11-18,,,,,,,,,,,,,,,,,,,,,,,,,,,,,,,unknown,unknown,0.0,70.0
59a5b6ebf4fc62c88755848440f8df601bd5759da5f6bddb73a784f225301a90,2025-01-22,,,,,,,,,,,,,,,,,,,,,,,,,,,,,,,unknown,unknown,0.0,70.0
59a5b6ebf4fc62c88755848440f8df601bd5759da5f6bddb73a784f225301a90,2025-01-23,,,,,,,,,,,,,,,,,,,,,,,,,,,,,,,unknown,unknown,0.0,70.0
59a5b6ebf4fc62c88755848440f8df601bd5759da5f6bddb73a784f225301a90,2025-01-24,,,,,,,,,,,7.033333333333333,92.8,,,,,,,,,,,,,,,,,,,unknown,unknown,0.0,70.0
59a5b6ebf4fc62c88755848440f8df601bd5759da5f6bddb73a784f225301a90,2025-01-25,,,,,,,,,,,,93.28571428571429,,,,,,,,,,,,,,,,,,,unknown,unknown,0.0,70.0
59a5b6ebf4fc62c88755848440f8df601bd5759da5f6bddb73a784f225301a90,2025-01-26,,,,,,,,,,,,,,,,,,,,,,,,,,,,,,,unknown,unknown,0.0,70.0
59a5b6ebf4fc62c88755848440f8df601bd5759da5f6bddb73a784f225301a90,2025-01-27,,,,,,,,,,,,,,,,,,,,,,,,,,,,,,,unknown,unknown,0.0,70.0
59a5b6ebf4fc62c88755848440f8df601bd5759da5f6bddb73a784f225301a90,2025-06-13,,,,,,,,,,,,,,,,,,,,,,,,,,,,,,,unknown,unknown,0.0,70.0
59a5b6ebf4fc62c88755848440f8df601bd5759da5f6bddb73a784f225301a90,2025-06-14,,,,,,,,,,,,,,,,,,,,,,,,,,,,,,,unknown,unknown,0.0,70.0
59a5b6ebf4fc62c88755848440f8df601bd5759da5f6bddb73a784f225301a90,2025-06-15,,,,,,,,,,,,92.25,,,,,,,,,,,,,,,,,,,unknown,unknown,0.0,70.0
59a5b6ebf4fc62c88755848440f8df601bd5759da5f6bddb73a784f225301a90,2025-06-16,,,,,,,,,,,,91.14285714285714,,,,,,,,,92.8,,,,,,,,,-0.01785714285714287,unknown,unknown,0.0,65.0
59a5b6ebf4fc62c88755848440f8df601bd5759da5f6bddb73a784f225301a90,2025-06-17,,,,,,,,,,,,,,,,,,,,,92.25,,,,,,,,,,unknown,unknown,0.0,70.0
59a5b6ebf4fc62c88755848440f8df601bd5759da5f6bddb73a784f225301a90,2025-06-18,,,,,,,,,,,,,,,,,,,,,,,,,,,,,,,unknown,unknown,0.0,70.0
59a5b6ebf4fc62c88755848440f8df601bd5759da5f6bddb73a784f225301a90,2025-06-19,,,,,,,,,,,,,,,,,,,,,,,,,,,,,,,unknown,unknown,0.0,70.0
59a5b6ebf4fc62c88755848440f8df601bd5759da5f6bddb73a784f225301a90,2025-06-22,,,,,,,,,,,,,,,,,,,,,,,,,,,,,,,unknown,unknown,0.0,70.0
59a5b6ebf4fc62c88755848440f8df601bd5759da5f6bddb73a784f225301a90,2025-06-23,,,,,,,,,,,,,,,,,,,,,,,,,,,,,,,unknown,unknown,0.0,70.0
59a5b6ebf4fc62c88755848440f8df601bd5759da5f6bddb73a784f225301a90,2025-06-24,,,,,,,,,,,,,,,,,,,,,,,,,,,,,,,unknown,unknown,0.0,70.0
59a5b6ebf4fc62c88755848440f8df601bd5759da5f6bddb73a784f225301a90,2025-06-25,,,,,,,,,,,,,,,,,,,,,,,,,,,,,,,unknown,unknown,0.0,70.0
59a5b6ebf4fc62c88755848440f8df601bd5759da5f6bddb73a784f225301a90,2025-06-26,,,,,,,,,,,,,,,,,,,,,,,,,,,,,,,unknown,unknown,0.0,70.0
59a5b6ebf4fc62c88755848440f8df601bd5759da5f6bddb73a784f225301a90,2025-06-27,,,,,,,,,,,,,,,,,,,,,,,,,,,,,,,unknown,unknown,0.0,70.0
59a5b6ebf4fc62c88755848440f8df601bd5759da5f6bddb73a784f225301a90,2025-06-28,,,,,,,,,,,,,,,,,,,,,,,,,,,,,,,unknown,unknown,0.0,70.0
59a5b6ebf4fc62c88755848440f8df601bd5759da5f6bddb73a784f225301a90,2025-06-29,,,,,,,,,,,,,,,,,,,,,,,,,,,,,,,unknown,unknown,0.0,70.0
59a5b6ebf4fc62c88755848440f8df601bd5759da5f6bddb73a784f225301a90,2025-06-30,,,,,,,,,,,,,,,,,,,,,,,,,,,,,,,unknown,unknown,0.0,70.0
59a5b6ebf4fc62c88755848440f8df601bd5759da5f6bddb73a784f225301a90,2025-07-01,,,,,,,,,,,,,,,,,,,,,,,,,,,,,,,unknown,unknown,0.0,70.0
59a5b6ebf4fc62c88755848440f8df601bd5759da5f6bddb73a784f225301a90,2025-07-02,,,,,,,,,,,,,,,,,,,,,,,,,,,,,,,unknown,unknown,0.0,70.0
59a5b6ebf4fc62c88755848440f8df601bd5759da5f6bddb73a784f225301a90,2025-07-04,,,,,,,,,,,,,,,,,,,,,,,,,,,,,,,unknown,unknown,0.0,70.0
59a5b6ebf4fc62c88755848440f8df601bd5759da5f6bddb73a784f225301a90,2025-07-05,,,,,,,,,,,10.05,92.75,,,,,,,,,,,,,,,,,,,unknown,unknown,0.0,70.0
59a5b6ebf4fc62c88755848440f8df601bd5759da5f6bddb73a784f225301a90,2025-07-06,,,,,,,,,,,,93.92857142857143,,,,,,,,,,,,,,,,,,,unknown,unknown,0.0,70.0
59a5b6ebf4fc62c88755848440f8df601bd5759da5f6bddb73a784f225301a90,2025-07-07,,,,,,,,,,,,,,,,,,,,,,,,,,,,,,,unknown,unknown,0.0,70.0
59a5b6ebf4fc62c88755848440f8df601bd5759da5f6bddb73a784f225301a90,2025-07-17,,,,,,,,,,,,92.0,,,,,,,,,,,,,,,,,,,unknown,unknown,0.0,70.0
59a5b6ebf4fc62c88755848440f8df601bd5759da5f6bddb73a784f225301a90,2025-07-18,,,,,,,,,,,8.066666666666666,93.83333333333333,,,,,,,,,92.75,,,,,,,,,0.011680143755615402,unknown,unknown,0.0,70.0
59a5b6ebf4fc62c88755848440f8df601bd5759da5f6bddb73a784f225301a90,2025-07-19,,,,,,,,,,,,94.33333333333333,,,,,,,,,93.29166666666666,,,,,,,,,0.011165698972755746,unknown,unknown,0.0,70.0
59a5b6ebf4fc62c88755848440f8df601bd5759da5f6bddb73a784f225301a90,2025-07-20,,,,,,,,,,,,,,,,,,,,,93.83333333333333,,,,,,,,,,unknown,unknown,0.0,70.0
59a5b6ebf4fc62c88755848440f8df601bd5759da5f6bddb73a784f225301a90,2025-07-21,,,,,,,,,,,,93.33333333333333,,,,,,,,,93.83333333333333,,,,,,,,,-0.0053285968028419185,unknown,unknown,0.0,70.0
59a5b6ebf4fc62c88755848440f8df601bd5759da5f6bddb73a784f225301a90,2025-07-22,,,,,,,,,,,,95.0,,,,,,,,,93.83333333333333,,,,,,,,,0.012433392539964528,unknown,unknown,0.0,72.0
59a5b6ebf4fc62c88755848440f8df601bd5759da5f6bddb73a784f225301a90,2025-07-23,,,,,,,,,,,,,,,,,,,,,93.83333333333333,,,,,,,,,,unknown,unknown,0.0,70.0
59a5b6ebf4fc62c88755848440f8df601bd5759da5f6bddb73a784f225301a90,2025-07-24,,,,,,,,,,,,,,,,,,,,,93.83333333333333,,,,,,,,,,unknown,unknown,0.0,70.0
59a5b6ebf4fc62c88755848440f8df601bd5759da5f6bddb73a784f225301a90,2025-07-25,,,,,,,,,,,5.5,91.6,,,,,,,,,94.08333333333333,,,,,,,,,-0.026395039858281677,unknown,unknown,0.0,65.0
59a5b6ebf4fc62c88755848440f8df601bd5759da5f6bddb73a784f225301a90,2025-07-26,,,,,,,,,,,,93.8,,,,,,,,,93.83333333333333,,,,,,,,,-0.0003552397868561077,unknown,unknown,0.0,70.0
59a5b6ebf4fc62c88755848440f8df601bd5759da5f6bddb73a784f225301a90,2025-07-27,,,,,,,,,,,,,,,,,,,,,93.56666666666666,,,,,,,,,,unknown,unknown,0.0,70.0
59a5b6ebf4fc62c88755848440f8df601bd5759da5f6bddb73a784f225301a90,2025-07-28,,,,,,,,,,,,96.5,,,,,,,,,93.56666666666666,,,,,,,,,0.03135019593872466,unknown,unknown,0.0,72.0
59a5b6ebf4fc62c88755848440f8df601bd5759da5f6bddb73a784f225301a90,2025-07-29,,,,,,,,,,,,,,,,,,,,,94.4,,,,,,,,,,unknown,unknown,0.0,70.0
59a5b6ebf4fc62c88755848440f8df601bd5759da5f6bddb73a784f225301a90,2025-07-30,,,,,,,,,,,,,,,,,,,,,93.8,,,,,,,,,,unknown,unknown,0.0,70.0
59a5b6ebf4fc62c88755848440f8df601bd5759da5f6bddb73a784f225301a90,2025-07-31,,,,,,,,,,,,97.0,,,,,,,,,93.8,,,,,,,,,0.03411513859275057,unknown,unknown,0.0,72.0
59a5b6ebf4fc62c88755848440f8df601bd5759da5f6bddb73a784f225301a90,2025-08-01,,,,,,,,,,,,96.4,,,,,,,,,95.15,,,,,,,,,0.013137151865475564,unknown,unknown,0.0,72.0
59a5b6ebf4fc62c88755848440f8df601bd5759da5f6bddb73a784f225301a90,2025-08-02,,,,,,,,,,,,95.125,,,,,,,,,96.45,,,,,,,,,-0.013737687921202725,unknown,unknown,0.0,72.0
59a5b6ebf4fc62c88755848440f8df601bd5759da5f6bddb73a784f225301a90,2025-08-03,,,,,,,,,,,,95.33333333333333,,,,,,,,,96.45,,,,,,,,,-0.0115776740971143,unknown,unknown,0.0,72.0
59a5b6ebf4fc62c88755848440f8df601bd5759da5f6bddb73a784f225301a90,2025-08-04,,,,,,,,,,,,,,,,,,,,,96.4,,,,,,,,,,unknown,unknown,0.0,70.0
59a5b6ebf4fc62c88755848440f8df601bd5759da5f6bddb73a784f225301a90,2025-08-05,,,,,,,,,,,,,,,,,,,,,95.86666666666667,,,,,,,,,,unknown,unknown,0.0,70.0
59a5b6ebf4fc62c88755848440f8df601bd5759da5f6bddb73a784f225301a90,2025-08-06,,,,,,,,,,,,,,,,,,,,,95.86666666666667,,,,,,,,,,unknown,unknown,0.0,70.0
59a5b6ebf4fc62c88755848440f8df601bd5759da5f6bddb73a784f225301a90,2025-08-07,,,,,,,,,,,,,,,,,,,,,95.86666666666667,,,,,,,,,,unknown,unknown,0.0,70.0
59a5b6ebf4fc62c88755848440f8df601bd5759da5f6bddb73a784f225301a90,2025-08-08,,,,,,,,,,,,,,,,,,,,,95.33333333333333,,,,,,,,,,unknown,unknown,0.0,70.0
59a5b6ebf4fc62c88755848440f8df601bd5759da5f6bddb73a784f225301a90,2025-08-18,,,,,,,,,,,,,,,,,,,,,,,,,,,,,,,unknown,unknown,0.0,70.0
59a5b6ebf4fc62c88755848440f8df601bd5759da5f6bddb73a784f225301a90,2025-08-19,,,,,,,,,,,8.35,92.0,,,,,,,,,,,,,,,,,,,unknown,unknown,0.0,70.0
59a5b6ebf4fc62c88755848440f8df601bd5759da5f6bddb73a784f225301a90,2025-08-20,,,,,,,,,,,8.416666666666666,95.41176470588235,,,,,,,,,,,,,,,,,,,unknown,unknown,0.0,72.0
59a5b6ebf4fc62c88755848440f8df601bd5759da5f6bddb73a784f225301a90,2025-08-21,,,,,,,,,,,,93.75,,,,,,,,,,,,,,,,,,,unknown,unknown,0.0,70.0
59a5b6ebf4fc62c88755848440f8df601bd5759da5f6bddb73a784f225301a90,2025-08-22,,,,,,,,,,,,,,,,,,,,,93.75,,,,,,,,,,unknown,unknown,0.0,70.0
59a5b6ebf4fc62c88755848440f8df601bd5759da5f6bddb73a784f225301a90,2025-08-28,,,,,,,,,,,,,,,,,,,,,93.75,,,,,,,,,,unknown,unknown,0.0,70.0
59a5b6ebf4fc62c88755848440f8df601bd5759da5f6bddb73a784f225301a90,2025-08-29,,,,,,,,,,,,,,,,,,,,,93.75,,,,,,,,,,unknown,unknown,0.0,70.0
59a5b6ebf4fc62c88755848440f8df601bd5759da5f6bddb73a784f225301a90,2025-08-30,,,,,,,,,,,,,,,,,,,,,93.75,,,,,,,,,,unknown,unknown,0.0,70.0
59a5b6ebf4fc62c88755848440f8df601bd5759da5f6bddb73a784f225301a90,2025-08-31,,,,,,,,,,,,,,,,,,,,,93.75,,,,,,,,,,unknown,unknown,0.0,70.0
75024ad1d2cbe3f371bc10c218c76d090783ffa26c2f458fd9fc9698d3716564,2025-03-11,,,,,,,,,,,,,,,,,,,,,,,,,,,,,,,unknown,unknown,0.0,70.0
75024ad1d2cbe3f371bc10c218c76d090783ffa26c2f458fd9fc9698d3716564,2025-03-12,,,,,,,,,,,,,,,,,,,,,,,,,,,,,,,unknown,unknown,0.0,70.0
75024ad1d2cbe3f371bc10c218c76d090783ffa26c2f458fd9fc9698d3716564,2025-03-13,,,,,,,,,,,,,,,,,,,,,,,,,,,,,,,unknown,unknown,0.0,70.0
75024ad1d2cbe3f371bc10c218c76d090783ffa26c2f458fd9fc9698d3716564,2025-03-14,,,,,,,,,,,,,,,,,,,,,,,,,,,,,,,unknown,unknown,0.0,70.0
75024ad1d2cbe3f371bc10c218c76d090783ffa26c2f458fd9fc9698d3716564,2025-03-15,,,,,,,,,,,,,,,,,,,,,,,,,,,,,,,unknown,unknown,0.0,70.0
75024ad1d2cbe3f371bc10c218c76d090783ffa26c2f458fd9fc9698d3716564,2025-03-16,,,,,,,,,,,,,,,,,,,,,,,,,,,,,,,unknown,unknown,0.0,70.0
75024ad1d2cbe3f371bc10c218c76d090783ffa26c2f458fd9fc9698d3716564,2025-03-17,,,,,,,,,,,,,,,,,,,,,,,,,,,,,,,unknown,unknown,0.0,70.0
75024ad1d2cbe3f371bc10c218c76d090783ffa26c2f458fd9fc9698d3716564,2025-03-18,,,,,,,,,,,,,,,,,,,,,,,,,,,,,,,unknown,unknown,0.0,70.0
75024ad1d2cbe3f371bc10c218c76d090783ffa26c2f458fd9fc9698d3716564,2025-03-19,,,,,,,,,,,,,,,,,,,,,,,,,,,,,,,unknown,unknown,0.0,70.0
75024ad1d2cbe3f371bc10c218c76d090783ffa26c2f458fd9fc9698d3716564,2025-03-20,,,,,,,,,,,,,,,,,,,,,,,,,,,,,,,unknown,unknown,0.0,70.0
75024ad1d2cbe3f371bc10c218c76d090783ffa26c2f458fd9fc9698d3716564,2025-03-21,,,,,,,,,,,,,,,,,,,,,,,,,,,,,,,unknown,unknown,0.0,70.0
75024ad1d2cbe3f371bc10c218c76d090783ffa26c2f458fd9fc9698d3716564,2025-03-22,,,,,,,,,,,,,,,,,,,,,,,,,,,,,,,unknown,unknown,0.0,70.0
75024ad1d2cbe3f371bc10c218c76d090783ffa26c2f458fd9fc9698d3716564,2025-03-23,,,,,,,,,,,,,,,,,,,,,,,,,,,,,,,unknown,unknown,0.0,70.0
75024ad1d2cbe3f371bc10c218c76d090783ffa26c2f458fd9fc9698d3716564,2025-03-24,,,,,,,,,,,,,,,,,,,,,,,,,,,,,,,unknown,unknown,0.0,70.0
75024ad1d2cbe3f371bc10c218c76d090783ffa26c2f458fd9fc9698d3716564,2025-03-25,,,,,,,,,,,,,,,,,,,,,,,,,,,,,,,unknown,unknown,0.0,70.0
75024ad1d2cbe3f371bc10c218c76d090783ffa26c2f458fd9fc9698d3716564,2025-03-26,,,,,,,,,,,,,,,,,,,,,,,,,,,,,,,unknown,unknown,0.0,70.0
75024ad1d2cbe3f371bc10c218c76d090783ffa26c2f458fd9fc9698d3716564,2025-03-27,,,,,,,,,,,,,,,,,,,,,,,,,,,,,,,unknown,unknown,0.0,70.0
75024ad1d2cbe3f371bc10c218c76d090783ffa26c2f458fd9fc9698d3716564,2025-03-28,,,,,,,,,,,,,,,,,,,,,,,,,,,,,,,unknown,unknown,0.0,70.0
75024ad1d2cbe3f371bc10c218c76d090783ffa26c2f458fd9fc9698d3716564,2025-03-29,,,,,,,,,,,,,,,,,,,,,,,,,,,,,,,unknown,unknown,0.0,70.0
75024ad1d2cbe3f371bc10c218c76d090783ffa26c2f458fd9fc9698d3716564,2025-03-30,,,,,,,,,,,,,,,,,,,,,,,,,,,,,,,unknown,unknown,0.0,70.0
75024ad1d2cbe3f371bc10c218c76d090783ffa26c2f458fd9fc9698d3716564,2025-03-31,,,,,,,,,,,,,,,,,,,,,,,,,,,,,,,unknown,unknown,0.0,70.0
75024ad1d2cbe3f371bc10c218c76d090783ffa26c2f458fd9fc9698d3716564,2025-04-01,,,,,,,,,,,,,,,,,,,,,,,,,,,,,,,unknown,unknown,0.0,70.0
75024ad1d2cbe3f371bc10c218c76d090783ffa26c2f458fd9fc9698d3716564,2025-04-02,,,,,,,,,,,,,,,,,,,,,,,,,,,,,,,unknown,unknown,0.0,70.0
75024ad1d2cbe3f371bc10c218c76d090783ffa26c2f458fd9fc9698d3716564,2025-04-15,,,,,,,,,,,8.066666666666666,,,,,,,,,,,,,,,,,,,,unknown,unknown,0.0,70.0
75024ad1d2cbe3f371bc10c218c76d090783ffa26c2f458fd9fc9698d3716564,2025-04-16,,,,,,,,,,,,,,,,,,,,,,,,,,,,,,,unknown,unknown,0.0,70.0
75024ad1d2cbe3f371bc10c218c76d090783ffa26c2f458fd9fc9698d3716564,2025-04-17,,,,,,,,,,,,,,,,,,,,,,,,,,,,,,,unknown,unknown,0.0,70.0
75024ad1d2cbe3f371bc10c218c76d090783ffa26c2f458fd9fc9698d3716564,2025-04-18,,,,,,,,,,,,,,,,,,,,,,,,,,,,,,,unknown,unknown,0.0,70.0
75024ad1d2cbe3f371bc10c218c76d090783ffa26c2f458fd9fc9698d3716564,2025-04-19,,,,,,,,,,,,,,,,,,,,,,,,,,,,,,,unknown,unknown,0.0,70.0
75024ad1d2cbe3f371bc10c218c76d090783ffa26c2f458fd9fc9698d3716564,2025-04-20,,,,,,,,,,,,,,,,,,,,,,,,,,,,,,,unknown,unknown,0.0,70.0
75024ad1d2cbe3f371bc10c218c76d090783ffa26c2f458fd9fc9698d3716564,2025-04-21,,,,,,,,,,,,,,,,,,,,,,,,,,,,,,,unknown,unknown,0.0,70.0
75024ad1d2cbe3f371bc10c218c76d090783ffa26c2f458fd9fc9698d3716564,2025-04-22,,,,,,,,,,,,,,,,,,,,,,,,,,,,,,,unknown,unknown,0.0,70.0
75024ad1d2cbe3f371bc10c218c76d090783ffa26c2f458fd9fc9698d3716564,2025-04-23,,,,,,,,,,,,,,,,,,,,,,,,,,,,,,,unknown,unknown,0.0,70.0
75024ad1d2cbe3f371bc10c218c76d090783ffa26c2f458fd9fc9698d3716564,2025-04-24,,,,,,,,,,,,,,,,,,,,,,,,,,,,,,,unknown,unknown,0.0,70.0
75024ad1d2cbe3f371bc10c218c76d090783ffa26c2f458fd9fc9698d3716564,2025-04-25,,,,,,,,,,,,,,,,,,,,,,,,,,,,,,,unknown,unknown,0.0,70.0
75024ad1d2cbe3f371bc10c218c76d090783ffa26c2f458fd9fc9698d3716564,2025-04-26,,,,,,,,,,,,,,,,,,,,,,,,,,,,,,,unknown,unknown,0.0,70.0
75024ad1d2cbe3f371bc10c218c76d090783ffa26c2f458fd9fc9698d3716564,2025-04-27,,,,,,,,,,,,,,,,,,,,,,,,,,,,,,,unknown,unknown,0.0,70.0
8c4bb5cc680c3a1f8249e7d42457860e013876b36d5bd07248a780349dfcf9a0,2025-04-03,,,,,,,,,,,,93.33333333333333,,,,,,,,,,,,,,,,,,,unknown,unknown,0.0,70.0
8c4bb5cc680c3a1f8249e7d42457860e013876b36d5bd07248a780349dfcf9a0,2025-04-04,,,,,,,,,,,,,,,,,,,,,,,,,,,,,,,unknown,unknown,0.0,70.0
8c4bb5cc680c3a1f8249e7d42457860e013876b36d5bd07248a780349dfcf9a0,2025-04-06,,,,,,,,,,,9.0,,,,,,,,,,,,,,,,,,,,unknown,unknown,0.0,70.0
8c4bb5cc680c3a1f8249e7d42457860e013876b36d5bd07248a780349dfcf9a0,2025-04-07,,,,,,,,,,,,,,,,,,,,,,,,,,,,,,,unknown,unknown,0.0,70.0
8c4bb5cc680c3a1f8249e7d42457860e013876b36d5bd07248a780349dfcf9a0,2025-04-09,,,,,,,,,,,,,,,,,,,,,,,,,,,,,,,unknown,unknown,0.0,70.0
8c4bb5cc680c3a1f8249e7d42457860e013876b36d5bd07248a780349dfcf9a0,2025-04-10,,,,,,,,,,,,,,,,,,,,,,,,,,,,,,,unknown,unknown,0.0,70.0
8c4bb5cc680c3a1f8249e7d42457860e013876b36d5bd07248a780349dfcf9a0,2025-04-11,,,,,,,,,,,,89.85714285714286,,,,,,,,,,,,,,,,,,,unknown,unknown,0.0,65.0
8c4bb5cc680c3a1f8249e7d42457860e013876b36d5bd07248a780349dfcf9a0,2025-04-12,,,,,,,,,,,,,,,,,,,,,,,,,,,,,,,unknown,unknown,0.0,70.0
8c4bb5cc680c3a1f8249e7d42457860e013876b36d5bd07248a780349dfcf9a0,2025-05-02,,,,,,,,,,,,,,,,,,,,,,,,,,,,,,,unknown,unknown,0.0,70.0
8c4bb5cc680c3a1f8249e7d42457860e013876b36d5bd07248a780349dfcf9a0,2025-05-03,,,,,,,,,,,,,,,,,,,,,,,,,,,,,,,unknown,unknown,0.0,70.0
8c4bb5cc680c3a1f8249e7d42457860e013876b36d5bd07248a780349dfcf9a0,2025-05-04,,,,,,,,,,,,,,,,,,,,,,,,,,,,,,,unknown,unknown,0.0,70.0
8c4bb5cc680c3a1f8249e7d42457860e013876b36d5bd07248a780349dfcf9a0,2025-05-06,,,,,,,,,,,,,,,,,,,,,,,,,,,,,,,unknown,unknown,0.0,70.0
8c4bb5cc680c3a1f8249e7d42457860e013876b36d5bd07248a780349dfcf9a0,2025-05-16,,,,,,,,,,,,,,,,,,,,,,,,,,,,,,,unknown,unknown,0.0,70.0
9663a106175340db6076638e039574ef39ce462d258fbaf56182597de3b17632,2025-06-18,,,,,,,,,,,,,,,,,,,,,,,,,,,,,,,unknown,unknown,0.0,70.0
9663a106175340db6076638e039574ef39ce462d258fbaf56182597de3b17632,2025-06-19,,,,,,,,,,,,,,,,,,,,,,,,,,,,,,,unknown,unknown,0.0,70.0
9663a106175340db6076638e039574ef39ce462d258fbaf56182597de3b17632,2025-06-20,,,,,,,,,,,,,,,,,,,,,,,,,,,,,,,unknown,unknown,0.0,70.0
9663a106175340db6076638e039574ef39ce462d258fbaf56182597de3b17632,2025-06-21,,,,,,,,,,,,,,,,,,,,,,,,,,,,,,,unknown,unknown,0.0,70.0
9663a106175340db6076638e039574ef39ce462d258fbaf56182597de3b17632,2025-06-22,,,,,,,,,,,,,,,,,,,,,,,,,,,,,,,unknown,unknown,0.0,70.0
a064f7006b947d4674badb0d00fef7e7ff7042e6c3db928981d7b11d93ada0a9,2025-03-04,,,,,,,,,,,,95.0,,,,,,,,,,,,,,,,,,,unknown,unknown,0.0,72.0
a06d75910ba5a1bd06ce04200c638d05825b70d834182d10ed2d2583f38734b1,2025-04-10,,,,,,,,,,,7.233333333333333,,,,,,,,,,,,,,,,,,,,unknown,unknown,0.0,70.0
a06d75910ba5a1bd06ce04200c638d05825b70d834182d10ed2d2583f38734b1,2025-04-11,,,,,,,,,,,,,,,,,,,,,,,,,,,,,,,unknown,unknown,0.0,70.0
a06d75910ba5a1bd06ce04200c638d05825b70d834182d10ed2d2583f38734b1,2025-04-12,,,,,,,,,,,,,,,,,,,,,,,,,,,,,,,unknown,unknown,0.0,70.0
a06d75910ba5a1bd06ce04200c638d05825b70d834182d10ed2d2583f38734b1,2025-04-13,,,,,,,,,,,,,,,,,,,,,,,,,,,,,,,unknown,unknown,0.0,70.0
a06d75910ba5a1bd06ce04200c638d05825b70d834182d10ed2d2583f38734b1,2025-04-14,,,,,,,,,,,,,,,,,,,,,,,,,,,,,,,unknown,unknown,0.0,70.0
a06d75910ba5a1bd06ce04200c638d05825b70d834182d10ed2d2583f38734b1,2025-04-18,,,,,,,,,,,,,,,,,,,,,,,,,,,,,,,unknown,unknown,0.0,70.0
a06d75910ba5a1bd06ce04200c638d05825b70d834182d10ed2d2583f38734b1,2025-04-20,,,,,,,,,,,,,,,,,,,,,,,,,,,,,,,unknown,unknown,0.0,70.0
a06d75910ba5a1bd06ce04200c638d05825b70d834182d10ed2d2583f38734b1,2025-04-22,,,,,,,,,,,,,,,,,,,,,,,,,,,,,,,unknown,unknown,0.0,70.0
a06d75910ba5a1bd06ce04200c638d05825b70d834182d10ed2d2583f38734b1,2025-04-24,,,,,,,,,,,,,,,,,,,,,,,,,,,,,,,unknown,unknown,0.0,70.0
a06d75910ba5a1bd06ce04200c638d05825b70d834182d10ed2d2583f38734b1,2025-04-25,,,,,,,,,,,,,,,,,,,,,,,,,,,,,,,unknown,unknown,0.0,70.0
a06d75910ba5a1bd06ce04200c638d05825b70d834182d10ed2d2583f38734b1,2025-04-27,,,,,,,,,,,,,,,,,,,,,,,,,,,,,,,unknown,unknown,0.0,70.0
a06d75910ba5a1bd06ce04200c638d05825b70d834182d10ed2d2583f38734b1,2025-04-29,,,,,,,,,,,,,,,,,,,,,,,,,,,,,,,unknown,unknown,0.0,70.0
a06d75910ba5a1bd06ce04200c638d05825b70d834182d10ed2d2583f38734b1,2025-05-03,,,,,,,,,,,,,,,,,,,,,,,,,,,,,,,unknown,unknown,0.0,70.0
a06d75910ba5a1bd06ce04200c638d05825b70d834182d10ed2d2583f38734b1,2025-05-04,,,,,,,,,,,,,,,,,,,,,,,,,,,,,,,unknown,unknown,0.0,70.0
a06d75910ba5a1bd06ce04200c638d05825b70d834182d10ed2d2583f38734b1,2025-05-06,,,,,,,,,,,,,,,,,,,,,,,,,,,,,,,unknown,unknown,0.0,70.0
a06d75910ba5a1bd06ce04200c638d05825b70d834182d10ed2d2583f38734b1,2025-05-11,,,,,,,,,,,,,,,,,,,,,,,,,,,,,,,unknown,unknown,0.0,70.0
a06d75910ba5a1bd06ce04200c638d05825b70d834182d10ed2d2583f38734b1,2025-05-13,,,,,,,,,,,,,,,,,,,,,,,,,,,,,,,unknown,unknown,0.0,70.0
a06d75910ba5a1bd06ce04200c638d05825b70d834182d10ed2d2583f38734b1,2025-05-17,,,,,,,,,,,,,,,,,,,,,,,,,,,,,,,unknown,unknown,0.0,70.0
a06d75910ba5a1bd06ce04200c638d05825b70d834182d10ed2d2583f38734b1,2025-05-18,,,,,,,,,,,,,,,,,,,,,,,,,,,,,,,unknown,unknown,0.0,70.0
a06d75910ba5a1bd06ce04200c638d05825b70d834182d10ed2d2583f38734b1,2025-05-22,,,,,,,,,,,,,,,,,,,,,,,,,,,,,,,unknown,unknown,0.0,70.0
a06d75910ba5a1bd06ce04200c638d05825b70d834182d10ed2d2583f38734b1,2025-05-25,,,,,,,,,,,,,,,,,,,,,,,,,,,,,,,unknown,unknown,0.0,70.0
a06d75910ba5a1bd06ce04200c638d05825b70d834182d10ed2d2583f38734b1,2025-05-27,,,,,,,,,,,,,,,,,,,,,,,,,,,,,,,unknown,unknown,0.0,70.0
a06d75910ba5a1bd06ce04200c638d05825b70d834182d10ed2d2583f38734b1,2025-05-29,,,,,,,,,,,,,,,,,,,,,,,,,,,,,,,unknown,unknown,0.0,70.0
a06d75910ba5a1bd06ce04200c638d05825b70d834182d10ed2d2583f38734b1,2025-05-31,,,,,,,,,,,,,,,,,,,,,,,,,,,,,,,unknown,unknown,0.0,70.0
a06d75910ba5a1bd06ce04200c638d05825b70d834182d10ed2d2583f38734b1,2025-06-05,,,,,,,,,,,,,,,,,,,,,,,,,,,,,,,unknown,unknown,0.0,70.0
a06d75910ba5a1bd06ce04200c638d05825b70d834182d10ed2d2583f38734b1,2025-06-07,,,,,,,,,,,,,,,,,,,,,,,,,,,,,,,unknown,unknown,0.0,70.0
a06d75910ba5a1bd06ce04200c638d05825b70d834182d10ed2d2583f38734b1,2025-06-10,,,,,,,,,,,,,,,,,,,,,,,,,,,,,,,unknown,unknown,0.0,70.0
a06d75910ba5a1bd06ce04200c638d05825b70d834182d10ed2d2583f38734b1,2025-06-12,,,,,,,,,,,,,,,,,,,,,,,,,,,,,,,unknown,unknown,0.0,70.0
a06d75910ba5a1bd06ce04200c638d05825b70d834182d10ed2d2583f38734b1,2025-06-14,,,,,,,,,,,,,,,,,,,,,,,,,,,,,,,unknown,unknown,0.0,70.0
a06d75910ba5a1bd06ce04200c638d05825b70d834182d10ed2d2583f38734b1,2025-06-17,,,,,,,,,,,,,,,,,,,,,,,,,,,,,,,unknown,unknown,0.0,70.0
a06d75910ba5a1bd06ce04200c638d05825b70d834182d10ed2d2583f38734b1,2025-06-19,,,,,,,,,,,,,,,,,,,,,,,,,,,,,,,unknown,unknown,0.0,70.0
a06d75910ba5a1bd06ce04200c638d05825b70d834182d10ed2d2583f38734b1,2025-06-21,,,,,,,,,,,,,,,,,,,,,,,,,,,,,,,unknown,unknown,0.0,70.0
a06d75910ba5a1bd06ce04200c638d05825b70d834182d10ed2d2583f38734b1,2025-06-24,,,,,,,,,,,,,,,,,,,,,,,,,,,,,,,unknown,unknown,0.0,70.0
a06d75910ba5a1bd06ce04200c638d05825b70d834182d10ed2d2583f38734b1,2025-06-26,,,,,,,,,,,,,,,,,,,,,,,,,,,,,,,unknown,unknown,0.0,70.0
a06d75910ba5a1bd06ce04200c638d05825b70d834182d10ed2d2583f38734b1,2025-07-03,,,,,,,,,,,,,,,,,,,,,,,,,,,,,,,unknown,unknown,0.0,70.0
a06d75910ba5a1bd06ce04200c638d05825b70d834182d10ed2d2583f38734b1,2025-07-05,,,,,,,,,,,,,,,,,,,,,,,,,,,,,,,unknown,unknown,0.0,70.0
a06d75910ba5a1bd06ce04200c638d05825b70d834182d10ed2d2583f38734b1,2025-07-10,,,,,,,,,,,,,,,,,,,,,,,,,,,,,,,unknown,unknown,0.0,70.0
a06d75910ba5a1bd06ce04200c638d05825b70d834182d10ed2d2583f38734b1,2025-07-13,,,,,,,,,,,,,,,,,,,,,,,,,,,,,,,unknown,unknown,0.0,70.0
a06d75910ba5a1bd06ce04200c638d05825b70d834182d10ed2d2583f38734b1,2025-07-16,,,,,,,,,,,,,,,,,,,,,,,,,,,,,,,unknown,unknown,0.0,70.0
a06d75910ba5a1bd06ce04200c638d05825b70d834182d10ed2d2583f38734b1,2025-07-18,,,,,,,,,,,,,,,,,,,,,,,,,,,,,,,unknown,unknown,0.0,70.0
a06d75910ba5a1bd06ce04200c638d05825b70d834182d10ed2d2583f38734b1,2025-08-03,,,,,,,,,,,,,,,,,,,,,,,,,,,,,,,unknown,unknown,0.0,70.0
a06d75910ba5a1bd06ce04200c638d05825b70d834182d10ed2d2583f38734b1,2025-08-05,,,,,,,,,,,,,,,,,,,,,,,,,,,,,,,unknown,unknown,0.0,70.0
a06d75910ba5a1bd06ce04200c638d05825b70d834182d10ed2d2583f38734b1,2025-08-07,,,,,,,,,,,,,,,,,,,,,,,,,,,,,,,unknown,unknown,0.0,70.0
a06d75910ba5a1bd06ce04200c638d05825b70d834182d10ed2d2583f38734b1,2025-08-08,,,,,,,,,,,,,,,,,,,,,,,,,,,,,,,unknown,unknown,0.0,70.0
a06d75910ba5a1bd06ce04200c638d05825b70d834182d10ed2d2583f38734b1,2025-08-10,,,,,,,,,,,,,,,,,,,,,,,,,,,,,,,unknown,unknown,0.0,70.0
a06d75910ba5a1bd06ce04200c638d05825b70d834182d10ed2d2583f38734b1,2025-08-11,,,,,,,,,,,,,,,,,,,,,,,,,,,,,,,unknown,unknown,0.0,70.0
a06d75910ba5a1bd06ce04200c638d05825b70d834182d10ed2d2583f38734b1,2025-08-15,,,,,,,,,,,,,,,,,,,,,,,,,,,,,,,unknown,unknown,0.0,70.0
a06d75910ba5a1bd06ce04200c638d05825b70d834182d10ed2d2583f38734b1,2025-08-18,,,,,,,,,,,,,,,,,,,,,,,,,,,,,,,unknown,unknown,0.0,70.0
a06d75910ba5a1bd06ce04200c638d05825b70d834182d10ed2d2583f38734b1,2025-08-19,,,,,,,,,,,,,,,,,,,,,,,,,,,,,,,unknown,unknown,0.0,70.0
a06d75910ba5a1bd06ce04200c638d05825b70d834182d10ed2d2583f38734b1,2025-08-20,,,,,,,,,,,,,,,,,,,,,,,,,,,,,,,unknown,unknown,0.0,70.0
a06d75910ba5a1bd06ce04200c638d05825b70d834182d10ed2d2583f38734b1,2025-08-21,,,,,,,,,,,,,,,,,,,,,,,,,,,,,,,unknown,unknown,0.0,70.0
a06d75910ba5a1bd06ce04200c638d05825b70d834182d10ed2d2583f38734b1,2025-08-23,,,,,,,,,,,,,,,,,,,,,,,,,,,,,,,unknown,unknown,0.0,70.0
a06d75910ba5a1bd06ce04200c638d05825b70d834182d10ed2d2583f38734b1,2025-08-24,,,,,,,,,,,,,,,,,,,,,,,,,,,,,,,unknown,unknown,0.0,70.0
b112181318291141631e7d0142b9c9d5a0c034a6e5d0540dcf042246ffc4815b,2024-09-01,,,,,,,,,,,,95.5,,,,,,,,,,,,,,,,,,,unknown,unknown,0.0,72.0
b112181318291141631e7d0142b9c9d5a0c034a6e5d0540dcf042246ffc4815b,2024-09-02,,,,,,,,,,,9.0,93.13333333333334,,,,,,,,,,,,,,,,,,,unknown,unknown,0.0,70.0
b112181318291141631e7d0142b9c9d5a0c034a6e5d0540dcf042246ffc4815b,2024-09-03,,,,,,,,,,,6.916666666666667,90.55,,,,,,,,,,,,,,,,,,,unknown,unknown,0.0,65.0
b112181318291141631e7d0142b9c9d5a0c034a6e5d0540dcf042246ffc4815b,2024-09-04,,,,,,,,,,,,90.2,,,,,,,,,93.13333333333334,,,,,,,,,-0.031496062992126025,unknown,unknown,0.0,65.0
b112181318291141631e7d0142b9c9d5a0c034a6e5d0540dcf042246ffc4815b,2024-09-05,,,,,,,,,,,7.95,90.33333333333333,,,,,,,,,91.84166666666667,,,,,,,,,-0.01642319208783239,unknown,unknown,0.0,65.0
b112181318291141631e7d0142b9c9d5a0c034a6e5d0540dcf042246ffc4815b,2024-09-06,,,,,,,,,,,,90.58333333333333,7.95,,,,,,,,90.55,,,,,,,,,0.00036812074360388115,unknown,unknown,0.0,65.0
b112181318291141631e7d0142b9c9d5a0c034a6e5d0540dcf042246ffc4815b,2024-09-07,,,,,,,,,,,9.133333333333333,89.88888888888889,7.95,,,,,,,,90.56666666666666,0.1488469601677148,,,,,,,,-0.007483744325849582,unknown,unknown,0.0,75.0
b112181318291141631e7d0142b9c9d5a0c034a6e5d0540dcf042246ffc4815b,2024-09-08,,,,,,,,,,,,92.0,8.475,,,,,,,,90.55,,,,,,,,,0.01601325234676977,unknown,unknown,0.0,70.0
b112181318291141631e7d0142b9c9d5a0c034a6e5d0540dcf042246ffc4815b,2024-09-09,,,,,,,,,,,8.5,90.125,8.475,,,,,,,,90.55,0.0029498525073746733,,,,,,,,-0.00469353948094972,unknown,unknown,0.0,75.0
b112181318291141631e7d0142b9c9d5a0c034a6e5d0540dcf042246ffc4815b,2024-09-10,,,,,,,,,,,7.583333333333333,90.78260869565217,8.225,,,,,,,,90.33333333333333,-0.07801418439716312,,,,,,,,0.004973527996149559,unknown,unknown,0.0,68.0
b112181318291141631e7d0142b9c9d5a0c034a6e5d0540dcf042246ffc4815b,2024-09-11,,,,,,,,,,,,92.38461538461539,8.225,,,,,,,,90.33333333333333,,,,,,,,,0.022707919386886256,unknown,unknown,0.0,70.0
b112181318291141631e7d0142b9c9d5a0c034a6e5d0540dcf042246ffc4815b,2024-09-12,,,,,,,,,,,8.483333333333333,92.94736842105263,8.225,,,,,,,,90.58333333333333,0.03140830800405263,,,,,,,,0.026097903452282998,unknown,unknown,0.0,80.0
b112181318291141631e7d0142b9c9d5a0c034a6e5d0540dcf042246ffc4815b,2024-09-13,,,,,,,,,,,8.15,88.93333333333334,8.491666666666667,,,,,,,,90.78260869565217,-0.04023552502453387,,,,,,,,-0.02037037037037031,unknown,unknown,0.0,75.0
b112181318291141631e7d0142b9c9d5a0c034a6e5d0540dcf042246ffc4815b,2024-09-14,,,,,,,,,,,9.333333333333334,90.4,8.483333333333333,,,,,,,,90.78260869565217,0.10019646365422415,,,,,,,,-0.004214559386973097,unknown,unknown,0.0,75.0
b112181318291141631e7d0142b9c9d5a0c034a6e5d0540dcf042246ffc4815b,2024-09-15,,,,,,,,,,,8.666666666666666,90.5,8.483333333333333,,,,,,,,90.78260869565217,0.021611001964636573,,,,,,,,-0.003113026819923351,unknown,unknown,0.0,75.0
b112181318291141631e7d0142b9c9d5a0c034a6e5d0540dcf042246ffc4815b,2024-09-16,,,,,,,,,,,9.0,93.88888888888889,8.491666666666667,,,,,,,,90.5,0.059862610402355194,,,,,,,,0.03744628606507056,unknown,unknown,0.0,80.0
b112181318291141631e7d0142b9c9d5a0c034a6e5d0540dcf042246ffc4815b,2024-09-17,,,,,,,,,,,8.583333333333334,94.3157894736842,8.575,,,,,,,,90.78260869565217,0.0009718172983480625,,,,,,,,0.03891913692276665,unknown,unknown,0.0,80.0
b112181318291141631e7d0142b9c9d5a0c034a6e5d0540dcf042246ffc4815b,2024-09-18,,,,,,,,,,,9.166666666666666,90.0,8.625,,,,,,,,92.38461538461539,0.06280193236714969,,,,,,,,-0.025811823480432997,unknown,unknown,0.0,75.0
b112181318291141631e7d0142b9c9d5a0c034a6e5d0540dcf042246ffc4815b,2024-09-19,,,,,,,,,,,,93.125,8.666666666666666,,,,,,,,90.5,,,,,,,,,0.029005524861878452,unknown,unknown,0.0,70.0
b112181318291141631e7d0142b9c9d5a0c034a6e5d0540dcf042246ffc4815b,2024-09-20,,,,,,,,,,,8.85,92.64285714285714,8.833333333333332,,,,,,,,90.5,0.0018867924528302828,,,,,,,,0.023677979479084406,unknown,unknown,0.0,80.0
b112181318291141631e7d0142b9c9d5a0c034a6e5d0540dcf042246ffc4815b,2024-09-21,,,,,,,,,,,10.816666666666666,91.63157894736842,8.925,,,,,,,,92.64285714285714,0.21195144724556478,,,,,,,,-0.010915878748528911,unknown,unknown,0.0,75.0
b112181318291141631e7d0142b9c9d5a0c034a6e5d0540dcf042246ffc4815b,2024-09-22,,,,,,,,,,,,92.2,8.925,,,,,,,,92.64285714285714,,,,,,,,,-0.00478026214340779,unknown,unknown,0.0,70.0
b112181318291141631e7d0142b9c9d5a0c034a6e5d0540dcf042246ffc4815b,2024-09-23,,,,,,,,,,,7.683333333333334,94.44444444444444,9.0,,,,,,,,92.64285714285714,-0.14629629629629626,,,,,,,,0.019446586138953167,unknown,unknown,0.0,73.0
b112181318291141631e7d0142b9c9d5a0c034a6e5d0540dcf042246ffc4815b,2024-09-24,,,,,,,,,,,7.416666666666667,91.64285714285714,8.85,,,,,,,,92.64285714285714,-0.1619585687382297,,,,,,,,-0.01079414032382421,unknown,unknown,0.0,55.0
b112181318291141631e7d0142b9c9d5a0c034a6e5d0540dcf042246ffc4815b,2024-09-25,,,,,,,,,,,8.283333333333333,91.46666666666667,8.85,,,,,,,,92.2,-0.06403013182674197,,,,,,,,-0.007953723788864797,unknown,unknown,0.0,68.0
b112181318291141631e7d0142b9c9d5a0c034a6e5d0540dcf042246ffc4815b,2024-09-26,,,,,,,,,,,8.733333333333333,92.625,8.283333333333333,,,,,,,,92.2,0.05432595573440635,,,,,,,,0.004609544468546607,unknown,unknown,0.0,80.0
b112181318291141631e7d0142b9c9d5a0c034a6e5d0540dcf042246ffc4815b,2024-09-27,,,,,,,,,,,9.35,92.26666666666667,8.508333333333333,,,,,,,,92.2,0.09892262487757103,,,,,,,,0.0007230657989876668,unknown,unknown,0.0,80.0
b112181318291141631e7d0142b9c9d5a0c034a6e5d0540dcf042246ffc4815b,2024-09-28,,,,,,,,,,,9.0,93.15384615384616,8.508333333333333,,,,,,,,92.2,0.05778648383937322,,,,,,,,0.01034540297013186,unknown,unknown,0.0,80.0
b112181318291141631e7d0142b9c9d5a0c034a6e5d0540dcf042246ffc4815b,2024-09-29,,,,,,,,,,,,95.4375,8.508333333333333,,,,,,,,92.26666666666667,,,,,,,,,0.0343659682080925,unknown,unknown,0.0,72.0
b112181318291141631e7d0142b9c9d5a0c034a6e5d0540dcf042246ffc4815b,2024-09-30,,,,,,,,,,,8.783333333333333,94.66666666666667,8.508333333333333,,,,,,,,92.625,0.03232125367286978,,,,,,,,0.02204228520017999,unknown,unknown,0.0,80.0
b112181318291141631e7d0142b9c9d5a0c034a6e5d0540dcf042246ffc4815b,2024-10-01,,,,,,,,,,,8.642222222222221,96.46153846153847,8.758333333333333,,,,,,,,92.625,-0.013257215350459924,,,,,,,,0.041420118343195325,unknown,unknown,0.0,82.0
b112181318291141631e7d0142b9c9d5a0c034a6e5d0540dcf042246ffc4815b,2024-10-02,,,,,,,,,,,9.083333333333334,96.0,8.758333333333333,,,,,,,,93.15384615384616,0.03710751665080888,,,,,,,,0.030553261767134528,unknown,unknown,0.0,82.0
b112181318291141631e7d0142b9c9d5a0c034a6e5d0540dcf042246ffc4815b,2024-10-03,,,,,,,,,,,8.216666666666667,96.05263157894737,8.891666666666666,,,,,,,,94.66666666666667,-0.07591377694470466,,,,,,,,0.014640474425500335,unknown,unknown,0.0,75.0
b112181318291141631e7d0142b9c9d5a0c034a6e5d0540dcf042246ffc4815b,2024-10-04,,,,,,,,,,,9.166666666666666,91.4,8.891666666666666,,,,,,,,95.4375,0.030927835051546435,,,,,,,,-0.0423051735428945,unknown,unknown,0.0,75.0
b112181318291141631e7d0142b9c9d5a0c034a6e5d0540dcf042246ffc4815b,2024-10-05,,,,,,,,,,,9.583333333333334,89.2,8.891666666666666,,,,,,,,95.4375,0.07778819119025322,,,,,,,,-0.06535690897184018,unknown,unknown,0.0,75.0
b112181318291141631e7d0142b9c9d5a0c034a6e5d0540dcf042246ffc4815b,2024-10-06,,,,,,,,,,,7.666666666666667,90.6,8.933333333333334,,,,,,,,95.4375,-0.1417910447761194,,,,,,,,-0.05068762278978395,unknown,unknown,0.0,68.0
b112181318291141631e7d0142b9c9d5a0c034a6e5d0540dcf042246ffc4815b,2024-10-07,,,,,,,,,,,7.616666666666666,91.5,8.783333333333333,,,,,,,,94.66666666666667,-0.1328273244781784,,,,,,,,-0.03345070422535216,unknown,unknown,0.0,68.0
b112181318291141631e7d0142b9c9d5a0c034a6e5d0540dcf042246ffc4815b,2024-10-08,,,,,,,,,,,9.183333333333334,96.0,8.642222222222221,,,,,,,,91.5,0.06261249678580626,,,,,,,,0.04918032786885246,unknown,unknown,0.0,82.0
b112181318291141631e7d0142b9c9d5a0c034a6e5d0540dcf042246ffc4815b,2024-10-09,,,,,,,,,,,7.733333333333333,,9.083333333333334,,,,,,,,91.5,-0.1486238532110092,,,,,,,,,unknown,unknown,0.0,73.0
b112181318291141631e7d0142b9c9d5a0c034a6e5d0540dcf042246ffc4815b,2024-10-10,,,,,,,,,,,8.133333333333333,,8.216666666666667,,,,,,,,91.45,-0.010141987829614677,,,,,,,,,unknown,unknown,0.0,80.0
b112181318291141631e7d0142b9c9d5a0c034a6e5d0540dcf042246ffc4815b,2024-10-11,,,,,,,,,,,9.3,,8.133333333333333,,,,,,,,91.4,0.14344262295081983,,,,,,,,,unknown,unknown,0.0,80.0
b112181318291141631e7d0142b9c9d5a0c034a6e5d0540dcf042246ffc4815b,2024-10-12,,,,,,,,,,,8.913333333333334,,8.133333333333333,,,,,,,,91.05,0.09590163934426243,,,,,,,,,unknown,unknown,0.0,80.0
b112181318291141631e7d0142b9c9d5a0c034a6e5d0540dcf042246ffc4815b,2024-10-13,,,,,,,,,,,7.716666666666667,,8.133333333333333,,,,,,,,91.5,-0.05122950819672124,,,,,,,,,unknown,unknown,0.0,73.0
b112181318291141631e7d0142b9c9d5a0c034a6e5d0540dcf042246ffc4815b,2024-10-14,,,,,,,,,,,8.666666666666666,94.21428571428571,8.133333333333333,,,,,,,,,0.06557377049180327,,,,,,,,,unknown,unknown,0.0,80.0
b112181318291141631e7d0142b9c9d5a0c034a6e5d0540dcf042246ffc4815b,2024-10-15,,,,,,,,,,,7.983333333333333,95.33333333333333,8.666666666666666,,,,,,,,,-0.07884615384615377,,,,,,,,,unknown,unknown,0.0,75.0
b112181318291141631e7d0142b9c9d5a0c034a6e5d0540dcf042246ffc4815b,2024-10-16,,,,,,,,,,,8.133333333333333,95.0,8.133333333333333,,,,,,,,,0.0,,,,,,,,,unknown,unknown,0.0,82.0
b112181318291141631e7d0142b9c9d5a0c034a6e5d0540dcf042246ffc4815b,2024-10-17,,,,,,,,,,,8.4,96.125,8.133333333333333,,,,,,,,95.0,0.032786885245901745,,,,,,,,0.011842105263157895,unknown,unknown,0.0,82.0
b112181318291141631e7d0142b9c9d5a0c034a6e5d0540dcf042246ffc4815b,2024-10-18,,,,,,,,,,,8.366666666666667,92.66666666666667,8.4,,,,,,,,95.16666666666666,-0.003968253968253954,,,,,,,,-0.026269702276707385,unknown,unknown,0.0,80.0
b112181318291141631e7d0142b9c9d5a0c034a6e5d0540dcf042246ffc4815b,2024-10-19,,,,,,,,,,,9.866666666666667,88.83333333333333,8.366666666666667,,,,,,,,95.0,0.1792828685258964,,,,,,,,-0.06491228070175444,unknown,unknown,0.0,75.0
b112181318291141631e7d0142b9c9d5a0c034a6e5d0540dcf042246ffc4815b,2024-10-20,,,,,,,,,,,8.316666666666666,93.27272727272727,8.366666666666667,,,,,,,,94.60714285714286,-0.005976095617529965,,,,,,,,-0.014104807989292811,unknown,unknown,0.0,80.0
b112181318291141631e7d0142b9c9d5a0c034a6e5d0540dcf042246ffc4815b,2024-10-21,,,,,,,,,,,8.416666666666666,94.13333333333334,8.366666666666667,,,,,,,,94.21428571428571,0.005976095617529753,,,,,,,,-0.000859236795552051,unknown,unknown,0.0,80.0
b112181318291141631e7d0142b9c9d5a0c034a6e5d0540dcf042246ffc4815b,2024-10-22,,,,,,,,,,,8.683333333333334,94.71428571428571,8.366666666666667,,,,,,,,94.13333333333334,0.03784860557768921,,,,,,,,0.0061715904492107105,unknown,unknown,0.0,80.0
b112181318291141631e7d0142b9c9d5a0c034a6e5d0540dcf042246ffc4815b,2024-10-23,,,,,,,,,,,8.566666666666666,95.47368421052632,8.4,,,,,,,,94.13333333333334,0.01984126984126977,,,,,,,,0.014238854927687412,unknown,unknown,0.0,82.0
b112181318291141631e7d0142b9c9d5a0c034a6e5d0540dcf042246ffc4815b,2024-10-24,,,,,,,,,,,9.528055555555556,95.5,8.416666666666666,,,,,,,,94.13333333333334,0.13204620462046213,,,,,,,,0.01451841359773364,unknown,unknown,0.0,82.0
b112181318291141631e7d0142b9c9d5a0c034a6e5d0540dcf042246ffc4815b,2024-10-25,,,,,,,,,,,8.716666666666667,94.53333333333333,8.566666666666666,,,,,,,,94.13333333333334,0.017509727626459186,,,,,,,,0.004249291784702459,unknown,unknown,0.0,80.0
b112181318291141631e7d0142b9c9d5a0c034a6e5d0540dcf042246ffc4815b,2024-10-26,,,,,,,,,,,9.416666666666666,92.08333333333333,8.683333333333334,,,,,,,,94.53333333333333,0.08445297504798455,,,,,,,,-0.02591678420310299,unknown,unknown,0.0,80.0
b112181318291141631e7d0142b9c9d5a0c034a6e5d0540dcf042246ffc4815b,2024-10-27,,,,,,,,,,,9.183333333333334,92.46666666666667,8.683333333333334,,,,,,,,94.53333333333333,0.05758157389635316,,,,,,,,-0.021861777150916743,unknown,unknown,0.0,80.0
b112181318291141631e7d0142b9c9d5a0c034a6e5d0540dcf042246ffc4815b,2024-10-28,,,,,,,,,,,9.016666666666667,92.72727272727273,8.716666666666667,,,,,,,,94.53333333333333,0.034416826003824175,,,,,,,,-0.019105013463264434,unknown,unknown,0.0,80.0
b112181318291141631e7d0142b9c9d5a0c034a6e5d0540dcf042246ffc4815b,2024-10-29,,,,,,,,,,,8.95,93.625,9.016666666666667,,,,,,,,94.53333333333333,-0.0073937153419595045,,,,,,,,-0.009608603667136792,unknown,unknown,0.0,80.0
b112181318291141631e7d0142b9c9d5a0c034a6e5d0540dcf042246ffc4815b,2024-10-30,,,,,,,,,,,,,9.016666666666667,,,,,,,,93.625,,,,,,,,,,unknown,unknown,0.0,70.0
b112181318291141631e7d0142b9c9d5a0c034a6e5d0540dcf042246ffc4815b,2024-10-31,,,,,,,,,,,8.2,93.0,9.100000000000001,,,,,,,,93.17613636363637,-0.09890109890109912,,,,,,,,-0.0018903591682420766,unknown,unknown,0.0,73.0
b112181318291141631e7d0142b9c9d5a0c034a6e5d0540dcf042246ffc4815b,2024-11-01,,,,,,,,,,,,92.625,8.983333333333334,,,,,,,,92.86363636363637,,,,,,,,,-0.0025697503671073063,unknown,unknown,0.0,70.0
b112181318291141631e7d0142b9c9d5a0c034a6e5d0540dcf042246ffc4815b,2024-11-02,,,,,,,,,,,9.16638888888889,91.0,9.016666666666667,,,,,,,,92.67613636363637,0.016605052372150274,,,,,,,,-0.018085954263993734,unknown,unknown,0.0,75.0
b112181318291141631e7d0142b9c9d5a0c034a6e5d0540dcf042246ffc4815b,2024-11-03,,,,,,,,,,,9.916666666666666,92.18181818181819,9.016666666666667,,,,,,,,92.67613636363637,0.09981515711645085,,,,,,,,-0.0053338237998897,unknown,unknown,0.0,80.0
b112181318291141631e7d0142b9c9d5a0c034a6e5d0540dcf042246ffc4815b,2024-11-04,,,,,,,,,,,8.216666666666667,,9.016666666666667,,,,,,,,92.67613636363637,-0.08872458410351208,,,,,,,,,unknown,unknown,0.0,73.0
b112181318291141631e7d0142b9c9d5a0c034a6e5d0540dcf042246ffc4815b,2024-11-05,,,,,,,,,,,8.45,,8.95,,,,,,,,92.625,-0.0558659217877095,,,,,,,,,unknown,unknown,0.0,73.0
b112181318291141631e7d0142b9c9d5a0c034a6e5d0540dcf042246ffc4815b,2024-11-06,,,,,,,,,,,8.7,,8.45,,,,,,,,92.4034090909091,0.02958579881656805,,,,,,,,,unknown,unknown,0.0,80.0
b112181318291141631e7d0142b9c9d5a0c034a6e5d0540dcf042246ffc4815b,2024-11-07,,,,,,,,,,,8.533333333333333,,8.575,,,,,,,,92.4034090909091,-0.0048590864917394845,,,,,,,,,unknown,unknown,0.0,80.0
b112181318291141631e7d0142b9c9d5a0c034a6e5d0540dcf042246ffc4815b,2024-11-08,,,,,,,,,,,8.95,,8.616666666666667,,,,,,,,92.18181818181819,0.03868471953578322,,,,,,,,,unknown,unknown,0.0,80.0
b112181318291141631e7d0142b9c9d5a0c034a6e5d0540dcf042246ffc4815b,2024-11-09,,,,,,,,,,,9.216666666666667,,8.7,,,,,,,,,0.05938697318007673,,,,,,,,,unknown,unknown,0.0,80.0
b112181318291141631e7d0142b9c9d5a0c034a6e5d0540dcf042246ffc4815b,2024-11-10,,,,,,,,,,,9.333333333333334,,8.7,,,,,,,,,0.07279693486590054,,,,,,,,,unknown,unknown,0.0,80.0
b112181318291141631e7d0142b9c9d5a0c034a6e5d0540dcf042246ffc4815b,2024-11-11,,,,,,,,,,,8.45,,8.7,,,,,,,,,-0.02873563218390805,,,,,,,,,unknown,unknown,0.0,80.0
b112181318291141631e7d0142b9c9d5a0c034a6e5d0540dcf042246ffc4815b,2024-11-12,,,,,,,,,,,8.733333333333333,,8.7,,,,,,,,,0.0038314176245210596,,,,,,,,,unknown,unknown,0.0,80.0
b112181318291141631e7d0142b9c9d5a0c034a6e5d0540dcf042246ffc4815b,2024-11-13,,,,,,,,,,,8.766666666666667,,8.733333333333333,,,,,,,,,0.0038167938931299612,,,,,,,,,unknown,unknown,0.0,80.0
b112181318291141631e7d0142b9c9d5a0c034a6e5d0540dcf042246ffc4815b,2024-11-14,,,,,,,,,,,8.216666666666667,,8.766666666666667,,,,,,,,,-0.06273764258555141,,,,,,,,,unknown,unknown,0.0,73.0
b112181318291141631e7d0142b9c9d5a0c034a6e5d0540dcf042246ffc4815b,2024-11-15,,,,,,,,,,,8.633333333333333,,8.766666666666667,,,,,,,,,-0.015209125475285318,,,,,,,,,unknown,unknown,0.0,80.0
b112181318291141631e7d0142b9c9d5a0c034a6e5d0540dcf042246ffc4815b,2024-11-16,,,,,,,,,,,8.1,,8.733333333333333,,,,,,,,,-0.0725190839694656,,,,,,,,,unknown,unknown,0.0,73.0
b112181318291141631e7d0142b9c9d5a0c034a6e5d0540dcf042246ffc4815b,2024-11-17,,,,,,,,,,,8.05,,8.633333333333333,,,,,,,,,-0.06756756756756743,,,,,,,,,unknown,unknown,0.0,73.0
b112181318291141631e7d0142b9c9d5a0c034a6e5d0540dcf042246ffc4815b,2024-11-18,,,,,,,,,,,6.65,,8.45,,,,,,,,,-0.21301775147928984,,,,,,,,,unknown,unknown,0.0,60.0
b112181318291141631e7d0142b9c9d5a0c034a6e5d0540dcf042246ffc4815b,2024-11-19,,,,,,,,,,,8.383333333333333,,8.216666666666667,,,,,,,,,0.020283975659229136,,,,,,,,,unknown,unknown,0.0,80.0
b112181318291141631e7d0142b9c9d5a0c034a6e5d0540dcf042246ffc4815b,2024-11-20,,,,,,,,,,,7.916666666666667,,8.216666666666667,,,,,,,,,-0.036511156186612555,,,,,,,,,unknown,unknown,0.0,80.0
b112181318291141631e7d0142b9c9d5a0c034a6e5d0540dcf042246ffc4815b,2024-11-21,,,,,,,,,,,8.216666666666667,,8.1,,,,,,,,,0.014403292181070018,,,,,,,,,unknown,unknown,0.0,80.0
b112181318291141631e7d0142b9c9d5a0c034a6e5d0540dcf042246ffc4815b,2024-11-22,,,,,,,,,,,,,8.1,,,,,,,,,,,,,,,,,,unknown,unknown,0.0,70.0
b112181318291141631e7d0142b9c9d5a0c034a6e5d0540dcf042246ffc4815b,2024-11-23,,,,,,,,,,,8.416666666666666,,8.075,,,,,,,,,0.04231166150670797,,,,,,,,,unknown,unknown,0.0,80.0
b112181318291141631e7d0142b9c9d5a0c034a6e5d0540dcf042246ffc4815b,2024-11-24,,,,,,,,,,,9.233333333333333,,8.133333333333333,,,,,,,,,0.13524590163934422,,,,,,,,,unknown,unknown,0.0,80.0
b112181318291141631e7d0142b9c9d5a0c034a6e5d0540dcf042246ffc4815b,2024-11-25,,,,,,,,,,,8.566666666666666,,8.3,,,,,,,,,0.032128514056224786,,,,,,,,,unknown,unknown,0.0,80.0
b112181318291141631e7d0142b9c9d5a0c034a6e5d0540dcf042246ffc4815b,2024-11-26,,,,,,,,,,,8.1,,8.399999999999999,,,,,,,,,-0.035714285714285594,,,,,,,,,unknown,unknown,0.0,80.0
b112181318291141631e7d0142b9c9d5a0c034a6e5d0540dcf042246ffc4815b,2024-11-27,,,,,,,,,,,8.3,,8.316666666666666,,,,,,,,,-0.0020040080160319503,,,,,,,,,unknown,unknown,0.0,80.0
b112181318291141631e7d0142b9c9d5a0c034a6e5d0540dcf042246ffc4815b,2024-11-28,,,,,,,,,,,8.116666666666667,,8.358333333333334,,,,,,,,,-0.028913260219342027,,,,,,,,,unknown,unknown,0.0,80.0
b112181318291141631e7d0142b9c9d5a0c034a6e5d0540dcf042246ffc4815b,2024-11-29,,,,,,,,,,,8.866666666666667,,8.358333333333334,,,,,,,,,0.06081754735792616,,,,,,,,,unknown,unknown,0.0,80.0
b112181318291141631e7d0142b9c9d5a0c034a6e5d0540dcf042246ffc4815b,2024-11-30,,,,,,,,,,,8.4,,8.416666666666666,,,,,,,,,-0.001980198019801868,,,,,,,,,unknown,unknown,0.0,80.0
b112181318291141631e7d0142b9c9d5a0c034a6e5d0540dcf042246ffc4815b,2024-12-01,,,,,,,,,,,9.433333333333334,,8.4,,,,,,,,,0.123015873015873,,,,,,,,,unknown,unknown,0.0,80.0
b112181318291141631e7d0142b9c9d5a0c034a6e5d0540dcf042246ffc4815b,2024-12-02,,,,,,,,,,,8.216666666666667,93.0,8.4,,,,,,,,,-0.021825396825396852,,,,,,,,,unknown,unknown,0.0,80.0
b112181318291141631e7d0142b9c9d5a0c034a6e5d0540dcf042246ffc4815b,2024-12-03,,,,,,,,,,,8.416666666666666,,8.3,,,,,,,,,0.014056224899598235,,,,,,,,,unknown,unknown,0.0,80.0
b112181318291141631e7d0142b9c9d5a0c034a6e5d0540dcf042246ffc4815b,2024-12-04,,,,,,,,,,,8.65,,8.4,,,,,,,,,0.02976190476190476,,,,,,,,,unknown,unknown,0.0,80.0
b112181318291141631e7d0142b9c9d5a0c034a6e5d0540dcf042246ffc4815b,2024-12-05,,,,,,,,,,,7.55,,8.416666666666666,,,,,,,,,-0.10297029702970292,,,,,,,,,unknown,unknown,0.0,73.0
b112181318291141631e7d0142b9c9d5a0c034a6e5d0540dcf042246ffc4815b,2024-12-06,,,,,,,,,,,9.25,,8.416666666666666,,,,,,,,,0.09900990099009908,,,,,,,,,unknown,unknown,0.0,80.0
b112181318291141631e7d0142b9c9d5a0c034a6e5d0540dcf042246ffc4815b,2024-12-07,,,,,,,,,,,8.683333333333334,,8.416666666666666,,,,,,,,,0.03168316831683178,,,,,,,,,unknown,unknown,0.0,80.0
b112181318291141631e7d0142b9c9d5a0c034a6e5d0540dcf042246ffc4815b,2024-12-08,,,,,,,,,,,7.05,,8.65,,,,,,,,,-0.184971098265896,,,,,,,,,unknown,unknown,0.0,60.0
b112181318291141631e7d0142b9c9d5a0c034a6e5d0540dcf042246ffc4815b,2024-12-09,,,,,,,,,,,6.716666666666667,,8.416666666666666,,,,,,,,,-0.2019801980198019,,,,,,,,,unknown,unknown,0.0,60.0
b112181318291141631e7d0142b9c9d5a0c034a6e5d0540dcf042246ffc4815b,2024-12-10,,,,,,,,,,,6.883333333333334,90.33333333333333,8.416666666666666,,,,,,,,,-0.18217821782178206,,,,,,,,,unknown,unknown,0.0,55.0
b112181318291141631e7d0142b9c9d5a0c034a6e5d0540dcf042246ffc4815b,2024-12-11,,,,,,,,,,,7.0,95.8,7.55,,,,,,,,,-0.07284768211920528,,,,,,,,,unknown,unknown,0.0,75.0
b112181318291141631e7d0142b9c9d5a0c034a6e5d0540dcf042246ffc4815b,2024-12-12,,,,,,,,,,,,93.33333333333333,7.05,,,,,,,,,,,,,,,,,,unknown,unknown,0.0,70.0
b112181318291141631e7d0142b9c9d5a0c034a6e5d0540dcf042246ffc4815b,2024-12-13,,,,,,,,,,,8.95,98.0,7.025,,,,,,,,93.33333333333333,0.2740213523131671,,,,,,,,0.05000000000000005,unknown,unknown,0.0,82.0
b112181318291141631e7d0142b9c9d5a0c034a6e5d0540dcf042246ffc4815b,2024-12-14,,,,,,,,,,,8.433333333333334,95.4,7.025,,,,,,,,94.56666666666666,0.2004744958481613,,,,,,,,0.008812125484667001,unknown,unknown,0.0,82.0
b112181318291141631e7d0142b9c9d5a0c034a6e5d0540dcf042246ffc4815b,2024-12-15,,,,,,,,,,,9.2,95.5,7.025,,,,,,,,95.4,0.30960854092526674,,,,,,,,0.0010482180293500452,unknown,unknown,0.0,82.0
b112181318291141631e7d0142b9c9d5a0c034a6e5d0540dcf042246ffc4815b,2024-12-16,,,,,,,,,,,8.2,91.33333333333333,7.716666666666667,,,,,,,,95.45,0.06263498920086383,,,,,,,,-0.043129037890693285,unknown,unknown,0.0,75.0
b112181318291141631e7d0142b9c9d5a0c034a6e5d0540dcf042246ffc4815b,2024-12-17,,,,,,,,,,,,91.0,8.316666666666666,,,,,,,,95.4,,,,,,,,,-0.04612159329140467,unknown,unknown,0.0,65.0
b112181318291141631e7d0142b9c9d5a0c034a6e5d0540dcf042246ffc4815b,2024-12-21,,,,,,,,,,,,,8.433333333333334,,,,,,,,95.4,,,,,,,,,,unknown,unknown,0.0,70.0
b112181318291141631e7d0142b9c9d5a0c034a6e5d0540dcf042246ffc4815b,2024-12-22,,,,,,,,,,,,,8.691666666666666,,,,,,,,94.36666666666667,,,,,,,,,,unknown,unknown,0.0,70.0
b112181318291141631e7d0142b9c9d5a0c034a6e5d0540dcf042246ffc4815b,2024-12-23,,,,,,,,,,,,,8.691666666666666,,,,,,,,95.4,,,,,,,,,,unknown,unknown,0.0,70.0
b112181318291141631e7d0142b9c9d5a0c034a6e5d0540dcf042246ffc4815b,2024-12-24,,,,,,,,,,,,,8.433333333333334,,,,,,,,93.36666666666667,,,,,,,,,,unknown,unknown,0.0,70.0
b112181318291141631e7d0142b9c9d5a0c034a6e5d0540dcf042246ffc4815b,2024-12-25,,,,,,,,,,,,,,,,,,,,,91.33333333333333,,,,,,,,,,unknown,unknown,0.0,70.0
b112181318291141631e7d0142b9c9d5a0c034a6e5d0540dcf042246ffc4815b,2024-12-26,,,,,,,,,,,,,,,,,,,,,,,,,,,,,,,unknown,unknown,0.0,70.0
b112181318291141631e7d0142b9c9d5a0c034a6e5d0540dcf042246ffc4815b,2024-12-27,,,,,,,,,,,,,,,,,,,,,,,,,,,,,,,unknown,unknown,0.0,70.0
b112181318291141631e7d0142b9c9d5a0c034a6e5d0540dcf042246ffc4815b,2024-12-28,,,,,,,,,,,,,,,,,,,,,,,,,,,,,,,unknown,unknown,0.0,70.0
b112181318291141631e7d0142b9c9d5a0c034a6e5d0540dcf042246ffc4815b,2024-12-29,,,,,,,,,,,,,,,,,,,,,,,,,,,,,,,unknown,unknown,0.0,70.0
b112181318291141631e7d0142b9c9d5a0c034a6e5d0540dcf042246ffc4815b,2024-12-30,,,,,,,,,,,,,,,,,,,,,,,,,,,,,,,unknown,unknown,0.0,70.0
b112181318291141631e7d0142b9c9d5a0c034a6e5d0540dcf042246ffc4815b,2024-12-31,,,,,,,,,,,,,,,,,,,,,,,,,,,,,,,unknown,unknown,0.0,70.0
b112181318291141631e7d0142b9c9d5a0c034a6e5d0540dcf042246ffc4815b,2025-01-01,,,,,,,,,,,,,,,,,,,,,,,,,,,,,,,unknown,unknown,0.0,70.0
b112181318291141631e7d0142b9c9d5a0c034a6e5d0540dcf042246ffc4815b,2025-01-02,,,,,,,,,,,9.35,91.0,,,,,,,,,,,,,,,,,,,unknown,unknown,0.0,65.0
b112181318291141631e7d0142b9c9d5a0c034a6e5d0540dcf042246ffc4815b,2025-01-03,,,,,,,,,,,9.4,92.66666666666667,,,,,,,,,,,,,,,,,,,unknown,unknown,0.0,70.0
b112181318291141631e7d0142b9c9d5a0c034a6e5d0540dcf042246ffc4815b,2025-01-04,,,,,,,,,,,9.616666666666667,93.52631578947368,,,,,,,,,,,,,,,,,,,unknown,unknown,0.0,70.0
b112181318291141631e7d0142b9c9d5a0c034a6e5d0540dcf042246ffc4815b,2025-01-05,,,,,,,,,,,8.566666666666666,94.7,9.4,,,,,,,,92.66666666666667,-0.0886524822695036,,,,,,,,0.021942446043165448,unknown,unknown,0.0,73.0
b112181318291141631e7d0142b9c9d5a0c034a6e5d0540dcf042246ffc4815b,2025-01-06,,,,,,,,,,,8.733333333333333,94.5,9.375,,,,,,,,93.09649122807018,-0.06844444444444453,,,,,,,,0.015075850372185026,unknown,unknown,0.0,73.0
b112181318291141631e7d0142b9c9d5a0c034a6e5d0540dcf042246ffc4815b,2025-01-07,,,,,,,,,,,8.05,95.15384615384616,9.35,,,,,,,,93.52631578947368,-0.1390374331550801,,,,,,,,0.017401844076014087,unknown,unknown,0.0,75.0
b112181318291141631e7d0142b9c9d5a0c034a6e5d0540dcf042246ffc4815b,2025-01-08,,,,,,,,,,,8.1,93.16666666666667,9.041666666666666,,,,,,,,94.01315789473685,-0.104147465437788,,,,,,,,-0.009003965477023588,unknown,unknown,0.0,73.0
b112181318291141631e7d0142b9c9d5a0c034a6e5d0540dcf042246ffc4815b,2025-01-09,,,,,,,,,,,8.666666666666666,92.55555555555556,8.733333333333333,,,,,,,,93.52631578947368,-0.007633587786259516,,,,,,,,-0.01037954104920902,unknown,unknown,0.0,80.0
b112181318291141631e7d0142b9c9d5a0c034a6e5d0540dcf042246ffc4815b,2025-01-10,,,,,,,,,,,,90.66666666666667,8.666666666666666,,,,,,,,93.52631578947368,,,,,,,,,-0.030575876946163903,unknown,unknown,0.0,65.0
b112181318291141631e7d0142b9c9d5a0c034a6e5d0540dcf042246ffc4815b,2025-01-11,,,,,,,,,,,7.766666666666667,93.0,8.616666666666667,,,,,,,,93.52631578947368,-0.09864603481624763,,,,,,,,-0.0056274620146314095,unknown,unknown,0.0,73.0
b112181318291141631e7d0142b9c9d5a0c034a6e5d0540dcf042246ffc4815b,2025-01-12,,,,,,,,,,,,94.0,8.333333333333332,,,,,,,,93.16666666666667,,,,,,,,,0.008944543828264708,unknown,unknown,0.0,70.0
b112181318291141631e7d0142b9c9d5a0c034a6e5d0540dcf042246ffc4815b,2025-01-13,,,,,,,,,,,8.333333333333334,97.0,8.1,,,,,,,,93.16666666666667,0.028806584362140036,,,,,,,,0.04114490161001784,unknown,unknown,0.0,82.0
b112181318291141631e7d0142b9c9d5a0c034a6e5d0540dcf042246ffc4815b,2025-01-14,,,,,,,,,,,8.416666666666666,92.0,8.1,,,,,,,,93.16666666666667,0.03909465020576129,,,,,,,,-0.012522361359570713,unknown,unknown,0.0,80.0
b112181318291141631e7d0142b9c9d5a0c034a6e5d0540dcf042246ffc4815b,2025-01-15,,,,,,,,,,,8.316666666666666,95.0,8.333333333333334,,,,,,,,93.0,-0.0020000000000000994,,,,,,,,0.021505376344086023,unknown,unknown,0.0,82.0
b112181318291141631e7d0142b9c9d5a0c034a6e5d0540dcf042246ffc4815b,2025-01-16,,,,,,,,,,,8.716666666666667,91.33333333333333,8.333333333333334,,,,,,,,93.0,0.04599999999999994,,,,,,,,-0.01792114695340507,unknown,unknown,0.0,75.0
b112181318291141631e7d0142b9c9d5a0c034a6e5d0540dcf042246ffc4815b,2025-01-17,,,,,,,,,,,8.366666666666667,93.0,8.333333333333334,,,,,,,,93.0,0.003999999999999985,,,,,,,,0.0,unknown,unknown,0.0,80.0
b112181318291141631e7d0142b9c9d5a0c034a6e5d0540dcf042246ffc4815b,2025-01-18,,,,,,,,,,,9.55,96.8,8.350000000000001,,,,,,,,93.0,0.14371257485029929,,,,,,,,0.04086021505376341,unknown,unknown,0.0,82.0
b112181318291141631e7d0142b9c9d5a0c034a6e5d0540dcf042246ffc4815b,2025-01-19,,,,,,,,,,,9.1,96.66666666666667,8.391666666666666,,,,,,,,94.0,0.08440913604766642,,,,,,,,0.028368794326241186,unknown,unknown,0.0,82.0
b112181318291141631e7d0142b9c9d5a0c034a6e5d0540dcf042246ffc4815b,2025-01-20,,,,,,,,,,,7.95,92.66666666666667,8.416666666666666,,,,,,,,95.0,-0.055445544554455356,,,,,,,,-0.02456140350877188,unknown,unknown,0.0,73.0
b112181318291141631e7d0142b9c9d5a0c034a6e5d0540dcf042246ffc4815b,2025-01-21,,,,,,,,,,,8.25,95.6,8.416666666666666,,,,,,,,93.0,-0.019801980198019733,,,,,,,,0.027956989247311766,unknown,unknown,0.0,82.0
b112181318291141631e7d0142b9c9d5a0c034a6e5d0540dcf042246ffc4815b,2025-01-22,,,,,,,,,,,8.433333333333334,94.4,8.366666666666667,,,,,,,,95.0,0.007968127490039813,,,,,,,,-0.0063157894736841505,unknown,unknown,0.0,80.0
b112181318291141631e7d0142b9c9d5a0c034a6e5d0540dcf042246ffc4815b,2025-01-23,,,,,,,,,,,8.216666666666667,93.66666666666667,8.433333333333334,,,,,,,,94.4,-0.025691699604743098,,,,,,,,-0.007768361581920914,unknown,unknown,0.0,80.0
b112181318291141631e7d0142b9c9d5a0c034a6e5d0540dcf042246ffc4815b,2025-01-24,,,,,,,,,,,8.883333333333333,96.0,8.366666666666667,,,,,,,,94.4,0.06175298804780865,,,,,,,,0.01694915254237282,unknown,unknown,0.0,82.0
b112181318291141631e7d0142b9c9d5a0c034a6e5d0540dcf042246ffc4815b,2025-01-25,,,,,,,,,,,8.85,94.0,8.433333333333334,,,,,,,,95.6,0.04940711462450586,,,,,,,,-0.01673640167364011,unknown,unknown,0.0,80.0
b112181318291141631e7d0142b9c9d5a0c034a6e5d0540dcf042246ffc4815b,2025-01-26,,,,,,,,,,,8.283333333333333,93.2,8.433333333333334,,,,,,,,94.4,-0.017786561264822177,,,,,,,,-0.01271186440677969,unknown,unknown,0.0,80.0
b112181318291141631e7d0142b9c9d5a0c034a6e5d0540dcf042246ffc4815b,2025-01-27,,,,,,,,,,,8.816666666666666,90.0,8.283333333333333,,,,,,,,94.0,0.06438631790744466,,,,,,,,-0.0425531914893617,unknown,unknown,0.0,75.0
b112181318291141631e7d0142b9c9d5a0c034a6e5d0540dcf042246ffc4815b,2025-01-28,,,,,,,,,,,8.416666666666666,93.0,8.433333333333334,,,,,,,,94.0,-0.0019762845849803355,,,,,,,,-0.010638297872340425,unknown,unknown,0.0,80.0
b112181318291141631e7d0142b9c9d5a0c034a6e5d0540dcf042246ffc4815b,2025-01-29,,,,,,,,,,,8.516666666666667,95.2,8.433333333333334,,,,,,,,93.66666666666667,0.009881422924901255,,,,,,,,0.016370106761565816,unknown,unknown,0.0,82.0
b112181318291141631e7d0142b9c9d5a0c034a6e5d0540dcf042246ffc4815b,2025-01-30,,,,,,,,,,,8.6,96.0,8.516666666666667,,,,,,,,93.66666666666667,0.009784735812132933,,,,,,,,0.0249110320284697,unknown,unknown,0.0,82.0
b112181318291141631e7d0142b9c9d5a0c034a6e5d0540dcf042246ffc4815b,2025-01-31,,,,,,,,,,,8.016666666666667,94.5,8.6,,,,,,,,94.0,-0.06782945736434096,,,,,,,,0.005319148936170213,unknown,unknown,0.0,73.0
b112181318291141631e7d0142b9c9d5a0c034a6e5d0540dcf042246ffc4815b,2025-02-01,,,,,,,,,,,9.35,93.0,8.516666666666667,,,,,,,,94.0,0.09784735812133058,,,,,,,,-0.010638297872340425,unknown,unknown,0.0,80.0
b112181318291141631e7d0142b9c9d5a0c034a6e5d0540dcf042246ffc4815b,2025-02-02,,,,,,,,,,,8.55,94.8,8.516666666666667,,,,,,,,93.2,0.003913894324853215,,,,,,,,0.017167381974248865,unknown,unknown,0.0,80.0
b112181318291141631e7d0142b9c9d5a0c034a6e5d0540dcf042246ffc4815b,2025-02-03,,,,,,,,,,,8.183333333333334,95.6,8.55,,,,,,,,94.5,-0.04288499025341136,,,,,,,,0.01164021164021158,unknown,unknown,0.0,82.0
b112181318291141631e7d0142b9c9d5a0c034a6e5d0540dcf042246ffc4815b,2025-02-04,,,,,,,,,,,8.383333333333333,94.4,8.516666666666667,,,,,,,,94.8,-0.015655577299413068,,,,,,,,-0.004219409282700332,unknown,unknown,0.0,80.0
b112181318291141631e7d0142b9c9d5a0c034a6e5d0540dcf042246ffc4815b,2025-02-05,,,,,,,,,,,,95.33333333333333,8.516666666666667,,,,,,,,94.8,,,,,,,,,0.005625879043600543,unknown,unknown,0.0,72.0
b112181318291141631e7d0142b9c9d5a0c034a6e5d0540dcf042246ffc4815b,2025-02-06,,,,,,,,,,,8.55,95.0,8.466666666666667,,,,,,,,94.8,0.00984251968503944,,,,,,,,0.002109704641350241,unknown,unknown,0.0,82.0
b112181318291141631e7d0142b9c9d5a0c034a6e5d0540dcf042246ffc4815b,2025-02-07,,,,,,,,,,,,93.66666666666667,8.466666666666667,,,,,,,,94.8,,,,,,,,,-0.011954992967651117,unknown,unknown,0.0,70.0
b112181318291141631e7d0142b9c9d5a0c034a6e5d0540dcf042246ffc4815b,2025-02-08,,,,,,,,,,,,,8.55,,,,,,,,94.8,,,,,,,,,,unknown,unknown,0.0,70.0
b112181318291141631e7d0142b9c9d5a0c034a6e5d0540dcf042246ffc4815b,2025-02-09,,,,,,,,,,,9.183333333333334,91.0,8.466666666666667,,,,,,,,94.9,0.0846456692913386,,,,,,,,-0.041095890410958964,unknown,unknown,0.0,75.0
b112181318291141631e7d0142b9c9d5a0c034a6e5d0540dcf042246ffc4815b,2025-02-10,,,,,,,,,,,8.45,92.2,8.466666666666667,,,,,,,,94.7,-0.001968503937007972,,,,,,,,-0.026399155227032733,unknown,unknown,0.0,80.0
b112181318291141631e7d0142b9c9d5a0c034a6e5d0540dcf042246ffc4815b,2025-02-11,,,,,,,,,,,8.716666666666667,93.4,8.5,,,,,,,,94.03333333333333,0.025490196078431386,,,,,,,,-0.0067352002835873,unknown,unknown,0.0,80.0
b112181318291141631e7d0142b9c9d5a0c034a6e5d0540dcf042246ffc4815b,2025-02-12,,,,,,,,,,,8.9,93.8,8.633333333333333,,,,,,,,93.53333333333333,0.030888030888030986,,,,,,,,0.0028510334996436106,unknown,unknown,0.0,80.0
b112181318291141631e7d0142b9c9d5a0c034a6e5d0540dcf042246ffc4815b,2025-02-13,,,,,,,,,,,8.7,93.6,8.716666666666667,,,,,,,,93.53333333333333,-0.0019120458891014336,,,,,,,,0.0007127583749108647,unknown,unknown,0.0,80.0
b112181318291141631e7d0142b9c9d5a0c034a6e5d0540dcf042246ffc4815b,2025-02-14,,,,,,,,,,,8.45,94.0,8.716666666666667,,,,,,,,93.5,-0.03059273422562151,,,,,,,,0.0053475935828877,unknown,unknown,0.0,80.0
b112181318291141631e7d0142b9c9d5a0c034a6e5d0540dcf042246ffc4815b,2025-02-15,,,,,,,,,,,9.583333333333334,94.2,8.708333333333332,,,,,,,,93.5,0.10047846889952175,,,,,,,,0.007486631016042811,unknown,unknown,0.0,80.0
b112181318291141631e7d0142b9c9d5a0c034a6e5d0540dcf042246ffc4815b,2025-02-16,,,,,,,,,,,7.1,92.0,8.716666666666667,,,,,,,,93.6,-0.18546845124282987,,,,,,,,-0.017094017094017033,unknown,unknown,0.0,60.0
b112181318291141631e7d0142b9c9d5a0c034a6e5d0540dcf042246ffc4815b,2025-02-17,,,,,,,,,,,8.883333333333333,93.6,8.7,,,,,,,,93.6,0.02107279693486593,,,,,,,,0.0,unknown,unknown,0.0,80.0
b112181318291141631e7d0142b9c9d5a0c034a6e5d0540dcf042246ffc4815b,2025-02-18,,,,,,,,,,,8.233333333333333,91.8,8.716666666666667,,,,,,,,93.6,-0.055449330783938926,,,,,,,,-0.0192307692307692,unknown,unknown,0.0,68.0
b112181318291141631e7d0142b9c9d5a0c034a6e5d0540dcf042246ffc4815b,2025-02-19,,,,,,,,,,,8.716666666666667,92.0,8.7,,,,,,,,93.6,0.001915708812260632,,,,,,,,-0.017094017094017033,unknown,unknown,0.0,80.0
b112181318291141631e7d0142b9c9d5a0c034a6e5d0540dcf042246ffc4815b,2025-02-20,,,,,,,,,,,8.8,94.2,8.7,,,,,,,,93.6,0.011494252873563383,,,,,,,,0.006410256410256502,unknown,unknown,0.0,80.0
b112181318291141631e7d0142b9c9d5a0c034a6e5d0540dcf042246ffc4815b,2025-02-21,,,,,,,,,,,,96.0,8.716666666666667,,,,,,,,93.6,,,,,,,,,0.025641025641025703,unknown,unknown,0.0,72.0
b112181318291141631e7d0142b9c9d5a0c034a6e5d0540dcf042246ffc4815b,2025-02-22,,,,,,,,,,,8.966666666666667,92.5,8.758333333333333,,,,,,,,93.6,0.023786869647954397,,,,,,,,-0.011752136752136691,unknown,unknown,0.0,80.0
b112181318291141631e7d0142b9c9d5a0c034a6e5d0540dcf042246ffc4815b,2025-02-23,,,,,,,,,,,9.433333333333334,96.0,8.758333333333333,,,,,,,,92.5,0.0770694576593721,,,,,,,,0.03783783783783784,unknown,unknown,0.0,82.0
b112181318291141631e7d0142b9c9d5a0c034a6e5d0540dcf042246ffc4815b,2025-02-24,,,,,,,,,,,8.383333333333333,94.0,8.841666666666667,,,,,,,,93.6,-0.051837888784165946,,,,,,,,0.004273504273504335,unknown,unknown,0.0,73.0
b112181318291141631e7d0142b9c9d5a0c034a6e5d0540dcf042246ffc4815b,2025-02-25,,,,,,,,,,,8.433333333333334,94.0,8.758333333333333,,,,,,,,94.0,-0.03710751665080868,,,,,,,,0.0,unknown,unknown,0.0,80.0
b112181318291141631e7d0142b9c9d5a0c034a6e5d0540dcf042246ffc4815b,2025-02-26,,,,,,,,,,,8.366666666666667,92.2,8.758333333333333,,,,,,,,94.0,-0.04471931493815403,,,,,,,,-0.019148936170212735,unknown,unknown,0.0,80.0
b112181318291141631e7d0142b9c9d5a0c034a6e5d0540dcf042246ffc4815b,2025-02-27,,,,,,,,,,,9.25,90.8,8.616666666666667,,,,,,,,94.0,0.07350096711798834,,,,,,,,-0.03404255319148939,unknown,unknown,0.0,75.0
b112181318291141631e7d0142b9c9d5a0c034a6e5d0540dcf042246ffc4815b,2025-02-28,,,,,,,,,,,8.7,95.0,8.7,,,,,,,,94.0,0.0,,,,,,,,0.010638297872340425,unknown,unknown,0.0,82.0
b112181318291141631e7d0142b9c9d5a0c034a6e5d0540dcf042246ffc4815b,2025-03-01,,,,,,,,,,,9.55,94.6,8.7,,,,,,,,94.0,0.09770114942528753,,,,,,,,0.006382978723404195,unknown,unknown,0.0,80.0
b112181318291141631e7d0142b9c9d5a0c034a6e5d0540dcf042246ffc4815b,2025-03-02,,,,,,,,,,,7.25,94.2,8.7,,,,,,,,94.0,-0.1666666666666666,,,,,,,,0.0021276595744681155,unknown,unknown,0.0,60.0
b112181318291141631e7d0142b9c9d5a0c034a6e5d0540dcf042246ffc4815b,2025-03-03,,,,,,,,,,,8.666666666666666,93.0,8.433333333333334,,,,,,,,94.0,0.02766798418972322,,,,,,,,-0.010638297872340425,unknown,unknown,0.0,80.0
b112181318291141631e7d0142b9c9d5a0c034a6e5d0540dcf042246ffc4815b,2025-03-04,,,,,,,,,,,7.783333333333333,93.8,8.666666666666666,,,,,,,,94.0,-0.10192307692307688,,,,,,,,-0.0021276595744681155,unknown,unknown,0.0,73.0
b112181318291141631e7d0142b9c9d5a0c034a6e5d0540dcf042246ffc4815b,2025-03-05,,,,,,,,,,,8.35,94.2,8.666666666666666,,,,,,,,93.8,-0.03653846153846151,,,,,,,,0.004264392324093877,unknown,unknown,0.0,80.0
b112181318291141631e7d0142b9c9d5a0c034a6e5d0540dcf042246ffc4815b,2025-03-06,,,,,,,,,,,8.7,95.4,8.666666666666666,,,,,,,,94.2,0.003846153846153833,,,,,,,,0.012738853503184744,unknown,unknown,0.0,82.0
b112181318291141631e7d0142b9c9d5a0c034a6e5d0540dcf042246ffc4815b,2025-03-07,,,,,,,,,,,,93.66666666666667,8.666666666666666,,,,,,,,94.2,,,,,,,,,-0.005661712668082074,unknown,unknown,0.0,70.0
b112181318291141631e7d0142b9c9d5a0c034a6e5d0540dcf042246ffc4815b,2025-03-08,,,,,,,,,,,,,8.508333333333333,,,,,,,,94.2,,,,,,,,,,unknown,unknown,0.0,70.0
b112181318291141631e7d0142b9c9d5a0c034a6e5d0540dcf042246ffc4815b,2025-03-09,,,,,,,,,,,8.683333333333334,94.0,8.35,,,,,,,,94.0,0.03992015968063879,,,,,,,,0.0,unknown,unknown,0.0,80.0
b112181318291141631e7d0142b9c9d5a0c034a6e5d0540dcf042246ffc4815b,2025-03-10,,,,,,,,,,,8.983333333333333,93.2,8.666666666666666,,,,,,,,93.9,0.03653846153846151,,,,,,,,-0.007454739084132085,unknown,unknown,0.0,80.0
b112181318291141631e7d0142b9c9d5a0c034a6e5d0540dcf042246ffc4815b,2025-03-11,,,,,,,,,,,8.433333333333334,91.0,8.683333333333334,,,,,,,,93.9,-0.02879078694817658,,,,,,,,-0.03088391906283286,unknown,unknown,0.0,75.0
b112181318291141631e7d0142b9c9d5a0c034a6e5d0540dcf042246ffc4815b,2025-03-12,,,,,,,,,,,,96.0,8.683333333333334,,,,,,,,93.83333333333334,,,,,,,,,0.02309058614564821,unknown,unknown,0.0,72.0
b112181318291141631e7d0142b9c9d5a0c034a6e5d0540dcf042246ffc4815b,2025-03-13,,,,,,,,,,,,,8.691666666666666,,,,,,,,93.83333333333334,,,,,,,,,,unknown,unknown,0.0,70.0
b112181318291141631e7d0142b9c9d5a0c034a6e5d0540dcf042246ffc4815b,2025-03-14,,,,,,,,,,,,,8.683333333333334,,,,,,,,93.66666666666667,,,,,,,,,,unknown,unknown,0.0,70.0
b112181318291141631e7d0142b9c9d5a0c034a6e5d0540dcf042246ffc4815b,2025-03-15,,,,,,,,,,,,,8.683333333333334,,,,,,,,93.6,,,,,,,,,,unknown,unknown,0.0,70.0
b112181318291141631e7d0142b9c9d5a0c034a6e5d0540dcf042246ffc4815b,2025-03-16,,,,,,,,,,,,,8.683333333333334,,,,,,,,93.6,,,,,,,,,,unknown,unknown,0.0,70.0
b112181318291141631e7d0142b9c9d5a0c034a6e5d0540dcf042246ffc4815b,2025-03-17,,,,,,,,,,,,,,,,,,,,,93.2,,,,,,,,,,unknown,unknown,0.0,70.0
b112181318291141631e7d0142b9c9d5a0c034a6e5d0540dcf042246ffc4815b,2025-03-18,,,,,,,,,,,,,,,,,,,,,,,,,,,,,,,unknown,unknown,0.0,70.0
b112181318291141631e7d0142b9c9d5a0c034a6e5d0540dcf042246ffc4815b,2025-03-19,,,,,,,,,,,,,,,,,,,,,,,,,,,,,,,unknown,unknown,0.0,70.0
b112181318291141631e7d0142b9c9d5a0c034a6e5d0540dcf042246ffc4815b,2025-03-20,,,,,,,,,,,,,,,,,,,,,,,,,,,,,,,unknown,unknown,0.0,70.0
b112181318291141631e7d0142b9c9d5a0c034a6e5d0540dcf042246ffc4815b,2025-03-21,,,,,,,,,,,,,,,,,,,,,,,,,,,,,,,unknown,unknown,0.0,70.0
b112181318291141631e7d0142b9c9d5a0c034a6e5d0540dcf042246ffc4815b,2025-03-25,,,,,,,,,,,,,,,,,,,,,,,,,,,,,,,unknown,unknown,0.0,70.0
b112181318291141631e7d0142b9c9d5a0c034a6e5d0540dcf042246ffc4815b,2025-03-26,,,,,,,,,,,,,,,,,,,,,,,,,,,,,,,unknown,unknown,0.0,70.0
b112181318291141631e7d0142b9c9d5a0c034a6e5d0540dcf042246ffc4815b,2025-03-27,,,,,,,,,,,,,,,,,,,,,,,,,,,,,,,unknown,unknown,0.0,70.0
b112181318291141631e7d0142b9c9d5a0c034a6e5d0540dcf042246ffc4815b,2025-03-28,,,,,,,,,,,,,,,,,,,,,,,,,,,,,,,unknown,unknown,0.0,70.0
b112181318291141631e7d0142b9c9d5a0c034a6e5d0540dcf042246ffc4815b,2025-03-29,,,,,,,,,,,,,,,,,,,,,,,,,,,,,,,unknown,unknown,0.0,70.0
b112181318291141631e7d0142b9c9d5a0c034a6e5d0540dcf042246ffc4815b,2025-03-30,,,,,,,,,,,,,,,,,,,,,,,,,,,,,,,unknown,unknown,0.0,70.0
b112181318291141631e7d0142b9c9d5a0c034a6e5d0540dcf042246ffc4815b,2025-03-31,,,,,,,,,,,,,,,,,,,,,,,,,,,,,,,unknown,unknown,0.0,70.0
b112181318291141631e7d0142b9c9d5a0c034a6e5d0540dcf042246ffc4815b,2025-04-01,,,,,,,,,,,,,,,,,,,,,,,,,,,,,,,unknown,unknown,0.0,70.0
b112181318291141631e7d0142b9c9d5a0c034a6e5d0540dcf042246ffc4815b,2025-04-02,,,,,,,,,,,,,,,,,,,,,,,,,,,,,,,unknown,unknown,0.0,70.0
b112181318291141631e7d0142b9c9d5a0c034a6e5d0540dcf042246ffc4815b,2025-04-03,,,,,,,,,,,,,,,,,,,,,,,,,,,,,,,unknown,unknown,0.0,70.0
b112181318291141631e7d0142b9c9d5a0c034a6e5d0540dcf042246ffc4815b,2025-04-04,,,,,,,,,,,,,,,,,,,,,,,,,,,,,,,unknown,unknown,0.0,70.0
b112181318291141631e7d0142b9c9d5a0c034a6e5d0540dcf042246ffc4815b,2025-04-05,,,,,,,,,,,,,,,,,,,,,,,,,,,,,,,unknown,unknown,0.0,70.0
b112181318291141631e7d0142b9c9d5a0c034a6e5d0540dcf042246ffc4815b,2025-04-06,,,,,,,,,,,,,,,,,,,,,,,,,,,,,,,unknown,unknown,0.0,70.0
b112181318291141631e7d0142b9c9d5a0c034a6e5d0540dcf042246ffc4815b,2025-04-07,,,,,,,,,,,,,,,,,,,,,,,,,,,,,,,unknown,unknown,0.0,70.0
b112181318291141631e7d0142b9c9d5a0c034a6e5d0540dcf042246ffc4815b,2025-04-08,,,,,,,,,,,,,,,,,,,,,,,,,,,,,,,unknown,unknown,0.0,70.0
b112181318291141631e7d0142b9c9d5a0c034a6e5d0540dcf042246ffc4815b,2025-04-09,,,,,,,,,,,,,,,,,,,,,,,,,,,,,,,unknown,unknown,0.0,70.0
b112181318291141631e7d0142b9c9d5a0c034a6e5d0540dcf042246ffc4815b,2025-05-03,,,,,,,,,,,10.0,88.0,,,,,,,,,,,,,,,,,,,unknown,unknown,0.0,65.0
b112181318291141631e7d0142b9c9d5a0c034a6e5d0540dcf042246ffc4815b,2025-05-04,,,,,,,,,,,8.816666666666666,88.0,,,,,,,,,,,,,,,,,,,unknown,unknown,0.0,65.0
b112181318291141631e7d0142b9c9d5a0c034a6e5d0540dcf042246ffc4815b,2025-05-05,,,,,,,,,,,,91.0,,,,,,,,,,,,,,,,,,,unknown,unknown,0.0,65.0
b112181318291141631e7d0142b9c9d5a0c034a6e5d0540dcf042246ffc4815b,2025-05-06,,,,,,,,,,,,,,,,,,,,,88.0,,,,,,,,,,unknown,unknown,0.0,70.0
b112181318291141631e7d0142b9c9d5a0c034a6e5d0540dcf042246ffc4815b,2025-05-07,,,,,,,,,,,,,,,,,,,,,88.0,,,,,,,,,,unknown,unknown,0.0,70.0
b112181318291141631e7d0142b9c9d5a0c034a6e5d0540dcf042246ffc4815b,2025-05-08,,,,,,,,,,,,,,,,,,,,,88.0,,,,,,,,,,unknown,unknown,0.0,70.0
b112181318291141631e7d0142b9c9d5a0c034a6e5d0540dcf042246ffc4815b,2025-05-09,,,,,,,,,,,,,,,,,,,,,88.0,,,,,,,,,,unknown,unknown,0.0,70.0
b112181318291141631e7d0142b9c9d5a0c034a6e5d0540dcf042246ffc4815b,2025-05-10,,,,,,,,,,,,,,,,,,,,,88.0,,,,,,,,,,unknown,unknown,0.0,70.0
b112181318291141631e7d0142b9c9d5a0c034a6e5d0540dcf042246ffc4815b,2025-05-11,,,,,,,,,,,,,,,,,,,,,,,,,,,,,,,unknown,unknown,0.0,70.0
b112181318291141631e7d0142b9c9d5a0c034a6e5d0540dcf042246ffc4815b,2025-05-12,,,,,,,,,,,,,,,,,,,,,,,,,,,,,,,unknown,unknown,0.0,70.0
b112181318291141631e7d0142b9c9d5a0c034a6e5d0540dcf042246ffc4815b,2025-05-13,,,,,,,,,,,,,,,,,,,,,,,,,,,,,,,unknown,unknown,0.0,70.0
b112181318291141631e7d0142b9c9d5a0c034a6e5d0540dcf042246ffc4815b,2025-05-14,,,,,,,,,,,,,,,,,,,,,,,,,,,,,,,unknown,unknown,0.0,70.0
b112181318291141631e7d0142b9c9d5a0c034a6e5d0540dcf042246ffc4815b,2025-05-15,,,,,,,,,,,,,,,,,,,,,,,,,,,,,,,unknown,unknown,0.0,70.0
b112181318291141631e7d0142b9c9d5a0c034a6e5d0540dcf042246ffc4815b,2025-05-16,,,,,,,,,,,,,,,,,,,,,,,,,,,,,,,unknown,unknown,0.0,70.0
b112181318291141631e7d0142b9c9d5a0c034a6e5d0540dcf042246ffc4815b,2025-05-17,,,,,,,,,,,,,,,,,,,,,,,,,,,,,,,unknown,unknown,0.0,70.0
b112181318291141631e7d0142b9c9d5a0c034a6e5d0540dcf042246ffc4815b,2025-05-18,,,,,,,,,,,,,,,,,,,,,,,,,,,,,,,unknown,unknown,0.0,70.0
b112181318291141631e7d0142b9c9d5a0c034a6e5d0540dcf042246ffc4815b,2025-05-19,,,,,,,,,,,,,,,,,,,,,,,,,,,,,,,unknown,unknown,0.0,70.0
b112181318291141631e7d0142b9c9d5a0c034a6e5d0540dcf042246ffc4815b,2025-05-20,,,,,,,,,,,,,,,,,,,,,,,,,,,,,,,unknown,unknown,0.0,70.0
b112181318291141631e7d0142b9c9d5a0c034a6e5d0540dcf042246ffc4815b,2025-05-21,,,,,,,,,,,,,,,,,,,,,,,,,,,,,,,unknown,unknown,0.0,70.0
b112181318291141631e7d0142b9c9d5a0c034a6e5d0540dcf042246ffc4815b,2025-05-22,,,,,,,,,,,,,,,,,,,,,,,,,,,,,,,unknown,unknown,0.0,70.0
b112181318291141631e7d0142b9c9d5a0c034a6e5d0540dcf042246ffc4815b,2025-05-23,,,,,,,,,,,,,,,,,,,,,,,,,,,,,,,unknown,unknown,0.0,70.0
b112181318291141631e7d0142b9c9d5a0c034a6e5d0540dcf042246ffc4815b,2025-05-24,,,,,,,,,,,10.05,89.0,,,,,,,,,,,,,,,,,,,unknown,unknown,0.0,65.0
b112181318291141631e7d0142b9c9d5a0c034a6e5d0540dcf042246ffc4815b,2025-05-25,,,,,,,,,,,8.75,90.6,,,,,,,,,,,,,,,,,,,unknown,unknown,0.0,65.0
b112181318291141631e7d0142b9c9d5a0c034a6e5d0540dcf042246ffc4815b,2025-05-26,,,,,,,,,,,,87.5,,,,,,,,,,,,,,,,,,,unknown,unknown,0.0,65.0
b112181318291141631e7d0142b9c9d5a0c034a6e5d0540dcf042246ffc4815b,2025-05-27,,,,,,,,,,,,,,,,,,,,,89.0,,,,,,,,,,unknown,unknown,0.0,70.0
b112181318291141631e7d0142b9c9d5a0c034a6e5d0540dcf042246ffc4815b,2025-05-28,,,,,,,,,,,,,,,,,,,,,89.0,,,,,,,,,,unknown,unknown,0.0,70.0
b112181318291141631e7d0142b9c9d5a0c034a6e5d0540dcf042246ffc4815b,2025-05-29,,,,,,,,,,,8.083333333333334,88.0,,,,,,,,,89.0,,,,,,,,,-0.011235955056179775,unknown,unknown,0.0,65.0
b112181318291141631e7d0142b9c9d5a0c034a6e5d0540dcf042246ffc4815b,2025-05-30,,,,,,,,,,,,91.5,8.75,,,,,,,,88.5,,,,,,,,,0.03389830508474576,unknown,unknown,0.0,65.0
b112181318291141631e7d0142b9c9d5a0c034a6e5d0540dcf042246ffc4815b,2025-05-31,,,,,,,,,,,,,8.75,,,,,,,,89.0,,,,,,,,,,unknown,unknown,0.0,70.0
b112181318291141631e7d0142b9c9d5a0c034a6e5d0540dcf042246ffc4815b,2025-06-03,,,,,,,,,,,8.666666666666666,,,,,,,,,,89.3,,,,,,,,,,unknown,unknown,0.0,70.0
b112181318291141631e7d0142b9c9d5a0c034a6e5d0540dcf042246ffc4815b,2025-06-04,,,,,,,,,,,,,,,,,,,,,88.0,,,,,,,,,,unknown,unknown,0.0,70.0
b112181318291141631e7d0142b9c9d5a0c034a6e5d0540dcf042246ffc4815b,2025-06-05,,,,,,,,,,,8.75,91.0,,,,,,,,,,,,,,,,,,,unknown,unknown,0.0,65.0
b112181318291141631e7d0142b9c9d5a0c034a6e5d0540dcf042246ffc4815b,2025-06-06,,,,,,,,,,,,89.5,8.666666666666666,,,,,,,,91.0,,,,,,,,,-0.016483516483516484,unknown,unknown,0.0,65.0
b112181318291141631e7d0142b9c9d5a0c034a6e5d0540dcf042246ffc4815b,2025-06-07,,,,,,,,,,,,,8.666666666666666,,,,,,,,90.25,,,,,,,,,,unknown,unknown,0.0,70.0
b112181318291141631e7d0142b9c9d5a0c034a6e5d0540dcf042246ffc4815b,2025-06-08,,,,,,,,,,,,,,,,,,,,,91.0,,,,,,,,,,unknown,unknown,0.0,70.0
b112181318291141631e7d0142b9c9d5a0c034a6e5d0540dcf042246ffc4815b,2025-06-09,,,,,,,,,,,,,,,,,,,,,,,,,,,,,,,unknown,unknown,0.0,70.0
b112181318291141631e7d0142b9c9d5a0c034a6e5d0540dcf042246ffc4815b,2025-06-10,,,,,,,,,,,,,,,,,,,,,,,,,,,,,,,unknown,unknown,0.0,70.0
b112181318291141631e7d0142b9c9d5a0c034a6e5d0540dcf042246ffc4815b,2025-06-11,,,,,,,,,,,,,,,,,,,,,,,,,,,,,,,unknown,unknown,0.0,70.0
b112181318291141631e7d0142b9c9d5a0c034a6e5d0540dcf042246ffc4815b,2025-06-12,,,,,,,,,,,8.616666666666667,92.0,,,,,,,,,,,,,,,,,,,unknown,unknown,0.0,70.0
b112181318291141631e7d0142b9c9d5a0c034a6e5d0540dcf042246ffc4815b,2025-06-13,,,,,,,,,,,,87.0,,,,,,,,,,,,,,,,,,,unknown,unknown,0.0,65.0
b112181318291141631e7d0142b9c9d5a0c034a6e5d0540dcf042246ffc4815b,2025-06-14,,,,,,,,,,,,,,,,,,,,,,,,,,,,,,,unknown,unknown,0.0,70.0
b112181318291141631e7d0142b9c9d5a0c034a6e5d0540dcf042246ffc4815b,2025-06-15,,,,,,,,,,,10.683333333333334,89.25,,,,,,,,,,,,,,,,,,,unknown,unknown,0.0,65.0
b112181318291141631e7d0142b9c9d5a0c034a6e5d0540dcf042246ffc4815b,2025-06-16,,,,,,,,,,,8.866666666666667,93.33333333333333,,,,,,,,,89.25,,,,,,,,,0.04575163398692805,unknown,unknown,0.0,70.0
b112181318291141631e7d0142b9c9d5a0c034a6e5d0540dcf042246ffc4815b,2025-06-17,,,,,,,,,,,,91.0,8.866666666666667,,,,,,,,90.625,,,,,,,,,0.004137931034482759,unknown,unknown,0.0,65.0
b112181318291141631e7d0142b9c9d5a0c034a6e5d0540dcf042246ffc4815b,2025-06-18,,,,,,,,,,,,,8.866666666666667,,,,,,,,91.0,,,,,,,,,,unknown,unknown,0.0,70.0
b112181318291141631e7d0142b9c9d5a0c034a6e5d0540dcf042246ffc4815b,2025-06-19,,,,,,,,,,,9.15,,8.866666666666667,,,,,,,,91.0,0.0319548872180451,,,,,,,,,unknown,unknown,0.0,80.0
b112181318291141631e7d0142b9c9d5a0c034a6e5d0540dcf042246ffc4815b,2025-06-20,,,,,,,,,,,,,9.15,,,,,,,,90.125,,,,,,,,,,unknown,unknown,0.0,70.0
b112181318291141631e7d0142b9c9d5a0c034a6e5d0540dcf042246ffc4815b,2025-06-21,,,,,,,,,,,,,9.15,,,,,,,,91.0,,,,,,,,,,unknown,unknown,0.0,70.0
b112181318291141631e7d0142b9c9d5a0c034a6e5d0540dcf042246ffc4815b,2025-07-25,,,,,,,,,,,,,9.15,,,,,,,,91.0,,,,,,,,,,unknown,unknown,0.0,70.0
b112181318291141631e7d0142b9c9d5a0c034a6e5d0540dcf042246ffc4815b,2025-07-26,,,,,,,,,,,,,,,,,,,,,,,,,,,,,,,unknown,unknown,0.0,70.0
b112181318291141631e7d0142b9c9d5a0c034a6e5d0540dcf042246ffc4815b,2025-07-27,,,,,,,,,,,,,,,,,,,,,,,,,,,,,,,unknown,unknown,0.0,70.0
b112181318291141631e7d0142b9c9d5a0c034a6e5d0540dcf042246ffc4815b,2025-07-28,,,,,,,,,,,,,,,,,,,,,,,,,,,,,,,unknown,unknown,0.0,70.0
b112181318291141631e7d0142b9c9d5a0c034a6e5d0540dcf042246ffc4815b,2025-07-29,,,,,,,,,,,,,,,,,,,,,,,,,,,,,,,unknown,unknown,0.0,70.0
b112181318291141631e7d0142b9c9d5a0c034a6e5d0540dcf042246ffc4815b,2025-07-30,,,,,,,,,,,,,,,,,,,,,,,,,,,,,,,unknown,unknown,0.0,70.0
b112181318291141631e7d0142b9c9d5a0c034a6e5d0540dcf042246ffc4815b,2025-07-31,,,,,,,,,,,,,,,,,,,,,,,,,,,,,,,unknown,unknown,0.0,70.0
b112181318291141631e7d0142b9c9d5a0c034a6e5d0540dcf042246ffc4815b,2025-08-01,,,,,,,,,,,,,,,,,,,,,,,,,,,,,,,unknown,unknown,0.0,70.0
b112181318291141631e7d0142b9c9d5a0c034a6e5d0540dcf042246ffc4815b,2025-08-02,,,,,,,,,,,,,,,,,,,,,,,,,,,,,,,unknown,unknown,0.0,70.0
b112181318291141631e7d0142b9c9d5a0c034a6e5d0540dcf042246ffc4815b,2025-08-03,,,,,,,,,,,,,,,,,,,,,,,,,,,,,,,unknown,unknown,0.0,70.0
b112181318291141631e7d0142b9c9d5a0c034a6e5d0540dcf042246ffc4815b,2025-08-04,,,,,,,,,,,,,,,,,,,,,,,,,,,,,,,unknown,unknown,0.0,70.0
b112181318291141631e7d0142b9c9d5a0c034a6e5d0540dcf042246ffc4815b,2025-08-05,,,,,,,,,,,,,,,,,,,,,,,,,,,,,,,unknown,unknown,0.0,70.0
b112181318291141631e7d0142b9c9d5a0c034a6e5d0540dcf042246ffc4815b,2025-08-06,,,,,,,,,,,,,,,,,,,,,,,,,,,,,,,unknown,unknown,0.0,70.0
b112181318291141631e7d0142b9c9d5a0c034a6e5d0540dcf042246ffc4815b,2025-08-07,,,,,,,,,,,,,,,,,,,,,,,,,,,,,,,unknown,unknown,0.0,70.0
b112181318291141631e7d0142b9c9d5a0c034a6e5d0540dcf042246ffc4815b,2025-08-08,,,,,,,,,,,,,,,,,,,,,,,,,,,,,,,unknown,unknown,0.0,70.0
b112181318291141631e7d0142b9c9d5a0c034a6e5d0540dcf042246ffc4815b,2025-08-09,,,,,,,,,,,,,,,,,,,,,,,,,,,,,,,unknown,unknown,0.0,70.0
b112181318291141631e7d0142b9c9d5a0c034a6e5d0540dcf042246ffc4815b,2025-08-10,,,,,,,,,,,,,,,,,,,,,,,,,,,,,,,unknown,unknown,0.0,70.0
b112181318291141631e7d0142b9c9d5a0c034a6e5d0540dcf042246ffc4815b,2025-08-11,,,,,,,,,,,,,,,,,,,,,,,,,,,,,,,unknown,unknown,0.0,70.0
b112181318291141631e7d0142b9c9d5a0c034a6e5d0540dcf042246ffc4815b,2025-08-12,,,,,,,,,,,,,,,,,,,,,,,,,,,,,,,unknown,unknown,0.0,70.0
b286f4f93e82e4dfce2cf9fd251de9093d9ae39f3a2ca32e8f1759258f2dabe2,2024-10-04,,,,,,,,,,,10.566666666666666,,,,,,,,,,,,,,,,,,,,unknown,unknown,0.0,70.0
b286f4f93e82e4dfce2cf9fd251de9093d9ae39f3a2ca32e8f1759258f2dabe2,2024-10-05,,,,,,,,,,,,,,,,,,,,,,,,,,,,,,,unknown,unknown,0.0,70.0
b286f4f93e82e4dfce2cf9fd251de9093d9ae39f3a2ca32e8f1759258f2dabe2,2024-10-06,,,,,,,,,,,,,,,,,,,,,,,,,,,,,,,unknown,unknown,0.0,70.0
bbd3a0adc1f97de28fd38acddaa97030370003a47272064594ecf3da1c4c74f3,2025-01-17,,,,,,,,,,,,96.0,,,,,,,,,,,,,,,,,,,unknown,unknown,0.0,72.0
bbd3a0adc1f97de28fd38acddaa97030370003a47272064594ecf3da1c4c74f3,2025-01-18,,,,,,,,,,,5.466666666666667,95.0,,,,,,,,,,,,,,,,,,,unknown,unknown,0.0,72.0
bbd3a0adc1f97de28fd38acddaa97030370003a47272064594ecf3da1c4c74f3,2025-01-19,,,,,,,,,,,14.165,95.0,,,,,,,,,,,,,,,,,,,unknown,unknown,0.0,72.0
bbd3a0adc1f97de28fd38acddaa97030370003a47272064594ecf3da1c4c74f3,2025-01-20,,,,,,,,,,,10.033333333333333,,,,,,,,,,95.0,,,,,,,,,,unknown,unknown,0.0,70.0
bbd3a0adc1f97de28fd38acddaa97030370003a47272064594ecf3da1c4c74f3,2025-01-21,,,,,,,,,,,9.016666666666667,95.0,10.033333333333333,,,,,,,,95.0,-0.10132890365448495,,,,,,,,0.0,unknown,unknown,0.0,75.0
bbd3a0adc1f97de28fd38acddaa97030370003a47272064594ecf3da1c4c74f3,2025-01-22,,,,,,,,,,,8.916666666666666,94.5,9.525,,,,,,,,95.0,-0.06386701662292223,,,,,,,,-0.005263157894736842,unknown,unknown,0.0,73.0
bbd3a0adc1f97de28fd38acddaa97030370003a47272064594ecf3da1c4c74f3,2025-01-23,,,,,,,,,,,8.6,,9.016666666666667,,,,,,,,95.0,-0.04621072088724597,,,,,,,,,unknown,unknown,0.0,80.0
bbd3a0adc1f97de28fd38acddaa97030370003a47272064594ecf3da1c4c74f3,2025-01-24,,,,,,,,,,,9.316666666666666,95.0,8.966666666666667,,,,,,,,95.0,0.03903345724907059,,,,,,,,0.0,unknown,unknown,0.0,82.0
bbd3a0adc1f97de28fd38acddaa97030370003a47272064594ecf3da1c4c74f3,2025-01-25,,,,,,,,,,,8.183333333333334,95.0,9.016666666666667,,,,,,,,95.0,-0.09242144177449174,,,,,,,,0.0,unknown,unknown,0.0,75.0
bbd3a0adc1f97de28fd38acddaa97030370003a47272064594ecf3da1c4c74f3,2025-01-26,,,,,,,,,,,8.25,,9.016666666666667,,,,,,,,95.0,-0.08502772643253244,,,,,,,,,unknown,unknown,0.0,73.0
bbd3a0adc1f97de28fd38acddaa97030370003a47272064594ecf3da1c4c74f3,2025-01-27,,,,,,,,,,,3.533333333333333,,8.916666666666666,,,,,,,,95.0,-0.6037383177570094,,,,,,,,,unknown,unknown,0.0,50.0
bbd3a0adc1f97de28fd38acddaa97030370003a47272064594ecf3da1c4c74f3,2025-01-28,,,,,,,,,,,7.916666666666667,,8.6,,,,,,,,95.0,-0.0794573643410852,,,,,,,,,unknown,unknown,0.0,73.0
bbd3a0adc1f97de28fd38acddaa97030370003a47272064594ecf3da1c4c74f3,2025-01-29,,,,,,,,,,,9.366666666666667,,8.25,,,,,,,,95.0,0.13535353535353542,,,,,,,,,unknown,unknown,0.0,80.0
bbd3a0adc1f97de28fd38acddaa97030370003a47272064594ecf3da1c4c74f3,2025-01-30,,,,,,,,,,,6.483333333333333,,8.25,,,,,,,,,-0.21414141414141413,,,,,,,,,unknown,unknown,0.0,60.0
bbd3a0adc1f97de28fd38acddaa97030370003a47272064594ecf3da1c4c74f3,2025-01-31,,,,,,,,,,,9.133333333333333,,8.183333333333334,,,,,,,,,0.11608961303462313,,,,,,,,,unknown,unknown,0.0,80.0
bbd3a0adc1f97de28fd38acddaa97030370003a47272064594ecf3da1c4c74f3,2025-02-01,,,,,,,,,,,,,8.183333333333334,,,,,,,,,,,,,,,,,,unknown,unknown,0.0,70.0
bbd3a0adc1f97de28fd38acddaa97030370003a47272064594ecf3da1c4c74f3,2025-02-02,,,,,,,,,,,9.583333333333334,,8.083333333333334,,,,,,,,,0.18556701030927833,,,,,,,,,unknown,unknown,0.0,80.0
bbd3a0adc1f97de28fd38acddaa97030370003a47272064594ecf3da1c4c74f3,2025-02-03,,,,,,,,,,,9.1,,8.525,,,,,,,,,0.06744868035190607,,,,,,,,,unknown,unknown,0.0,80.0
bbd3a0adc1f97de28fd38acddaa97030370003a47272064594ecf3da1c4c74f3,2025-02-04,,,,,,,,,,,8.766666666666667,,9.116666666666667,,,,,,,,,-0.03839122486288844,,,,,,,,,unknown,unknown,0.0,80.0
bbd3a0adc1f97de28fd38acddaa97030370003a47272064594ecf3da1c4c74f3,2025-02-05,,,,,,,,,,,8.45,,9.116666666666667,,,,,,,,,-0.07312614259597819,,,,,,,,,unknown,unknown,0.0,73.0
bbd3a0adc1f97de28fd38acddaa97030370003a47272064594ecf3da1c4c74f3,2025-02-06,,,,,,,,,,,8.6,95.0,8.933333333333334,,,,,,,,,-0.03731343283582096,,,,,,,,,unknown,unknown,0.0,82.0
bbd3a0adc1f97de28fd38acddaa97030370003a47272064594ecf3da1c4c74f3,2025-02-07,,,,,,,,,,,9.216666666666667,,8.933333333333334,,,,,,,,,0.03171641791044775,,,,,,,,,unknown,unknown,0.0,80.0
bbd3a0adc1f97de28fd38acddaa97030370003a47272064594ecf3da1c4c74f3,2025-02-08,,,,,,,,,,,7.983333333333333,,8.933333333333334,,,,,,,,,-0.10634328358208957,,,,,,,,,unknown,unknown,0.0,73.0
bbd3a0adc1f97de28fd38acddaa97030370003a47272064594ecf3da1c4c74f3,2025-02-09,,,,,,,,,,,9.266666666666667,95.0,8.766666666666667,,,,,,,,,0.05703422053231939,,,,,,,,,unknown,unknown,0.0,82.0
bbd3a0adc1f97de28fd38acddaa97030370003a47272064594ecf3da1c4c74f3,2025-02-10,,,,,,,,,,,9.15,,8.766666666666667,,,,,,,,,0.04372623574144481,,,,,,,,,unknown,unknown,0.0,80.0
bbd3a0adc1f97de28fd38acddaa97030370003a47272064594ecf3da1c4c74f3,2025-02-11,,,,,,,,,,,8.433333333333334,,8.766666666666667,,,,,,,,,-0.03802281368821299,,,,,,,,,unknown,unknown,0.0,80.0
bbd3a0adc1f97de28fd38acddaa97030370003a47272064594ecf3da1c4c74f3,2025-02-12,,,,,,,,,,,9.433333333333334,,8.6,,,,,,,,,0.09689922480620163,,,,,,,,,unknown,unknown,0.0,80.0
bbd3a0adc1f97de28fd38acddaa97030370003a47272064594ecf3da1c4c74f3,2025-02-13,,,,,,,,,,,,,9.15,,,,,,,,,,,,,,,,,,unknown,unknown,0.0,70.0
bbd3a0adc1f97de28fd38acddaa97030370003a47272064594ecf3da1c4c74f3,2025-02-14,,,,,,,,,,,7.533333333333333,91.6,9.183333333333334,,,,,,,,,-0.1796733212341198,,,,,,,,,unknown,unknown,0.0,55.0
bbd3a0adc1f97de28fd38acddaa97030370003a47272064594ecf3da1c4c74f3,2025-02-15,,,,,,,,,,,9.3,92.93333333333334,8.791666666666668,,,,,,,,,0.05781990521327008,,,,,,,,,unknown,unknown,0.0,80.0
bbd3a0adc1f97de28fd38acddaa97030370003a47272064594ecf3da1c4c74f3,2025-02-16,,,,,,,,,,,8.6,94.1,9.208333333333334,,,,,,,,92.93333333333334,-0.06606334841628969,,,,,,,,0.01255380200860822,unknown,unknown,0.0,73.0
bbd3a0adc1f97de28fd38acddaa97030370003a47272064594ecf3da1c4c74f3,2025-02-17,,,,,,,,,,,8.133333333333333,94.25,8.875,,,,,,,,92.93333333333334,-0.08356807511737095,,,,,,,,0.014167862266857921,unknown,unknown,0.0,73.0
bbd3a0adc1f97de28fd38acddaa97030370003a47272064594ecf3da1c4c74f3,2025-02-18,,,,,,,,,,,9.0,91.35,8.516666666666666,,,,,,,,93.51666666666667,0.056751467710371935,,,,,,,,-0.023168775619319244,unknown,unknown,0.0,75.0
bbd3a0adc1f97de28fd38acddaa97030370003a47272064594ecf3da1c4c74f3,2025-02-19,,,,,,,,,,,5.366666666666666,92.14285714285714,8.8,,,,,,,,92.93333333333334,-0.39015151515151525,,,,,,,,-0.008505841360934702,unknown,unknown,0.0,50.0
bbd3a0adc1f97de28fd38acddaa97030370003a47272064594ecf3da1c4c74f3,2025-02-20,,,,,,,,,,,5.666666666666667,93.72727272727273,8.366666666666667,,,,,,,,92.53809523809524,-0.32270916334661354,,,,,,,,0.012850680426453667,unknown,unknown,0.0,50.0
bbd3a0adc1f97de28fd38acddaa97030370003a47272064594ecf3da1c4c74f3,2025-02-21,,,,,,,,,,,4.733333333333333,93.21428571428571,8.133333333333333,,,,,,,,92.93333333333334,-0.41803278688524587,,,,,,,,0.003023160483705571,unknown,unknown,0.0,50.0
bbd3a0adc1f97de28fd38acddaa97030370003a47272064594ecf3da1c4c74f3,2025-02-22,,,,,,,,,,,9.333333333333334,91.75,8.133333333333333,,,,,,,,93.21428571428571,0.1475409836065575,,,,,,,,-0.015708812260536335,unknown,unknown,0.0,75.0
bbd3a0adc1f97de28fd38acddaa97030370003a47272064594ecf3da1c4c74f3,2025-02-23,,,,,,,,,,,,91.5625,8.133333333333333,,,,,,,,93.21428571428571,,,,,,,,,-0.017720306513409896,unknown,unknown,0.0,65.0
bbd3a0adc1f97de28fd38acddaa97030370003a47272064594ecf3da1c4c74f3,2025-02-24,,,,,,,,,,,13.733333333333333,89.45454545454545,6.9,,,,,,,,92.14285714285714,0.9903381642512075,,,,,,,,-0.029175475687103564,unknown,unknown,0.0,75.0
bbd3a0adc1f97de28fd38acddaa97030370003a47272064594ecf3da1c4c74f3,2025-02-25,,,,,,,,,,,8.733333333333333,92.25,7.333333333333334,,,,,,,,91.75,0.1909090909090907,,,,,,,,0.005449591280653951,unknown,unknown,0.0,80.0
bbd3a0adc1f97de28fd38acddaa97030370003a47272064594ecf3da1c4c74f3,2025-02-26,,,,,,,,,,,9.066666666666666,95.0,7.199999999999999,,,,,,,,92.14285714285714,0.25925925925925936,,,,,,,,0.03100775193798454,unknown,unknown,0.0,82.0
bbd3a0adc1f97de28fd38acddaa97030370003a47272064594ecf3da1c4c74f3,2025-02-27,,,,,,,,,,,9.65,91.92307692307692,8.899999999999999,,,,,,,,92.25,0.08426966292134853,,,,,,,,-0.003543881592662116,unknown,unknown,0.0,75.0
bbd3a0adc1f97de28fd38acddaa97030370003a47272064594ecf3da1c4c74f3,2025-02-28,,,,,,,,,,,8.666666666666666,,9.2,,,,,,,,91.92307692307692,-0.05797101449275362,,,,,,,,,unknown,unknown,0.0,73.0
bbd3a0adc1f97de28fd38acddaa97030370003a47272064594ecf3da1c4c74f3,2025-03-01,,,,,,,,,,,9.6,,9.2,,,,,,,,91.83653846153845,0.04347826086956526,,,,,,,,,unknown,unknown,0.0,80.0
bbd3a0adc1f97de28fd38acddaa97030370003a47272064594ecf3da1c4c74f3,2025-03-02,,,,,,,,,,,9.2,,9.333333333333332,,,,,,,,91.92307692307692,-0.014285714285714237,,,,,,,,,unknown,unknown,0.0,80.0
bbd3a0adc1f97de28fd38acddaa97030370003a47272064594ecf3da1c4c74f3,2025-03-03,,,,,,,,,,,8.966666666666667,,9.2,,,,,,,,92.08653846153845,-0.02536231884057962,,,,,,,,,unknown,unknown,0.0,80.0
bbd3a0adc1f97de28fd38acddaa97030370003a47272064594ecf3da1c4c74f3,2025-03-04,,,,,,,,,,,9.066666666666666,,9.066666666666666,,,,,,,,92.25,0.0,,,,,,,,,unknown,unknown,0.0,80.0
bbd3a0adc1f97de28fd38acddaa97030370003a47272064594ecf3da1c4c74f3,2025-03-05,,,,,,,,,,,9.2,,9.066666666666666,,,,,,,,,0.014705882352941124,,,,,,,,,unknown,unknown,0.0,80.0
bbd3a0adc1f97de28fd38acddaa97030370003a47272064594ecf3da1c4c74f3,2025-03-06,,,,,,,,,,,,,9.2,,,,,,,,,,,,,,,,,,unknown,unknown,0.0,70.0
bbd3a0adc1f97de28fd38acddaa97030370003a47272064594ecf3da1c4c74f3,2025-03-07,,,,,,,,,,,9.15,,9.133333333333333,,,,,,,,,0.001824817518248266,,,,,,,,,unknown,unknown,0.0,80.0
bbd3a0adc1f97de28fd38acddaa97030370003a47272064594ecf3da1c4c74f3,2025-03-08,,,,,,,,,,,8.883333333333333,,9.175,,,,,,,,,-0.03178928247048151,,,,,,,,,unknown,unknown,0.0,80.0
bbd3a0adc1f97de28fd38acddaa97030370003a47272064594ecf3da1c4c74f3,2025-03-09,,,,,,,,,,,9.083333333333334,,9.108333333333334,,,,,,,,,-0.0027447392497713104,,,,,,,,,unknown,unknown,0.0,80.0
bbd3a0adc1f97de28fd38acddaa97030370003a47272064594ecf3da1c4c74f3,2025-03-10,,,,,,,,,,,,,9.075,,,,,,,,,,,,,,,,,,unknown,unknown,0.0,70.0
bbd3a0adc1f97de28fd38acddaa97030370003a47272064594ecf3da1c4c74f3,2025-03-11,,,,,,,,,,,9.183333333333334,,9.083333333333334,,,,,,,,,0.011009174311926566,,,,,,,,,unknown,unknown,0.0,80.0
bbd3a0adc1f97de28fd38acddaa97030370003a47272064594ecf3da1c4c74f3,2025-03-12,,,,,,,,,,,6.216666666666667,,9.15,,,,,,,,,-0.3205828779599271,,,,,,,,,unknown,unknown,0.0,50.0
bbd3a0adc1f97de28fd38acddaa97030370003a47272064594ecf3da1c4c74f3,2025-03-13,,,,,,,,,,,8.45,,9.083333333333334,,,,,,,,,-0.06972477064220198,,,,,,,,,unknown,unknown,0.0,73.0
bbd3a0adc1f97de28fd38acddaa97030370003a47272064594ecf3da1c4c74f3,2025-03-14,,,,,,,,,,,7.9,,8.983333333333334,,,,,,,,,-0.1205936920222635,,,,,,,,,unknown,unknown,0.0,73.0
bbd3a0adc1f97de28fd38acddaa97030370003a47272064594ecf3da1c4c74f3,2025-03-15,,,,,,,,,,,8.5,,8.666666666666666,,,,,,,,,-0.019230769230769162,,,,,,,,,unknown,unknown,0.0,80.0
bbd3a0adc1f97de28fd38acddaa97030370003a47272064594ecf3da1c4c74f3,2025-03-16,,,,,,,,,,,8.166666666666666,,8.475,,,,,,,,,-0.036381514257620484,,,,,,,,,unknown,unknown,0.0,80.0
bbd3a0adc1f97de28fd38acddaa97030370003a47272064594ecf3da1c4c74f3,2025-03-17,,,,,,,,,,,9.283333333333333,,8.308333333333334,,,,,,,,,0.11735205616850547,,,,,,,,,unknown,unknown,0.0,80.0
bbd3a0adc1f97de28fd38acddaa97030370003a47272064594ecf3da1c4c74f3,2025-03-18,,,,,,,,,,,8.5,,8.45,,,,,,,,,0.005917159763313694,,,,,,,,,unknown,unknown,0.0,80.0
bbd3a0adc1f97de28fd38acddaa97030370003a47272064594ecf3da1c4c74f3,2025-03-19,,,,,,,,,,,9.25,,8.45,,,,,,,,,0.09467455621301785,,,,,,,,,unknown,unknown,0.0,80.0
bbd3a0adc1f97de28fd38acddaa97030370003a47272064594ecf3da1c4c74f3,2025-03-20,,,,,,,,,,,,,8.5,,,,,,,,,,,,,,,,,,unknown,unknown,0.0,70.0
bbd3a0adc1f97de28fd38acddaa97030370003a47272064594ecf3da1c4c74f3,2025-03-21,,,,,,,,,,,,,8.5,,,,,,,,,,,,,,,,,,unknown,unknown,0.0,70.0
c961fb440d59bfe2e2a6af3f9033e818d239d3d843a5731ec4c6927e0b2e8772,2025-02-13,,,,,,,,,,,8.1,95.25,,,,,,,,,,,,,,,,,,,unknown,unknown,0.0,72.0
c961fb440d59bfe2e2a6af3f9033e818d239d3d843a5731ec4c6927e0b2e8772,2025-02-14,,,,,,,,,,,,95.625,,,,,,,,,,,,,,,,,,,unknown,unknown,0.0,72.0
c961fb440d59bfe2e2a6af3f9033e818d239d3d843a5731ec4c6927e0b2e8772,2025-02-15,,,,,,,,,,,,94.0,,,,,,,,,,,,,,,,,,,unknown,unknown,0.0,70.0
c961fb440d59bfe2e2a6af3f9033e818d239d3d843a5731ec4c6927e0b2e8772,2025-02-23,,,,,,,,,,,9.116666666666667,90.28571428571429,,,,,,,,,95.25,,,,,,,,,-0.05211848518935127,unknown,unknown,0.0,65.0
c961fb440d59bfe2e2a6af3f9033e818d239d3d843a5731ec4c6927e0b2e8772,2025-02-24,,,,,,,,,,,,94.0,,,,,,,,,94.625,,,,,,,,,-0.0066050198150594455,unknown,unknown,0.0,70.0
c961fb440d59bfe2e2a6af3f9033e818d239d3d843a5731ec4c6927e0b2e8772,2025-02-25,,,,,,,,,,,,,,,,,,,,,94.0,,,,,,,,,,unknown,unknown,0.0,70.0
c9923eec861ef8be7ca3cbd263d31ed8e0b71752a98130789696e45f95fdd0c0,2024-09-26,,,,,,,,,,,,,,,,,,,,,,,,,,,,,,,unknown,unknown,0.0,70.0
c9923eec861ef8be7ca3cbd263d31ed8e0b71752a98130789696e45f95fdd0c0,2024-10-27,,,,,,,,,,,,,,,,,,,,,,,,,,,,,,,unknown,unknown,0.0,70.0
c9923eec861ef8be7ca3cbd263d31ed8e0b71752a98130789696e45f95fdd0c0,2024-10-29,,,,,,,,,,,,,,,,,,,,,,,,,,,,,,,unknown,unknown,0.0,70.0
c9923eec861ef8be7ca3cbd263d31ed8e0b71752a98130789696e45f95fdd0c0,2024-11-29,,,,,,,,,,,,98.0,,,,,,,,,,,,,,,,,,,unknown,unknown,0.0,72.0
c9923eec861ef8be7ca3cbd263d31ed8e0b71752a98130789696e45f95fdd0c0,2025-02-12,,,,,,,,,,,,95.33333333333333,,,,,,,,,,,,,,,,,,,unknown,unknown,0.0,72.0
c9923eec861ef8be7ca3cbd263d31ed8e0b71752a98130789696e45f95fdd0c0,2025-02-13,,,,,,,,,,,,95.44444444444444,,,,,,,,,,,,,,,,,,,unknown,unknown,0.0,72.0
c9923eec861ef8be7ca3cbd263d31ed8e0b71752a98130789696e45f95fdd0c0,2025-02-14,,,,,,,,,,,,94.5,,,,,,,,,95.44444444444444,,,,,,,,,-0.009895227008148995,unknown,unknown,0.0,70.0
c9923eec861ef8be7ca3cbd263d31ed8e0b71752a98130789696e45f95fdd0c0,2025-02-15,,,,,,,,,,,,96.0,,,,,,,,,95.38888888888889,,,,,,,,,0.006406523005241734,unknown,unknown,0.0,72.0
c9923eec861ef8be7ca3cbd263d31ed8e0b71752a98130789696e45f95fdd0c0,2025-02-16,,,,,,,,,,,,92.9090909090909,,,,,,,,,95.44444444444444,,,,,,,,,-0.026563657529897356,unknown,unknown,0.0,70.0
c9923eec861ef8be7ca3cbd263d31ed8e0b71752a98130789696e45f95fdd0c0,2025-02-17,,,,,,,,,,,,92.11111111111111,,,,,,,,,95.38888888888889,,,,,,,,,-0.03436225975538724,unknown,unknown,0.0,70.0
c9923eec861ef8be7ca3cbd263d31ed8e0b71752a98130789696e45f95fdd0c0,2025-02-18,,,,,,,,,,,,93.75,,,,,,,,,95.33333333333333,,,,,,,,,-0.01660839160839156,unknown,unknown,0.0,70.0
c9923eec861ef8be7ca3cbd263d31ed8e0b71752a98130789696e45f95fdd0c0,2025-02-19,,,,,,,,,,,,94.5,,,,,,,,,94.5,,,,,,,,,0.0,unknown,unknown,0.0,70.0
c9923eec861ef8be7ca3cbd263d31ed8e0b71752a98130789696e45f95fdd0c0,2025-02-20,,,,,,,,,,,,92.72727272727273,,,,,,,,,94.5,,,,,,,,,-0.01875901875901869,unknown,unknown,0.0,70.0
c9923eec861ef8be7ca3cbd263d31ed8e0b71752a98130789696e45f95fdd0c0,2025-02-21,,,,,,,,,,,,94.25,,,,,,,,,93.75,,,,,,,,,0.005333333333333333,unknown,unknown,0.0,70.0
c9923eec861ef8be7ca3cbd263d31ed8e0b71752a98130789696e45f95fdd0c0,2025-02-22,,,,,,,,,,,,95.84615384615384,,,,,,,,,93.75,,,,,,,,,0.022358974358974288,unknown,unknown,0.0,72.0
c9923eec861ef8be7ca3cbd263d31ed8e0b71752a98130789696e45f95fdd0c0,2025-02-23,,,,,,,,,,,,95.75,,,,,,,,,93.75,,,,,,,,,0.021333333333333333,unknown,unknown,0.0,72.0
c9923eec861ef8be7ca3cbd263d31ed8e0b71752a98130789696e45f95fdd0c0,2025-02-24,,,,,,,,,,,,94.55555555555556,,,,,,,,,94.25,,,,,,,,,0.0032419687592101553,unknown,unknown,0.0,70.0
c9923eec861ef8be7ca3cbd263d31ed8e0b71752a98130789696e45f95fdd0c0,2025-02-25,,,,,,,,,,,,94.0,,,,,,,,,94.5,,,,,,,,,-0.005291005291005291,unknown,unknown,0.0,70.0
c9923eec861ef8be7ca3cbd263d31ed8e0b71752a98130789696e45f95fdd0c0,2025-02-26,,,,,,,,,,,,94.33333333333333,,,,,,,,,94.5,,,,,,,,,-0.0017636684303351472,unknown,unknown,0.0,70.0
c9923eec861ef8be7ca3cbd263d31ed8e0b71752a98130789696e45f95fdd0c0,2025-02-27,,,,,,,,,,,,95.0,,,,,,,,,94.33333333333333,,,,,,,,,0.007067137809187329,unknown,unknown,0.0,72.0
c9923eec861ef8be7ca3cbd263d31ed8e0b71752a98130789696e45f95fdd0c0,2025-03-04,,,,,,,,,,,,94.75,,,,,,,,,94.55555555555556,,,,,,,,,0.002056404230317257,unknown,unknown,0.0,70.0
c9923eec861ef8be7ca3cbd263d31ed8e0b71752a98130789696e45f95fdd0c0,2025-03-05,,,,,,,,,,,,93.13333333333334,,,,,,,,,94.75,,,,,,,,,-0.01706244503078269,unknown,unknown,0.0,70.0
c9923eec861ef8be7ca3cbd263d31ed8e0b71752a98130789696e45f95fdd0c0,2025-03-06,,,,,,,,,,,,,,,,,,,,,94.55555555555556,,,,,,,,,,unknown,unknown,0.0,70.0
c9923eec861ef8be7ca3cbd263d31ed8e0b71752a98130789696e45f95fdd0c0,2025-03-07,,,,,,,,,,,,94.0,,,,,,,,,94.44444444444444,,,,,,,,,-0.00470588235294116,unknown,unknown,0.0,70.0
c9923eec861ef8be7ca3cbd263d31ed8e0b71752a98130789696e45f95fdd0c0,2025-03-08,,,,,,,,,,,,95.72727272727273,,,,,,,,,94.16666666666666,,,,,,,,,0.01657280772325037,unknown,unknown,0.0,72.0
c9923eec861ef8be7ca3cbd263d31ed8e0b71752a98130789696e45f95fdd0c0,2025-03-10,,,,,,,,,,,,95.33333333333333,,,,,,,,,94.54166666666666,,,,,,,,,0.008373732921992118,unknown,unknown,0.0,72.0
c9923eec861ef8be7ca3cbd263d31ed8e0b71752a98130789696e45f95fdd0c0,2025-03-11,,,,,,,,,,,,95.0,,,,,,,,,94.875,,,,,,,,,0.0013175230566534915,unknown,unknown,0.0,72.0
c9923eec861ef8be7ca3cbd263d31ed8e0b71752a98130789696e45f95fdd0c0,2025-03-12,,,,,,,,,,,,95.2,,,,,,,,,94.875,,,,,,,,,0.0034255599472991075,unknown,unknown,0.0,72.0
c9923eec861ef8be7ca3cbd263d31ed8e0b71752a98130789696e45f95fdd0c0,2025-03-13,,,,,,,,,,,,94.27272727272727,,,,,,,,,95.1,,,,,,,,,-0.008698977153235837,unknown,unknown,0.0,70.0
c9923eec861ef8be7ca3cbd263d31ed8e0b71752a98130789696e45f95fdd0c0,2025-03-14,,,,,,,,,,,,94.11111111111111,,,,,,,,,95.1,,,,,,,,,-0.010398411029325764,unknown,unknown,0.0,70.0
c9923eec861ef8be7ca3cbd263d31ed8e0b71752a98130789696e45f95fdd0c0,2025-03-16,,,,,,,,,,,,95.75,,,,,,,,,95.0,,,,,,,,,0.007894736842105263,unknown,unknown,0.0,72.0
c9923eec861ef8be7ca3cbd263d31ed8e0b71752a98130789696e45f95fdd0c0,2025-03-17,,,,,,,,,,,,95.4,,,,,,,,,95.2,,,,,,,,,0.0021008403361344836,unknown,unknown,0.0,72.0
c9923eec861ef8be7ca3cbd263d31ed8e0b71752a98130789696e45f95fdd0c0,2025-03-18,,,,,,,,,,,,93.0,,,,,,,,,95.2,,,,,,,,,-0.02310924369747902,unknown,unknown,0.0,70.0
c9923eec861ef8be7ca3cbd263d31ed8e0b71752a98130789696e45f95fdd0c0,2025-03-19,,,,,,,,,,,,95.44444444444444,,,,,,,,,95.0,,,,,,,,,0.004678362573099399,unknown,unknown,0.0,72.0
c9923eec861ef8be7ca3cbd263d31ed8e0b71752a98130789696e45f95fdd0c0,2025-03-20,,,,,,,,,,,,94.0,,,,,,,,,95.2,,,,,,,,,-0.012605042016806753,unknown,unknown,0.0,70.0
c9923eec861ef8be7ca3cbd263d31ed8e0b71752a98130789696e45f95fdd0c0,2025-03-21,,,,,,,,,,,,95.92307692307692,,,,,,,,,94.27272727272727,,,,,,,,,0.017506119724056114,unknown,unknown,0.0,72.0
c9923eec861ef8be7ca3cbd263d31ed8e0b71752a98130789696e45f95fdd0c0,2025-03-22,,,,,,,,,,,,,,,,,,,,,95.4,,,,,,,,,,unknown,unknown,0.0,70.0
c9923eec861ef8be7ca3cbd263d31ed8e0b71752a98130789696e45f95fdd0c0,2025-03-23,,,,,,,,,,,,95.7,,,,,,,,,95.42222222222222,,,,,,,,,0.002911038658593469,unknown,unknown,0.0,72.0
c9923eec861ef8be7ca3cbd263d31ed8e0b71752a98130789696e45f95fdd0c0,2025-03-24,,,,,,,,,,,,95.22222222222223,,,,,,,,,95.42222222222222,,,,,,,,,-0.002095947834187119,unknown,unknown,0.0,72.0
c9923eec861ef8be7ca3cbd263d31ed8e0b71752a98130789696e45f95fdd0c0,2025-03-27,,,,,,,,,,,,93.66666666666667,,,,,,,,,95.33333333333334,,,,,,,,,-0.01748251748251753,unknown,unknown,0.0,70.0
c9923eec861ef8be7ca3cbd263d31ed8e0b71752a98130789696e45f95fdd0c0,2025-03-28,,,,,,,,,,,,96.5,,,,,,,,,95.33333333333334,,,,,,,,,0.012237762237762137,unknown,unknown,0.0,72.0
c9923eec861ef8be7ca3cbd263d31ed8e0b71752a98130789696e45f95fdd0c0,2025-03-29,,,,,,,,,,,,,,,,,,,,,95.46111111111111,,,,,,,,,,unknown,unknown,0.0,70.0
c9923eec861ef8be7ca3cbd263d31ed8e0b71752a98130789696e45f95fdd0c0,2025-04-01,,,,,,,,,,,,94.0,,,,,,,,,95.7,,,,,,,,,-0.017763845350052276,unknown,unknown,0.0,70.0
c9923eec861ef8be7ca3cbd263d31ed8e0b71752a98130789696e45f95fdd0c0,2025-04-03,,,,,,,,,,,,89.42857142857143,,,,,,,,,95.22222222222223,,,,,,,,,-0.06084347391231876,unknown,unknown,0.0,65.0
c9923eec861ef8be7ca3cbd263d31ed8e0b71752a98130789696e45f95fdd0c0,2025-04-04,,,,,,,,,,,,,,,,,,,,,94.61111111111111,,,,,,,,,,unknown,unknown,0.0,70.0
cat_1023,2024-10-07,0.6666666666666666,2.0,0.0,68.0,77.0,9.0,1.1323529411764706,0.0,1.0,0.4533333333333333,,,,,,,,,,,,,,,,,,,,,unknown,unknown,0.0,70.0
cat_1023,2025-06-18,5.5,16.0,28.0,74.0,87.0,13.0,1.1756756756756757,0.0,1.0,4.07,,,,,,,,,,,,,,,,,,,,,unknown,unknown,0.0,70.0
cow_1206,2025-04-16,0.5,1.0,20.0,100.0,104.0,4.0,1.04,0.0,1.0,0.5,,,,,,,,,,,,,,,,,,,,,unknown,unknown,0.0,70.0
coyote_1215,2024-10-09,71.86666666666666,230.0,0.0,131.0,171.0,40.0,1.3053435114503817,2325.0,1.0,94.14533333333333,,,,,,,,,,,,,,,,,,,,,unknown,unknown,0.0,70.0
coyote_1215,2024-10-16,102.51666666666667,358.0,0.0,136.0,189.0,53.0,1.3897058823529411,3450.0,1.0,139.42266666666666,,,,,,,,,,,,,,,,,,,,,unknown,unknown,0.0,70.0
coyote_1215,2024-10-23,152.11666666666667,387.0,0.0,127.0,209.0,82.0,1.6456692913385826,3750.0,1.0,193.1881666666667,,,,,,,,,,,,,,,,,,,,,unknown,unknown,0.0,70.0
coyote_1215,2024-10-30,98.6,224.0,0.0,137.0,190.0,53.0,1.3868613138686132,2275.0,1.0,135.082,,,,0.0,131.0,189.0,53.0,1.3897058823529411,102.51666666666667,139.42266666666666,,,,0.04580152671755725,0.005291005291005291,0.0,-0.0020468852585639936,-0.03820516989107467,-0.03113314908145015,,normal,normal,0.012004161180271073,70.0
coyote_1215,2024-10-31,5.1,0.0,0.0,79.0,97.0,18.0,1.2278481012658229,0.0,1.0,4.029,,,,0.0,133.5,189.5,53.0,1.3882835981107773,100.55833333333334,137.25233333333333,,,,-0.40823970037453183,-0.48812664907651715,-0.660377358490566,-0.11556392156709218,-0.9492831689732328,-0.9706453077907601,,low,low,-0.6429023116876169,73.0
coyote_1215,2024-11-01,93.96666666666667,209.0,3476.0,119.0,162.0,43.0,1.361344537815126,1247.44,1.0,111.82033333333332,,,,0.0,131.0,189.0,53.0,1.3868613138686132,98.6,135.082,,,,-0.0916030534351145,-0.14285714285714285,-0.18867924528301888,-0.018398938522777554,-0.04699121027721426,-0.1722040439634198,,normal,low,-0.134374828897207,70.0
coyote_1215,2024-11-06,44.6,217.0,0.0,155.0,190.0,33.5,1.2196792515870363,2400.0,2.0,69.13,,,,0.0,129.0,180.0,48.0,1.3741029258418695,96.28333333333333,123.45116666666667,,,,0.20155038759689922,0.05555555555555555,-0.3020833333333333,-0.11238144636088505,-0.5367837978189371,-0.4400214929790052,,high,low,-0.0985448287442022,65.0
coyote_1215,2024-11-11,97.48333333333333,288.0,0.0,132.0,190.0,58.0,1.4393939393939394,2950.0,1.0,128.678,,,,0.0,131.0,189.0,43.0,1.361344537815126,93.96666666666667,111.82033333333332,,,,0.007633587786259542,0.005291005291005291,0.3488372093023256,0.05733258511036289,0.03742461865909896,0.1507567198571519,,normal,high,0.10890722723848177,70.0
coyote_1215,2024-11-15,5.083333333333333,0.0,0.0,81.0,95.0,14.0,1.1728395061728396,0.0,1.0,4.1175,,,,0.0,132.0,190.0,53.0,1.3868613138686132,97.48333333333333,128.678,,,,-0.38636363636363635,-0.5,-0.7358490566037735,-0.15432098765432095,-0.9478543340742007,-0.9680015231818958,,low,low,-0.6423597097860478,73.0
coyote_1215,2024-11-20,91.08333333333333,109.0,0.0,130.0,196.0,66.0,1.5076923076923077,1250.0,1.0,118.40833333333332,,,,0.0,127.0,190.0,43.0,1.361344537815126,93.96666666666667,111.82033333333332,,,,0.023622047244094488,0.031578947368421054,0.5348837209302325,0.10750237416904078,-0.030684639943242355,0.0589159395578025,,normal,normal,0.112664160606813,70.0
coyote_1215,2024-11-27,68.2,409.0,0.0,150.0,187.0,37.0,1.2466666666666666,3850.0,1.0,102.3,,,,0.0,130.0,190.0,43.0,1.361344537815126,91.08333333333333,111.82033333333332,,,,0.15384615384615385,-0.015789473684210527,-0.13953488372093023,-0.0842386831275721,-0.251235132662397,-0.08513955422537935,,high,normal,0.02619400038605462,65.0
coyote_1215,2025-01-22,2.6,0.0,12.0,82.0,90.0,8.0,1.0975609756097562,0.0,1.0,2.132,,,,0.0,130.0,187.0,37.0,1.2466666666666666,68.2,102.3,,,,-0.36923076923076925,-0.5187165775401069,-0.7837837837837838,-0.11960349550019551,-0.9618768328445748,-0.9791593352883675,,low,low,-0.6448887195338808,73.0
coyote_1215,2025-01-23,81.58333333333333,372.0,0.0,143.0,190.0,47.0,1.3286713286713288,3950.0,1.0,116.66416666666666,,,,0.0,130.0,187.0,37.0,1.2466666666666666,68.2,102.3,,,,0.1,0.016042780748663103,0.2702702702702703,0.06577914064545094,0.19623655913978483,0.14041218637992828,,normal,normal,0.13968480577351544,70.0
coyote_1215,2025-02-05,90.11666666666666,299.0,0.0,132.0,189.0,57.0,1.4318181818181819,3250.0,1.0,118.954,,,,0.0,132.0,190.0,37.0,1.2466666666666666,68.2,102.3,,,,0.0,-0.005263157894736842,0.5405405405405406,0.1485172581429267,0.32135874877810344,0.16279569892473114,,normal,high,0.13805957570473698,70.0
coyote_1215,2025-02-10,,421.0,0.0,88.0,188.0,100.0,2.1363636363636362,4750.0,1.0,0.0,,,,0.0,132.0,189.0,47.0,1.3286713286713288,81.58333333333333,116.66416666666666,,,,-0.3333333333333333,-0.005291005291005291,1.127659574468085,0.607894736842105,,-1.0,,low,low,-0.34751773049645385,73.0
coyote_1215,2025-02-14,96.4,348.0,0.0,141.0,186.0,45.0,1.3191489361702127,3900.0,1.0,135.924,,,,0.0,130.0,188.0,47.0,1.3286713286713288,74.89166666666667,102.3,,,,0.08461538461538462,-0.010638297872340425,-0.0425531914893617,-0.0071668533034715785,0.2871926115500168,0.32868035190615846,,normal,high,0.1509628367514435,63.0
coyote_1215,2025-02-24,80.7,169.0,0.0,138.0,198.0,60.0,1.434782608695652,1550.0,1.0,111.366,,,,0.0,132.0,188.0,47.0,1.3286713286713288,85.85,116.66416666666666,,,,0.045454545454545456,0.05319148936170213,0.2765957446808511,0.07986270022883284,-0.05998835177635401,-0.045413830296363436,,normal,normal,0.048321793825673184,70.0
coyote_1215,2025-02-28,0.6166666666666667,0.0,0.0,,,,,0.0,1.0,0.37,,,,0.0,138.0,188.0,47.0,1.3286713286713288,81.14166666666667,111.366,,,,,,,,-0.9924001232412448,-0.9966776215361959,,unknown,low,-0.3488371675376685,73.0
coyote_1215,2025-03-04,80.4,344.0,0.0,142.0,184.0,42.0,1.295774647887324,3300.0,1.0,114.168,,,,0.0,135.0,188.5,52.0,1.3802447552447554,81.14166666666667,111.366,,,,0.05185185185185185,-0.023872679045092837,-0.19230769230769232,-0.06119936847175526,-0.009140392317962329,0.025160282312375472,,normal,normal,0.005885870889103494,70.0
coyote_1215,2025-03-06,154.41666666666666,310.0,0.0,123.0,188.0,65.0,1.5284552845528456,3000.0,1.0,189.9325,,,,0.0,139.5,188.5,52.0,1.3802447552447554,81.14166666666667,114.168,,,,-0.11827956989247312,-0.002652519893899204,0.25,0.1073798895050381,0.9030502208072301,0.6636229065937915,,normal,high,0.21062823236159045,55.0
coyote_1215,2025-03-19,69.33333333333333,200.0,0.0,155.0,197.0,42.0,1.270967741935484,2050.0,1.0,107.46666666666665,,,,0.0,135.0,188.0,58.5,1.433300395256917,85.40833333333333,114.168,,,,0.14814814814814814,0.047872340425531915,-0.28205128205128205,-0.11325794220013119,-0.18821348424236514,-0.058697124705113096,,normal,normal,0.011222388119592183,70.0
coyote_1215,2025-03-26,104.23333333333333,366.0,0.0,146.0,205.0,59.0,1.404109589041096,3900.0,1.0,152.18066666666667,,,,0.0,139.5,188.0,52.5,1.3769657724329325,80.55000000000001,111.366,,,,0.04659498207885305,0.09042553191489362,0.12380952380952381,0.01971277511147107,0.29402027726050056,0.3664912690288478,,normal,high,0.17014086377095183,63.0
coyote_1215,2025-03-27,152.81666666666666,282.0,0.0,122.0,168.0,46.0,1.3770491803278688,2900.0,1.0,186.43633333333332,,,,0.0,141.5,192.5,52.0,1.3616292626056543,80.7,114.168,,,,-0.13780918727915195,-0.12727272727272726,-0.11538461538461539,0.011324608060131216,0.8936389921520032,0.632999906570434,,normal,high,0.1353376813523836,55.0
coyote_1215,2025-04-03,92.88333333333334,387.0,0.0,129.0,167.0,38.0,1.2945736434108528,4150.0,1.0,119.8195,,,,0.0,140.0,192.5,52.5,1.3905793846844823,80.7,114.168,,,,-0.07857142857142857,-0.13246753246753246,-0.2761904761904762,-0.06904010107658316,0.15097067327550603,0.0495016116600098,,normal,normal,-0.0633887216332823,70.0
coyote_1215,2025-05-22,83.28333333333333,608.0,0.0,108.5,163.0,22.5,1.1928985252808988,6000.0,2.0,90.36241666666666,,,,0.0,135.5,186.0,44.0,1.3364119141075963,92.88333333333334,119.8195,,,,-0.1992619926199262,-0.12365591397849462,-0.48863636363636365,-0.10738709174299015,-0.10335546384353139,-0.24584548703118728,,low,low,-0.25897237131633316,70.0
coyote_1215,2025-05-29,78.36666666666666,248.0,0.0,146.0,187.0,41.0,1.2808219178082192,2525.0,1.0,114.41533333333332,,,,0.0,129.0,184.0,42.0,1.295774647887324,92.88333333333334,119.8195,,,,0.13178294573643412,0.016304347826086956,-0.023809523809523808,-0.011539606908874359,-0.15628925174950667,-0.045102563995565684,,normal,normal,0.0465341468983405,70.0
coyote_1215,2025-06-06,81.8,233.0,0.0,131.0,176.0,45.0,1.3435114503816794,2350.0,1.0,107.15799999999999,,,,0.0,129.0,187.0,42.0,1.2945736434108528,92.88333333333334,119.8195,,,,0.015503875968992248,-0.058823529411764705,0.07142857142857142,0.037802258079261276,-0.11932531849991038,-0.10567144746890128,,normal,normal,-0.018518782915333612,70.0
coyote_1215,2025-06-11,70.73333333333333,207.0,0.0,124.0,162.0,38.0,1.3064516129032258,2100.0,1.0,87.70933333333335,,,,0.0,131.0,176.0,42.0,1.2945736434108528,83.28333333333333,114.41533333333332,,,,-0.05343511450381679,-0.07954545454545454,-0.09523809523809523,0.009175197991114445,-0.1506904142485491,-0.23341277101553967,,normal,low,-0.12269774139306155,70.0
crab_1132,2024-10-10,7.85,13.0,0.0,90.0,104.0,14.0,1.1555555555555554,0.0,1.0,7.065,,,,,,,,,,,,,,,,,,,,,unknown,unknown,0.0,70.0
crab_1132,2024-10-12,10.616666666666667,29.0,204.0,111.0,134.0,23.0,1.2072072072072073,25.4,1.0,11.784500000000001,,,,,,,,,,,,,,,,,,,,,unknown,unknown,0.0,70.0
crab_1132,2024-11-10,7.666666666666667,36.0,1194.0,142.0,168.0,26.0,1.1830985915492958,1329.87,1.0,10.886666666666667,,,,,,,,,,,,,,,,,,,,,unknown,unknown,0.0,70.0
crab_1132,2025-01-17,11.716666666666667,46.0,996.0,130.0,147.0,17.0,1.1307692307692307,373.99,1.0,15.231666666666667,,,,204.0,111.0,134.0,23.0,1.1830985915492958,7.85,10.886666666666667,,,3.8823529411764706,0.17117117117117117,0.09701492537313433,-0.2608695652173913,-0.04423076923076923,0.4925690021231423,0.3991120636864667,,high,high,0.18614437309324022,58.0
crab_1132,2025-01-19,10.7,48.0,1284.0,138.0,149.0,11.0,1.0797101449275361,271.1,1.0,14.765999999999998,,,,600.0,120.5,140.5,20.0,1.1693270735524255,9.233333333333334,11.335583333333334,,,1.14,0.14522821576763487,0.060498220640569395,-0.45,-0.07663974490270918,0.1588447653429601,0.3026237438155658,,normal,high,0.11103241821926546,63.0
d3a0e73648bfd6bd24911add24e7c1a0675b1814657ed68245f9ec8f5c281f2c,2025-03-12,,,,,,,,,,,,,,,,,,,,,,,,,,,,,,,unknown,unknown,0.0,70.0
d3a0e73648bfd6bd24911add24e7c1a0675b1814657ed68245f9ec8f5c281f2c,2025-03-13,,,,,,,,,,,,95.0,,,,,,,,,,,,,,,,,,,unknown,unknown,0.0,72.0
d3a0e73648bfd6bd24911add24e7c1a0675b1814657ed68245f9ec8f5c281f2c,2025-03-14,,,,,,,,,,,,,,,,,,,,,,,,,,,,,,,unknown,unknown,0.0,70.0
d3a0e73648bfd6bd24911add24e7c1a0675b1814657ed68245f9ec8f5c281f2c,2025-03-15,,,,,,,,,,,11.64,,,,,,,,,,,,,,,,,,,,unknown,unknown,0.0,70.0
d3a0e73648bfd6bd24911add24e7c1a0675b1814657ed68245f9ec8f5c281f2c,2025-03-16,,,,,,,,,,,,,,,,,,,,,,,,,,,,,,,unknown,unknown,0.0,70.0
d3a0e73648bfd6bd24911add24e7c1a0675b1814657ed68245f9ec8f5c281f2c,2025-03-17,,,,,,,,,,,,,,,,,,,,,,,,,,,,,,,unknown,unknown,0.0,70.0
e2a6dadf73b5ad51941db3003518425e8f8fe2506c48b6e5eab913d8f6fa4696,2024-09-07,,,,,,,,,,,,,,,,,,,,,,,,,,,,,,,unknown,unknown,0.0,70.0
e2a6dadf73b5ad51941db3003518425e8f8fe2506c48b6e5eab913d8f6fa4696,2024-09-08,,,,,,,,,,,,,,,,,,,,,,,,,,,,,,,unknown,unknown,0.0,70.0
e2a6dadf73b5ad51941db3003518425e8f8fe2506c48b6e5eab913d8f6fa4696,2024-09-09,,,,,,,,,,,,,,,,,,,,,,,,,,,,,,,unknown,unknown,0.0,70.0
e2a6dadf73b5ad51941db3003518425e8f8fe2506c48b6e5eab913d8f6fa4696,2024-10-08,,,,,,,,,,,,,,,,,,,,,,,,,,,,,,,unknown,unknown,0.0,70.0
e2a6dadf73b5ad51941db3003518425e8f8fe2506c48b6e5eab913d8f6fa4696,2024-10-09,,,,,,,,,,,,,,,,,,,,,,,,,,,,,,,unknown,unknown,0.0,70.0
e2a6dadf73b5ad51941db3003518425e8f8fe2506c48b6e5eab913d8f6fa4696,2024-10-10,,,,,,,,,,,,,,,,,,,,,,,,,,,,,,,unknown,unknown,0.0,70.0
e2a6dadf73b5ad51941db3003518425e8f8fe2506c48b6e5eab913d8f6fa4696,2024-10-11,,,,,,,,,,,,,,,,,,,,,,,,,,,,,,,unknown,unknown,0.0,70.0
e2a6dadf73b5ad51941db3003518425e8f8fe2506c48b6e5eab913d8f6fa4696,2024-10-12,,,,,,,,,,,,,,,,,,,,,,,,,,,,,,,unknown,unknown,0.0,70.0
e2a6dadf73b5ad51941db3003518425e8f8fe2506c48b6e5eab913d8f6fa4696,2024-10-13,,,,,,,,,,,,,,,,,,,,,,,,,,,,,,,unknown,unknown,0.0,70.0
e2a6dadf73b5ad51941db3003518425e8f8fe2506c48b6e5eab913d8f6fa4696,2024-10-14,,,,,,,,,,,,,,,,,,,,,,,,,,,,,,,unknown,unknown,0.0,70.0
e2a6dadf73b5ad51941db3003518425e8f8fe2506c48b6e5eab913d8f6fa4696,2024-10-15,,,,,,,,,,,,,,,,,,,,,,,,,,,,,,,unknown,unknown,0.0,70.0
e2a6dadf73b5ad51941db3003518425e8f8fe2506c48b6e5eab913d8f6fa4696,2024-10-16,,,,,,,,,,,,,,,,,,,,,,,,,,,,,,,unknown,unknown,0.0,70.0
e2a6dadf73b5ad51941db3003518425e8f8fe2506c48b6e5eab913d8f6fa4696,2024-10-17,,,,,,,,,,,,,,,,,,,,,,,,,,,,,,,unknown,unknown,0.0,70.0
e2a6dadf73b5ad51941db3003518425e8f8fe2506c48b6e5eab913d8f6fa4696,2024-10-22,,,,,,,,,,,,,,,,,,,,,,,,,,,,,,,unknown,unknown,0.0,70.0
e2a6dadf73b5ad51941db3003518425e8f8fe2506c48b6e5eab913d8f6fa4696,2024-10-23,,,,,,,,,,,,,,,,,,,,,,,,,,,,,,,unknown,unknown,0.0,70.0
e2a6dadf73b5ad51941db3003518425e8f8fe2506c48b6e5eab913d8f6fa4696,2024-10-24,,,,,,,,,,,,,,,,,,,,,,,,,,,,,,,unknown,unknown,0.0,70.0
e2a6dadf73b5ad51941db3003518425e8f8fe2506c48b6e5eab913d8f6fa4696,2024-10-25,,,,,,,,,,,,,,,,,,,,,,,,,,,,,,,unknown,unknown,0.0,70.0
e2a6dadf73b5ad51941db3003518425e8f8fe2506c48b6e5eab913d8f6fa4696,2024-10-26,,,,,,,,,,,,,,,,,,,,,,,,,,,,,,,unknown,unknown,0.0,70.0
e2a6dadf73b5ad51941db3003518425e8f8fe2506c48b6e5eab913d8f6fa4696,2024-10-27,,,,,,,,,,,,,,,,,,,,,,,,,,,,,,,unknown,unknown,0.0,70.0
e2a6dadf73b5ad51941db3003518425e8f8fe2506c48b6e5eab913d8f6fa4696,2024-10-28,,,,,,,,,,,,,,,,,,,,,,,,,,,,,,,unknown,unknown,0.0,70.0
e2a6dadf73b5ad51941db3003518425e8f8fe2506c48b6e5eab913d8f6fa4696,2024-10-29,,,,,,,,,,,,,,,,,,,,,,,,,,,,,,,unknown,unknown,0.0,70.0
e2a6dadf73b5ad51941db3003518425e8f8fe2506c48b6e5eab913d8f6fa4696,2024-10-30,,,,,,,,,,,,,,,,,,,,,,,,,,,,,,,unknown,unknown,0.0,70.0
e2a6dadf73b5ad51941db3003518425e8f8fe2506c48b6e5eab913d8f6fa4696,2024-10-31,,,,,,,,,,,,,,,,,,,,,,,,,,,,,,,unknown,unknown,0.0,70.0
e2a6dadf73b5ad51941db3003518425e8f8fe2506c48b6e5eab913d8f6fa4696,2024-11-01,,,,,,,,,,,,,,,,,,,,,,,,,,,,,,,unknown,unknown,0.0,70.0
e2a6dadf73b5ad51941db3003518425e8f8fe2506c48b6e5eab913d8f6fa4696,2024-11-02,,,,,,,,,,,,,,,,,,,,,,,,,,,,,,,unknown,unknown,0.0,70.0
e2a6dadf73b5ad51941db3003518425e8f8fe2506c48b6e5eab913d8f6fa4696,2024-11-03,,,,,,,,,,,,,,,,,,,,,,,,,,,,,,,unknown,unknown,0.0,70.0
e2a6dadf73b5ad51941db3003518425e8f8fe2506c48b6e5eab913d8f6fa4696,2024-11-04,,,,,,,,,,,,,,,,,,,,,,,,,,,,,,,unknown,unknown,0.0,70.0
e2a6dadf73b5ad51941db3003518425e8f8fe2506c48b6e5eab913d8f6fa4696,2024-11-05,,,,,,,,,,,,,,,,,,,,,,,,,,,,,,,unknown,unknown,0.0,70.0
e2a6dadf73b5ad51941db3003518425e8f8fe2506c48b6e5eab913d8f6fa4696,2024-11-06,,,,,,,,,,,,,,,,,,,,,,,,,,,,,,,unknown,unknown,0.0,70.0
e2a6dadf73b5ad51941db3003518425e8f8fe2506c48b6e5eab913d8f6fa4696,2024-11-07,,,,,,,,,,,,,,,,,,,,,,,,,,,,,,,unknown,unknown,0.0,70.0
e2a6dadf73b5ad51941db3003518425e8f8fe2506c48b6e5eab913d8f6fa4696,2024-11-09,,,,,,,,,,,,,,,,,,,,,,,,,,,,,,,unknown,unknown,0.0,70.0
e2a6dadf73b5ad51941db3003518425e8f8fe2506c48b6e5eab913d8f6fa4696,2024-11-10,,,,,,,,,,,,,,,,,,,,,,,,,,,,,,,unknown,unknown,0.0,70.0
e2a6dadf73b5ad51941db3003518425e8f8fe2506c48b6e5eab913d8f6fa4696,2024-11-11,,,,,,,,,,,,,,,,,,,,,,,,,,,,,,,unknown,unknown,0.0,70.0
e2a6dadf73b5ad51941db3003518425e8f8fe2506c48b6e5eab913d8f6fa4696,2024-11-12,,,,,,,,,,,,,,,,,,,,,,,,,,,,,,,unknown,unknown,0.0,70.0
e2a6dadf73b5ad51941db3003518425e8f8fe2506c48b6e5eab913d8f6fa4696,2024-11-13,,,,,,,,,,,,,,,,,,,,,,,,,,,,,,,unknown,unknown,0.0,70.0
e2a6dadf73b5ad51941db3003518425e8f8fe2506c48b6e5eab913d8f6fa4696,2024-11-14,,,,,,,,,,,,,,,,,,,,,,,,,,,,,,,unknown,unknown,0.0,70.0
e2a6dadf73b5ad51941db3003518425e8f8fe2506c48b6e5eab913d8f6fa4696,2024-11-15,,,,,,,,,,,,,,,,,,,,,,,,,,,,,,,unknown,unknown,0.0,70.0
e2a6dadf73b5ad51941db3003518425e8f8fe2506c48b6e5eab913d8f6fa4696,2024-11-16,,,,,,,,,,,,,,,,,,,,,,,,,,,,,,,unknown,unknown,0.0,70.0
e2a6dadf73b5ad51941db3003518425e8f8fe2506c48b6e5eab913d8f6fa4696,2024-11-17,,,,,,,,,,,,,,,,,,,,,,,,,,,,,,,unknown,unknown,0.0,70.0
e2a6dadf73b5ad51941db3003518425e8f8fe2506c48b6e5eab913d8f6fa4696,2024-11-18,,,,,,,,,,,,,,,,,,,,,,,,,,,,,,,unknown,unknown,0.0,70.0
e2a6dadf73b5ad51941db3003518425e8f8fe2506c48b6e5eab913d8f6fa4696,2024-11-19,,,,,,,,,,,,,,,,,,,,,,,,,,,,,,,unknown,unknown,0.0,70.0
e2a6dadf73b5ad51941db3003518425e8f8fe2506c48b6e5eab913d8f6fa4696,2024-11-20,,,,,,,,,,,,,,,,,,,,,,,,,,,,,,,unknown,unknown,0.0,70.0
e2a6dadf73b5ad51941db3003518425e8f8fe2506c48b6e5eab913d8f6fa4696,2024-11-21,,,,,,,,,,,,,,,,,,,,,,,,,,,,,,,unknown,unknown,0.0,70.0
e2a6dadf73b5ad51941db3003518425e8f8fe2506c48b6e5eab913d8f6fa4696,2024-11-22,,,,,,,,,,,,,,,,,,,,,,,,,,,,,,,unknown,unknown,0.0,70.0
e2a6dadf73b5ad51941db3003518425e8f8fe2506c48b6e5eab913d8f6fa4696,2024-11-23,,,,,,,,,,,,,,,,,,,,,,,,,,,,,,,unknown,unknown,0.0,70.0
e2a6dadf73b5ad51941db3003518425e8f8fe2506c48b6e5eab913d8f6fa4696,2024-11-24,,,,,,,,,,,,,,,,,,,,,,,,,,,,,,,unknown,unknown,0.0,70.0
e2a6dadf73b5ad51941db3003518425e8f8fe2506c48b6e5eab913d8f6fa4696,2024-11-25,,,,,,,,,,,,,,,,,,,,,,,,,,,,,,,unknown,unknown,0.0,70.0
e2a6dadf73b5ad51941db3003518425e8f8fe2506c48b6e5eab913d8f6fa4696,2024-11-26,,,,,,,,,,,,,,,,,,,,,,,,,,,,,,,unknown,unknown,0.0,70.0
e2a6dadf73b5ad51941db3003518425e8f8fe2506c48b6e5eab913d8f6fa4696,2024-11-27,,,,,,,,,,,,,,,,,,,,,,,,,,,,,,,unknown,unknown,0.0,70.0
e2a6dadf73b5ad51941db3003518425e8f8fe2506c48b6e5eab913d8f6fa4696,2024-11-28,,,,,,,,,,,,,,,,,,,,,,,,,,,,,,,unknown,unknown,0.0,70.0
e2a6dadf73b5ad51941db3003518425e8f8fe2506c48b6e5eab913d8f6fa4696,2024-11-29,,,,,,,,,,,,,,,,,,,,,,,,,,,,,,,unknown,unknown,0.0,70.0
e2a6dadf73b5ad51941db3003518425e8f8fe2506c48b6e5eab913d8f6fa4696,2024-11-30,,,,,,,,,,,,,,,,,,,,,,,,,,,,,,,unknown,unknown,0.0,70.0
e2a6dadf73b5ad51941db3003518425e8f8fe2506c48b6e5eab913d8f6fa4696,2024-12-01,,,,,,,,,,,,,,,,,,,,,,,,,,,,,,,unknown,unknown,0.0,70.0
e2a6dadf73b5ad51941db3003518425e8f8fe2506c48b6e5eab913d8f6fa4696,2024-12-02,,,,,,,,,,,,,,,,,,,,,,,,,,,,,,,unknown,unknown,0.0,70.0
e2a6dadf73b5ad51941db3003518425e8f8fe2506c48b6e5eab913d8f6fa4696,2024-12-03,,,,,,,,,,,,,,,,,,,,,,,,,,,,,,,unknown,unknown,0.0,70.0
e2a6dadf73b5ad51941db3003518425e8f8fe2506c48b6e5eab913d8f6fa4696,2024-12-04,,,,,,,,,,,,,,,,,,,,,,,,,,,,,,,unknown,unknown,0.0,70.0
e2a6dadf73b5ad51941db3003518425e8f8fe2506c48b6e5eab913d8f6fa4696,2024-12-05,,,,,,,,,,,,,,,,,,,,,,,,,,,,,,,unknown,unknown,0.0,70.0
e2a6dadf73b5ad51941db3003518425e8f8fe2506c48b6e5eab913d8f6fa4696,2024-12-06,,,,,,,,,,,,,,,,,,,,,,,,,,,,,,,unknown,unknown,0.0,70.0
e2a6dadf73b5ad51941db3003518425e8f8fe2506c48b6e5eab913d8f6fa4696,2024-12-07,,,,,,,,,,,,,,,,,,,,,,,,,,,,,,,unknown,unknown,0.0,70.0
e2a6dadf73b5ad51941db3003518425e8f8fe2506c48b6e5eab913d8f6fa4696,2024-12-08,,,,,,,,,,,,,,,,,,,,,,,,,,,,,,,unknown,unknown,0.0,70.0
e2a6dadf73b5ad51941db3003518425e8f8fe2506c48b6e5eab913d8f6fa4696,2024-12-09,,,,,,,,,,,,,,,,,,,,,,,,,,,,,,,unknown,unknown,0.0,70.0
e2a6dadf73b5ad51941db3003518425e8f8fe2506c48b6e5eab913d8f6fa4696,2024-12-10,,,,,,,,,,,,,,,,,,,,,,,,,,,,,,,unknown,unknown,0.0,70.0
e2a6dadf73b5ad51941db3003518425e8f8fe2506c48b6e5eab913d8f6fa4696,2024-12-11,,,,,,,,,,,,,,,,,,,,,,,,,,,,,,,unknown,unknown,0.0,70.0
e2a6dadf73b5ad51941db3003518425e8f8fe2506c48b6e5eab913d8f6fa4696,2024-12-12,,,,,,,,,,,,,,,,,,,,,,,,,,,,,,,unknown,unknown,0.0,70.0
e2a6dadf73b5ad51941db3003518425e8f8fe2506c48b6e5eab913d8f6fa4696,2024-12-13,,,,,,,,,,,,,,,,,,,,,,,,,,,,,,,unknown,unknown,0.0,70.0
e2a6dadf73b5ad51941db3003518425e8f8fe2506c48b6e5eab913d8f6fa4696,2024-12-14,,,,,,,,,,,,,,,,,,,,,,,,,,,,,,,unknown,unknown,0.0,70.0
e2a6dadf73b5ad51941db3003518425e8f8fe2506c48b6e5eab913d8f6fa4696,2024-12-15,,,,,,,,,,,,,,,,,,,,,,,,,,,,,,,unknown,unknown,0.0,70.0
e2a6dadf73b5ad51941db3003518425e8f8fe2506c48b6e5eab913d8f6fa4696,2024-12-16,,,,,,,,,,,,,,,,,,,,,,,,,,,,,,,unknown,unknown,0.0,70.0
e2a6dadf73b5ad51941db3003518425e8f8fe2506c48b6e5eab913d8f6fa4696,2024-12-17,,,,,,,,,,,,,,,,,,,,,,,,,,,,,,,unknown,unknown,0.0,70.0
e2a6dadf73b5ad51941db3003518425e8f8fe2506c48b6e5eab913d8f6fa4696,2024-12-21,,,,,,,,,,,,,,,,,,,,,,,,,,,,,,,unknown,unknown,0.0,70.0
e2a6dadf73b5ad51941db3003518425e8f8fe2506c48b6e5eab913d8f6fa4696,2024-12-24,,,,,,,,,,,,,,,,,,,,,,,,,,,,,,,unknown,unknown,0.0,70.0
e2a6dadf73b5ad51941db3003518425e8f8fe2506c48b6e5eab913d8f6fa4696,2024-12-25,,,,,,,,,,,,,,,,,,,,,,,,,,,,,,,unknown,unknown,0.0,70.0
e2a6dadf73b5ad51941db3003518425e8f8fe2506c48b6e5eab913d8f6fa4696,2025-01-10,,,,,,,,,,,,,,,,,,,,,,,,,,,,,,,unknown,unknown,0.0,70.0
e2a6dadf73b5ad51941db3003518425e8f8fe2506c48b6e5eab913d8f6fa4696,2025-01-11,,,,,,,,,,,,,,,,,,,,,,,,,,,,,,,unknown,unknown,0.0,70.0
e2a6dadf73b5ad51941db3003518425e8f8fe2506c48b6e5eab913d8f6fa4696,2025-01-20,,,,,,,,,,,,,,,,,,,,,,,,,,,,,,,unknown,unknown,0.0,70.0
e2a6dadf73b5ad51941db3003518425e8f8fe2506c48b6e5eab913d8f6fa4696,2025-01-21,,,,,,,,,,,,,,,,,,,,,,,,,,,,,,,unknown,unknown,0.0,70.0
e2a6dadf73b5ad51941db3003518425e8f8fe2506c48b6e5eab913d8f6fa4696,2025-01-22,,,,,,,,,,,,,,,,,,,,,,,,,,,,,,,unknown,unknown,0.0,70.0
e2a6dadf73b5ad51941db3003518425e8f8fe2506c48b6e5eab913d8f6fa4696,2025-01-23,,,,,,,,,,,,,,,,,,,,,,,,,,,,,,,unknown,unknown,0.0,70.0
e2a6dadf73b5ad51941db3003518425e8f8fe2506c48b6e5eab913d8f6fa4696,2025-01-24,,,,,,,,,,,,,,,,,,,,,,,,,,,,,,,unknown,unknown,0.0,70.0
e2a6dadf73b5ad51941db3003518425e8f8fe2506c48b6e5eab913d8f6fa4696,2025-02-04,,,,,,,,,,,,,,,,,,,,,,,,,,,,,,,unknown,unknown,0.0,70.0
e2a6dadf73b5ad51941db3003518425e8f8fe2506c48b6e5eab913d8f6fa4696,2025-02-05,,,,,,,,,,,,,,,,,,,,,,,,,,,,,,,unknown,unknown,0.0,70.0
e2a6dadf73b5ad51941db3003518425e8f8fe2506c48b6e5eab913d8f6fa4696,2025-02-06,,,,,,,,,,,,,,,,,,,,,,,,,,,,,,,unknown,unknown,0.0,70.0
e2a6dadf73b5ad51941db3003518425e8f8fe2506c48b6e5eab913d8f6fa4696,2025-02-07,,,,,,,,,,,,,,,,,,,,,,,,,,,,,,,unknown,unknown,0.0,70.0
e2a6dadf73b5ad51941db3003518425e8f8fe2506c48b6e5eab913d8f6fa4696,2025-02-08,,,,,,,,,,,,,,,,,,,,,,,,,,,,,,,unknown,unknown,0.0,70.0
e2a6dadf73b5ad51941db3003518425e8f8fe2506c48b6e5eab913d8f6fa4696,2025-02-09,,,,,,,,,,,,,,,,,,,,,,,,,,,,,,,unknown,unknown,0.0,70.0
e2a6dadf73b5ad51941db3003518425e8f8fe2506c48b6e5eab913d8f6fa4696,2025-02-10,,,,,,,,,,,,,,,,,,,,,,,,,,,,,,,unknown,unknown,0.0,70.0
e2a6dadf73b5ad51941db3003518425e8f8fe2506c48b6e5eab913d8f6fa4696,2025-02-11,,,,,,,,,,,,,,,,,,,,,,,,,,,,,,,unknown,unknown,0.0,70.0
e2a6dadf73b5ad51941db3003518425e8f8fe2506c48b6e5eab913d8f6fa4696,2025-02-12,,,,,,,,,,,,,,,,,,,,,,,,,,,,,,,unknown,unknown,0.0,70.0
e2a6dadf73b5ad51941db3003518425e8f8fe2506c48b6e5eab913d8f6fa4696,2025-02-13,,,,,,,,,,,,,,,,,,,,,,,,,,,,,,,unknown,unknown,0.0,70.0
e2a6dadf73b5ad51941db3003518425e8f8fe2506c48b6e5eab913d8f6fa4696,2025-02-14,,,,,,,,,,,,,,,,,,,,,,,,,,,,,,,unknown,unknown,0.0,70.0
e2a6dadf73b5ad51941db3003518425e8f8fe2506c48b6e5eab913d8f6fa4696,2025-02-15,,,,,,,,,,,,,,,,,,,,,,,,,,,,,,,unknown,unknown,0.0,70.0
e2a6dadf73b5ad51941db3003518425e8f8fe2506c48b6e5eab913d8f6fa4696,2025-02-16,,,,,,,,,,,,,,,,,,,,,,,,,,,,,,,unknown,unknown,0.0,70.0
e2a6dadf73b5ad51941db3003518425e8f8fe2506c48b6e5eab913d8f6fa4696,2025-02-17,,,,,,,,,,,,,,,,,,,,,,,,,,,,,,,unknown,unknown,0.0,70.0
e2a6dadf73b5ad51941db3003518425e8f8fe2506c48b6e5eab913d8f6fa4696,2025-02-18,,,,,,,,,,,,,,,,,,,,,,,,,,,,,,,unknown,unknown,0.0,70.0
e2a6dadf73b5ad51941db3003518425e8f8fe2506c48b6e5eab913d8f6fa4696,2025-02-19,,,,,,,,,,,,,,,,,,,,,,,,,,,,,,,unknown,unknown,0.0,70.0
e2a6dadf73b5ad51941db3003518425e8f8fe2506c48b6e5eab913d8f6fa4696,2025-02-20,,,,,,,,,,,,,,,,,,,,,,,,,,,,,,,unknown,unknown,0.0,70.0
e2a6dadf73b5ad51941db3003518425e8f8fe2506c48b6e5eab913d8f6fa4696,2025-02-21,,,,,,,,,,,,,,,,,,,,,,,,,,,,,,,unknown,unknown,0.0,70.0
e2a6dadf73b5ad51941db3003518425e8f8fe2506c48b6e5eab913d8f6fa4696,2025-02-22,,,,,,,,,,,,,,,,,,,,,,,,,,,,,,,unknown,unknown,0.0,70.0
e2a6dadf73b5ad51941db3003518425e8f8fe2506c48b6e5eab913d8f6fa4696,2025-02-23,,,,,,,,,,,,,,,,,,,,,,,,,,,,,,,unknown,unknown,0.0,70.0
e2a6dadf73b5ad51941db3003518425e8f8fe2506c48b6e5eab913d8f6fa4696,2025-02-24,,,,,,,,,,,,,,,,,,,,,,,,,,,,,,,unknown,unknown,0.0,70.0
e2a6dadf73b5ad51941db3003518425e8f8fe2506c48b6e5eab913d8f6fa4696,2025-02-25,,,,,,,,,,,,,,,,,,,,,,,,,,,,,,,unknown,unknown,0.0,70.0
e2a6dadf73b5ad51941db3003518425e8f8fe2506c48b6e5eab913d8f6fa4696,2025-02-26,,,,,,,,,,,,,,,,,,,,,,,,,,,,,,,unknown,unknown,0.0,70.0
e2a6dadf73b5ad51941db3003518425e8f8fe2506c48b6e5eab913d8f6fa4696,2025-02-27,,,,,,,,,,,,,,,,,,,,,,,,,,,,,,,unknown,unknown,0.0,70.0
e2a6dadf73b5ad51941db3003518425e8f8fe2506c48b6e5eab913d8f6fa4696,2025-02-28,,,,,,,,,,,,,,,,,,,,,,,,,,,,,,,unknown,unknown,0.0,70.0
e2a6dadf73b5ad51941db3003518425e8f8fe2506c48b6e5eab913d8f6fa4696,2025-03-01,,,,,,,,,,,,,,,,,,,,,,,,,,,,,,,unknown,unknown,0.0,70.0
e2a6dadf73b5ad51941db3003518425e8f8fe2506c48b6e5eab913d8f6fa4696,2025-03-02,,,,,,,,,,,,,,,,,,,,,,,,,,,,,,,unknown,unknown,0.0,70.0
e2a6dadf73b5ad51941db3003518425e8f8fe2506c48b6e5eab913d8f6fa4696,2025-03-03,,,,,,,,,,,,,,,,,,,,,,,,,,,,,,,unknown,unknown,0.0,70.0
e2a6dadf73b5ad51941db3003518425e8f8fe2506c48b6e5eab913d8f6fa4696,2025-03-04,,,,,,,,,,,,,,,,,,,,,,,,,,,,,,,unknown,unknown,0.0,70.0
e2a6dadf73b5ad51941db3003518425e8f8fe2506c48b6e5eab913d8f6fa4696,2025-03-05,,,,,,,,,,,,,,,,,,,,,,,,,,,,,,,unknown,unknown,0.0,70.0
e2a6dadf73b5ad51941db3003518425e8f8fe2506c48b6e5eab913d8f6fa4696,2025-03-06,,,,,,,,,,,,,,,,,,,,,,,,,,,,,,,unknown,unknown,0.0,70.0
e2a6dadf73b5ad51941db3003518425e8f8fe2506c48b6e5eab913d8f6fa4696,2025-03-07,,,,,,,,,,,,,,,,,,,,,,,,,,,,,,,unknown,unknown,0.0,70.0
e2a6dadf73b5ad51941db3003518425e8f8fe2506c48b6e5eab913d8f6fa4696,2025-03-08,,,,,,,,,,,,,,,,,,,,,,,,,,,,,,,unknown,unknown,0.0,70.0
e2a6dadf73b5ad51941db3003518425e8f8fe2506c48b6e5eab913d8f6fa4696,2025-03-09,,,,,,,,,,,,,,,,,,,,,,,,,,,,,,,unknown,unknown,0.0,70.0
e2a6dadf73b5ad51941db3003518425e8f8fe2506c48b6e5eab913d8f6fa4696,2025-03-10,,,,,,,,,,,,,,,,,,,,,,,,,,,,,,,unknown,unknown,0.0,70.0
e2a6dadf73b5ad51941db3003518425e8f8fe2506c48b6e5eab913d8f6fa4696,2025-03-11,,,,,,,,,,,,,,,,,,,,,,,,,,,,,,,unknown,unknown,0.0,70.0
e2a6dadf73b5ad51941db3003518425e8f8fe2506c48b6e5eab913d8f6fa4696,2025-03-12,,,,,,,,,,,,,,,,,,,,,,,,,,,,,,,unknown,unknown,0.0,70.0
e2a6dadf73b5ad51941db3003518425e8f8fe2506c48b6e5eab913d8f6fa4696,2025-03-13,,,,,,,,,,,,,,,,,,,,,,,,,,,,,,,unknown,unknown,0.0,70.0
e2a6dadf73b5ad51941db3003518425e8f8fe2506c48b6e5eab913d8f6fa4696,2025-03-14,,,,,,,,,,,,,,,,,,,,,,,,,,,,,,,unknown,unknown,0.0,70.0
e2a6dadf73b5ad51941db3003518425e8f8fe2506c48b6e5eab913d8f6fa4696,2025-03-15,,,,,,,,,,,,,,,,,,,,,,,,,,,,,,,unknown,unknown,0.0,70.0
e2a6dadf73b5ad51941db3003518425e8f8fe2506c48b6e5eab913d8f6fa4696,2025-03-16,,,,,,,,,,,,,,,,,,,,,,,,,,,,,,,unknown,unknown,0.0,70.0
e2a6dadf73b5ad51941db3003518425e8f8fe2506c48b6e5eab913d8f6fa4696,2025-03-17,,,,,,,,,,,,,,,,,,,,,,,,,,,,,,,unknown,unknown,0.0,70.0
e2a6dadf73b5ad51941db3003518425e8f8fe2506c48b6e5eab913d8f6fa4696,2025-03-18,,,,,,,,,,,,,,,,,,,,,,,,,,,,,,,unknown,unknown,0.0,70.0
e2a6dadf73b5ad51941db3003518425e8f8fe2506c48b6e5eab913d8f6fa4696,2025-03-19,,,,,,,,,,,,,,,,,,,,,,,,,,,,,,,unknown,unknown,0.0,70.0
e2a6dadf73b5ad51941db3003518425e8f8fe2506c48b6e5eab913d8f6fa4696,2025-03-20,,,,,,,,,,,,,,,,,,,,,,,,,,,,,,,unknown,unknown,0.0,70.0
e2a6dadf73b5ad51941db3003518425e8f8fe2506c48b6e5eab913d8f6fa4696,2025-03-21,,,,,,,,,,,,,,,,,,,,,,,,,,,,,,,unknown,unknown,0.0,70.0
e2a6dadf73b5ad51941db3003518425e8f8fe2506c48b6e5eab913d8f6fa4696,2025-03-22,,,,,,,,,,,,,,,,,,,,,,,,,,,,,,,unknown,unknown,0.0,70.0
e2a6dadf73b5ad51941db3003518425e8f8fe2506c48b6e5eab913d8f6fa4696,2025-03-23,,,,,,,,,,,,,,,,,,,,,,,,,,,,,,,unknown,unknown,0.0,70.0
e2a6dadf73b5ad51941db3003518425e8f8fe2506c48b6e5eab913d8f6fa4696,2025-03-24,,,,,,,,,,,,,,,,,,,,,,,,,,,,,,,unknown,unknown,0.0,70.0
e2a6dadf73b5ad51941db3003518425e8f8fe2506c48b6e5eab913d8f6fa4696,2025-03-25,,,,,,,,,,,,,,,,,,,,,,,,,,,,,,,unknown,unknown,0.0,70.0
e2a6dadf73b5ad51941db3003518425e8f8fe2506c48b6e5eab913d8f6fa4696,2025-03-26,,,,,,,,,,,,,,,,,,,,,,,,,,,,,,,unknown,unknown,0.0,70.0
e2a6dadf73b5ad51941db3003518425e8f8fe2506c48b6e5eab913d8f6fa4696,2025-03-27,,,,,,,,,,,,,,,,,,,,,,,,,,,,,,,unknown,unknown,0.0,70.0
e2a6dadf73b5ad51941db3003518425e8f8fe2506c48b6e5eab913d8f6fa4696,2025-03-28,,,,,,,,,,,,,,,,,,,,,,,,,,,,,,,unknown,unknown,0.0,70.0
e2a6dadf73b5ad51941db3003518425e8f8fe2506c48b6e5eab913d8f6fa4696,2025-03-29,,,,,,,,,,,,,,,,,,,,,,,,,,,,,,,unknown,unknown,0.0,70.0
e2a6dadf73b5ad51941db3003518425e8f8fe2506c48b6e5eab913d8f6fa4696,2025-03-30,,,,,,,,,,,,,,,,,,,,,,,,,,,,,,,unknown,unknown,0.0,70.0
e2a6dadf73b5ad51941db3003518425e8f8fe2506c48b6e5eab913d8f6fa4696,2025-03-31,,,,,,,,,,,,,,,,,,,,,,,,,,,,,,,unknown,unknown,0.0,70.0
e2a6dadf73b5ad51941db3003518425e8f8fe2506c48b6e5eab913d8f6fa4696,2025-04-01,,,,,,,,,,,,,,,,,,,,,,,,,,,,,,,unknown,unknown,0.0,70.0
e2a6dadf73b5ad51941db3003518425e8f8fe2506c48b6e5eab913d8f6fa4696,2025-04-02,,,,,,,,,,,,,,,,,,,,,,,,,,,,,,,unknown,unknown,0.0,70.0
e2a6dadf73b5ad51941db3003518425e8f8fe2506c48b6e5eab913d8f6fa4696,2025-04-03,,,,,,,,,,,,,,,,,,,,,,,,,,,,,,,unknown,unknown,0.0,70.0
e2a6dadf73b5ad51941db3003518425e8f8fe2506c48b6e5eab913d8f6fa4696,2025-04-04,,,,,,,,,,,,,,,,,,,,,,,,,,,,,,,unknown,unknown,0.0,70.0
e2a6dadf73b5ad51941db3003518425e8f8fe2506c48b6e5eab913d8f6fa4696,2025-04-05,,,,,,,,,,,,,,,,,,,,,,,,,,,,,,,unknown,unknown,0.0,70.0
e2a6dadf73b5ad51941db3003518425e8f8fe2506c48b6e5eab913d8f6fa4696,2025-04-06,,,,,,,,,,,,,,,,,,,,,,,,,,,,,,,unknown,unknown,0.0,70.0
e2a6dadf73b5ad51941db3003518425e8f8fe2506c48b6e5eab913d8f6fa4696,2025-04-07,,,,,,,,,,,,,,,,,,,,,,,,,,,,,,,unknown,unknown,0.0,70.0
e2a6dadf73b5ad51941db3003518425e8f8fe2506c48b6e5eab913d8f6fa4696,2025-04-08,,,,,,,,,,,,,,,,,,,,,,,,,,,,,,,unknown,unknown,0.0,70.0
e2a6dadf73b5ad51941db3003518425e8f8fe2506c48b6e5eab913d8f6fa4696,2025-04-09,,,,,,,,,,,,,,,,,,,,,,,,,,,,,,,unknown,unknown,0.0,70.0
e2a6dadf73b5ad51941db3003518425e8f8fe2506c48b6e5eab913d8f6fa4696,2025-04-10,,,,,,,,,,,,,,,,,,,,,,,,,,,,,,,unknown,unknown,0.0,70.0
e2a6dadf73b5ad51941db3003518425e8f8fe2506c48b6e5eab913d8f6fa4696,2025-04-11,,,,,,,,,,,,,,,,,,,,,,,,,,,,,,,unknown,unknown,0.0,70.0
e2a6dadf73b5ad51941db3003518425e8f8fe2506c48b6e5eab913d8f6fa4696,2025-04-12,,,,,,,,,,,,,,,,,,,,,,,,,,,,,,,unknown,unknown,0.0,70.0
e2a6dadf73b5ad51941db3003518425e8f8fe2506c48b6e5eab913d8f6fa4696,2025-04-14,,,,,,,,,,,,,,,,,,,,,,,,,,,,,,,unknown,unknown,0.0,70.0
e2a6dadf73b5ad51941db3003518425e8f8fe2506c48b6e5eab913d8f6fa4696,2025-04-15,,,,,,,,,,,,,,,,,,,,,,,,,,,,,,,unknown,unknown,0.0,70.0
e2a6dadf73b5ad51941db3003518425e8f8fe2506c48b6e5eab913d8f6fa4696,2025-04-16,,,,,,,,,,,,,,,,,,,,,,,,,,,,,,,unknown,unknown,0.0,70.0
e2a6dadf73b5ad51941db3003518425e8f8fe2506c48b6e5eab913d8f6fa4696,2025-04-17,,,,,,,,,,,,,,,,,,,,,,,,,,,,,,,unknown,unknown,0.0,70.0
e2a6dadf73b5ad51941db3003518425e8f8fe2506c48b6e5eab913d8f6fa4696,2025-04-18,,,,,,,,,,,,,,,,,,,,,,,,,,,,,,,unknown,unknown,0.0,70.0
e2a6dadf73b5ad51941db3003518425e8f8fe2506c48b6e5eab913d8f6fa4696,2025-04-19,,,,,,,,,,,,,,,,,,,,,,,,,,,,,,,unknown,unknown,0.0,70.0
e2a6dadf73b5ad51941db3003518425e8f8fe2506c48b6e5eab913d8f6fa4696,2025-04-20,,,,,,,,,,,,,,,,,,,,,,,,,,,,,,,unknown,unknown,0.0,70.0
e2a6dadf73b5ad51941db3003518425e8f8fe2506c48b6e5eab913d8f6fa4696,2025-04-21,,,,,,,,,,,,,,,,,,,,,,,,,,,,,,,unknown,unknown,0.0,70.0
e2a6dadf73b5ad51941db3003518425e8f8fe2506c48b6e5eab913d8f6fa4696,2025-04-22,,,,,,,,,,,,,,,,,,,,,,,,,,,,,,,unknown,unknown,0.0,70.0
e2a6dadf73b5ad51941db3003518425e8f8fe2506c48b6e5eab913d8f6fa4696,2025-04-23,,,,,,,,,,,,,,,,,,,,,,,,,,,,,,,unknown,unknown,0.0,70.0
e2a6dadf73b5ad51941db3003518425e8f8fe2506c48b6e5eab913d8f6fa4696,2025-04-24,,,,,,,,,,,,,,,,,,,,,,,,,,,,,,,unknown,unknown,0.0,70.0
e2a6dadf73b5ad51941db3003518425e8f8fe2506c48b6e5eab913d8f6fa4696,2025-04-25,,,,,,,,,,,,,,,,,,,,,,,,,,,,,,,unknown,unknown,0.0,70.0
e2a6dadf73b5ad51941db3003518425e8f8fe2506c48b6e5eab913d8f6fa4696,2025-04-26,,,,,,,,,,,,,,,,,,,,,,,,,,,,,,,unknown,unknown,0.0,70.0
e2a6dadf73b5ad51941db3003518425e8f8fe2506c48b6e5eab913d8f6fa4696,2025-04-27,,,,,,,,,,,,,,,,,,,,,,,,,,,,,,,unknown,unknown,0.0,70.0
e2a6dadf73b5ad51941db3003518425e8f8fe2506c48b6e5eab913d8f6fa4696,2025-04-28,,,,,,,,,,,,,,,,,,,,,,,,,,,,,,,unknown,unknown,0.0,70.0
e2a6dadf73b5ad51941db3003518425e8f8fe2506c48b6e5eab913d8f6fa4696,2025-04-29,,,,,,,,,,,,,,,,,,,,,,,,,,,,,,,unknown,unknown,0.0,70.0
e2a6dadf73b5ad51941db3003518425e8f8fe2506c48b6e5eab913d8f6fa4696,2025-04-30,,,,,,,,,,,,,,,,,,,,,,,,,,,,,,,unknown,unknown,0.0,70.0
e2a6dadf73b5ad51941db3003518425e8f8fe2506c48b6e5eab913d8f6fa4696,2025-05-01,,,,,,,,,,,,,,,,,,,,,,,,,,,,,,,unknown,unknown,0.0,70.0
e2a6dadf73b5ad51941db3003518425e8f8fe2506c48b6e5eab913d8f6fa4696,2025-05-02,,,,,,,,,,,,,,,,,,,,,,,,,,,,,,,unknown,unknown,0.0,70.0
e2a6dadf73b5ad51941db3003518425e8f8fe2506c48b6e5eab913d8f6fa4696,2025-05-03,,,,,,,,,,,,,,,,,,,,,,,,,,,,,,,unknown,unknown,0.0,70.0
e2a6dadf73b5ad51941db3003518425e8f8fe2506c48b6e5eab913d8f6fa4696,2025-05-04,,,,,,,,,,,,,,,,,,,,,,,,,,,,,,,unknown,unknown,0.0,70.0
e2a6dadf73b5ad51941db3003518425e8f8fe2506c48b6e5eab913d8f6fa4696,2025-05-05,,,,,,,,,,,,,,,,,,,,,,,,,,,,,,,unknown,unknown,0.0,70.0
e2a6dadf73b5ad51941db3003518425e8f8fe2506c48b6e5eab913d8f6fa4696,2025-05-06,,,,,,,,,,,,,,,,,,,,,,,,,,,,,,,unknown,unknown,0.0,70.0
e2a6dadf73b5ad51941db3003518425e8f8fe2506c48b6e5eab913d8f6fa4696,2025-05-07,,,,,,,,,,,,,,,,,,,,,,,,,,,,,,,unknown,unknown,0.0,70.0
e2a6dadf73b5ad51941db3003518425e8f8fe2506c48b6e5eab913d8f6fa4696,2025-05-08,,,,,,,,,,,,,,,,,,,,,,,,,,,,,,,unknown,unknown,0.0,70.0
e2a6dadf73b5ad51941db3003518425e8f8fe2506c48b6e5eab913d8f6fa4696,2025-05-09,,,,,,,,,,,,,,,,,,,,,,,,,,,,,,,unknown,unknown,0.0,70.0
e2a6dadf73b5ad51941db3003518425e8f8fe2506c48b6e5eab913d8f6fa4696,2025-05-10,,,,,,,,,,,,,,,,,,,,,,,,,,,,,,,unknown,unknown,0.0,70.0
e2a6dadf73b5ad51941db3003518425e8f8fe2506c48b6e5eab913d8f6fa4696,2025-05-11,,,,,,,,,,,,,,,,,,,,,,,,,,,,,,,unknown,unknown,0.0,70.0
e2a6dadf73b5ad51941db3003518425e8f8fe2506c48b6e5eab913d8f6fa4696,2025-05-12,,,,,,,,,,,,,,,,,,,,,,,,,,,,,,,unknown,unknown,0.0,70.0
e2a6dadf73b5ad51941db3003518425e8f8fe2506c48b6e5eab913d8f6fa4696,2025-05-13,,,,,,,,,,,,,,,,,,,,,,,,,,,,,,,unknown,unknown,0.0,70.0
e2a6dadf73b5ad51941db3003518425e8f8fe2506c48b6e5eab913d8f6fa4696,2025-05-14,,,,,,,,,,,,,,,,,,,,,,,,,,,,,,,unknown,unknown,0.0,70.0
e2a6dadf73b5ad51941db3003518425e8f8fe2506c48b6e5eab913d8f6fa4696,2025-05-15,,,,,,,,,,,,,,,,,,,,,,,,,,,,,,,unknown,unknown,0.0,70.0
e2a6dadf73b5ad51941db3003518425e8f8fe2506c48b6e5eab913d8f6fa4696,2025-05-16,,,,,,,,,,,,,,,,,,,,,,,,,,,,,,,unknown,unknown,0.0,70.0
e2a6dadf73b5ad51941db3003518425e8f8fe2506c48b6e5eab913d8f6fa4696,2025-05-17,,,,,,,,,,,,,,,,,,,,,,,,,,,,,,,unknown,unknown,0.0,70.0
e2a6dadf73b5ad51941db3003518425e8f8fe2506c48b6e5eab913d8f6fa4696,2025-05-18,,,,,,,,,,,,,,,,,,,,,,,,,,,,,,,unknown,unknown,0.0,70.0
e2a6dadf73b5ad51941db3003518425e8f8fe2506c48b6e5eab913d8f6fa4696,2025-05-19,,,,,,,,,,,,,,,,,,,,,,,,,,,,,,,unknown,unknown,0.0,70.0
e2a6dadf73b5ad51941db3003518425e8f8fe2506c48b6e5eab913d8f6fa4696,2025-05-20,,,,,,,,,,,,,,,,,,,,,,,,,,,,,,,unknown,unknown,0.0,70.0
e2a6dadf73b5ad51941db3003518425e8f8fe2506c48b6e5eab913d8f6fa4696,2025-05-21,,,,,,,,,,,,,,,,,,,,,,,,,,,,,,,unknown,unknown,0.0,70.0
e2a6dadf73b5ad51941db3003518425e8f8fe2506c48b6e5eab913d8f6fa4696,2025-05-22,,,,,,,,,,,,,,,,,,,,,,,,,,,,,,,unknown,unknown,0.0,70.0
e2a6dadf73b5ad51941db3003518425e8f8fe2506c48b6e5eab913d8f6fa4696,2025-05-23,,,,,,,,,,,,,,,,,,,,,,,,,,,,,,,unknown,unknown,0.0,70.0
e2a6dadf73b5ad51941db3003518425e8f8fe2506c48b6e5eab913d8f6fa4696,2025-05-24,,,,,,,,,,,,,,,,,,,,,,,,,,,,,,,unknown,unknown,0.0,70.0
e2a6dadf73b5ad51941db3003518425e8f8fe2506c48b6e5eab913d8f6fa4696,2025-05-25,,,,,,,,,,,,,,,,,,,,,,,,,,,,,,,unknown,unknown,0.0,70.0
e2a6dadf73b5ad51941db3003518425e8f8fe2506c48b6e5eab913d8f6fa4696,2025-05-26,,,,,,,,,,,,,,,,,,,,,,,,,,,,,,,unknown,unknown,0.0,70.0
e2a6dadf73b5ad51941db3003518425e8f8fe2506c48b6e5eab913d8f6fa4696,2025-05-27,,,,,,,,,,,,,,,,,,,,,,,,,,,,,,,unknown,unknown,0.0,70.0
e2a6dadf73b5ad51941db3003518425e8f8fe2506c48b6e5eab913d8f6fa4696,2025-05-28,,,,,,,,,,,,,,,,,,,,,,,,,,,,,,,unknown,unknown,0.0,70.0
e2a6dadf73b5ad51941db3003518425e8f8fe2506c48b6e5eab913d8f6fa4696,2025-05-29,,,,,,,,,,,,,,,,,,,,,,,,,,,,,,,unknown,unknown,0.0,70.0
e2a6dadf73b5ad51941db3003518425e8f8fe2506c48b6e5eab913d8f6fa4696,2025-05-30,,,,,,,,,,,,,,,,,,,,,,,,,,,,,,,unknown,unknown,0.0,70.0
e2a6dadf73b5ad51941db3003518425e8f8fe2506c48b6e5eab913d8f6fa4696,2025-05-31,,,,,,,,,,,,,,,,,,,,,,,,,,,,,,,unknown,unknown,0.0,70.0
e2a6dadf73b5ad51941db3003518425e8f8fe2506c48b6e5eab913d8f6fa4696,2025-06-01,,,,,,,,,,,,,,,,,,,,,,,,,,,,,,,unknown,unknown,0.0,70.0
e2a6dadf73b5ad51941db3003518425e8f8fe2506c48b6e5eab913d8f6fa4696,2025-06-02,,,,,,,,,,,,,,,,,,,,,,,,,,,,,,,unknown,unknown,0.0,70.0
e2a6dadf73b5ad51941db3003518425e8f8fe2506c48b6e5eab913d8f6fa4696,2025-06-03,,,,,,,,,,,,,,,,,,,,,,,,,,,,,,,unknown,unknown,0.0,70.0
e2a6dadf73b5ad51941db3003518425e8f8fe2506c48b6e5eab913d8f6fa4696,2025-06-04,,,,,,,,,,,,,,,,,,,,,,,,,,,,,,,unknown,unknown,0.0,70.0
e2a6dadf73b5ad51941db3003518425e8f8fe2506c48b6e5eab913d8f6fa4696,2025-06-05,,,,,,,,,,,8.216666666666667,,,,,,,,,,,,,,,,,,,,unknown,unknown,0.0,70.0
e2a6dadf73b5ad51941db3003518425e8f8fe2506c48b6e5eab913d8f6fa4696,2025-06-06,,,,,,,,,,,,,,,,,,,,,,,,,,,,,,,unknown,unknown,0.0,70.0
e2a6dadf73b5ad51941db3003518425e8f8fe2506c48b6e5eab913d8f6fa4696,2025-06-07,,,,,,,,,,,,,,,,,,,,,,,,,,,,,,,unknown,unknown,0.0,70.0
e2a6dadf73b5ad51941db3003518425e8f8fe2506c48b6e5eab913d8f6fa4696,2025-06-08,,,,,,,,,,,,,,,,,,,,,,,,,,,,,,,unknown,unknown,0.0,70.0
e2a6dadf73b5ad51941db3003518425e8f8fe2506c48b6e5eab913d8f6fa4696,2025-06-09,,,,,,,,,,,,,,,,,,,,,,,,,,,,,,,unknown,unknown,0.0,70.0
e2a6dadf73b5ad51941db3003518425e8f8fe2506c48b6e5eab913d8f6fa4696,2025-06-10,,,,,,,,,,,,,,,,,,,,,,,,,,,,,,,unknown,unknown,0.0,70.0
e2a6dadf73b5ad51941db3003518425e8f8fe2506c48b6e5eab913d8f6fa4696,2025-06-11,,,,,,,,,,,8.55,,,,,,,,,,,,,,,,,,,,unknown,unknown,0.0,70.0
e2a6dadf73b5ad51941db3003518425e8f8fe2506c48b6e5eab913d8f6fa4696,2025-06-12,,,,,,,,,,,6.8,,,,,,,,,,,,,,,,,,,,unknown,unknown,0.0,70.0
e2a6dadf73b5ad51941db3003518425e8f8fe2506c48b6e5eab913d8f6fa4696,2025-06-13,,,,,,,,,,,,,,,,,,,,,,,,,,,,,,,unknown,unknown,0.0,70.0
e2a6dadf73b5ad51941db3003518425e8f8fe2506c48b6e5eab913d8f6fa4696,2025-06-14,,,,,,,,,,,,,,,,,,,,,,,,,,,,,,,unknown,unknown,0.0,70.0
e2a6dadf73b5ad51941db3003518425e8f8fe2506c48b6e5eab913d8f6fa4696,2025-06-15,,,,,,,,,,,,,,,,,,,,,,,,,,,,,,,unknown,unknown,0.0,70.0
e2a6dadf73b5ad51941db3003518425e8f8fe2506c48b6e5eab913d8f6fa4696,2025-06-16,,,,,,,,,,,,,,,,,,,,,,,,,,,,,,,unknown,unknown,0.0,70.0
e2a6dadf73b5ad51941db3003518425e8f8fe2506c48b6e5eab913d8f6fa4696,2025-06-17,,,,,,,,,,,,,,,,,,,,,,,,,,,,,,,unknown,unknown,0.0,70.0
e2a6dadf73b5ad51941db3003518425e8f8fe2506c48b6e5eab913d8f6fa4696,2025-06-18,,,,,,,,,,,,,,,,,,,,,,,,,,,,,,,unknown,unknown,0.0,70.0
e2a6dadf73b5ad51941db3003518425e8f8fe2506c48b6e5eab913d8f6fa4696,2025-06-19,,,,,,,,,,,,,,,,,,,,,,,,,,,,,,,unknown,unknown,0.0,70.0
e2a6dadf73b5ad51941db3003518425e8f8fe2506c48b6e5eab913d8f6fa4696,2025-06-20,,,,,,,,,,,,,,,,,,,,,,,,,,,,,,,unknown,unknown,0.0,70.0
e2a6dadf73b5ad51941db3003518425e8f8fe2506c48b6e5eab913d8f6fa4696,2025-06-21,,,,,,,,,,,,,,,,,,,,,,,,,,,,,,,unknown,unknown,0.0,70.0
e2a6dadf73b5ad51941db3003518425e8f8fe2506c48b6e5eab913d8f6fa4696,2025-06-22,,,,,,,,,,,,,,,,,,,,,,,,,,,,,,,unknown,unknown,0.0,70.0
e2a6dadf73b5ad51941db3003518425e8f8fe2506c48b6e5eab913d8f6fa4696,2025-06-23,,,,,,,,,,,,,,,,,,,,,,,,,,,,,,,unknown,unknown,0.0,70.0
e2a6dadf73b5ad51941db3003518425e8f8fe2506c48b6e5eab913d8f6fa4696,2025-06-24,,,,,,,,,,,,,,,,,,,,,,,,,,,,,,,unknown,unknown,0.0,70.0
e2a6dadf73b5ad51941db3003518425e8f8fe2506c48b6e5eab913d8f6fa4696,2025-06-25,,,,,,,,,,,,,,,,,,,,,,,,,,,,,,,unknown,unknown,0.0,70.0
e2a6dadf73b5ad51941db3003518425e8f8fe2506c48b6e5eab913d8f6fa4696,2025-06-26,,,,,,,,,,,,,,,,,,,,,,,,,,,,,,,unknown,unknown,0.0,70.0
e2a6dadf73b5ad51941db3003518425e8f8fe2506c48b6e5eab913d8f6fa4696,2025-06-27,,,,,,,,,,,,,,,,,,,,,,,,,,,,,,,unknown,unknown,0.0,70.0
e2a6dadf73b5ad51941db3003518425e8f8fe2506c48b6e5eab913d8f6fa4696,2025-06-28,,,,,,,,,,,,,,,,,,,,,,,,,,,,,,,unknown,unknown,0.0,70.0
e2a6dadf73b5ad51941db3003518425e8f8fe2506c48b6e5eab913d8f6fa4696,2025-06-29,,,,,,,,,,,,,,,,,,,,,,,,,,,,,,,unknown,unknown,0.0,70.0
e2a6dadf73b5ad51941db3003518425e8f8fe2506c48b6e5eab913d8f6fa4696,2025-06-30,,,,,,,,,,,,,,,,,,,,,,,,,,,,,,,unknown,unknown,0.0,70.0
e2a6dadf73b5ad51941db3003518425e8f8fe2506c48b6e5eab913d8f6fa4696,2025-07-01,,,,,,,,,,,,,,,,,,,,,,,,,,,,,,,unknown,unknown,0.0,70.0
e4e73910225a57fda5e3ec05f258da5e1e108f956c8eac80c09785b64f538905,2025-01-26,,,,,,,,,,,7.116666666666666,95.0,,,,,,,,,,,,,,,,,,,unknown,unknown,0.0,72.0
e4e73910225a57fda5e3ec05f258da5e1e108f956c8eac80c09785b64f538905,2025-01-27,,,,,,,,,,,7.043888888888889,96.0,,,,,,,,,,,,,,,,,,,unknown,unknown,0.0,72.0
e4e73910225a57fda5e3ec05f258da5e1e108f956c8eac80c09785b64f538905,2025-01-28,,,,,,,,,,,,,,,,,,,,,,,,,,,,,,,unknown,unknown,0.0,70.0
e4e73910225a57fda5e3ec05f258da5e1e108f956c8eac80c09785b64f538905,2025-01-29,,,,,,,,,,,,,,,,,,,,,,,,,,,,,,,unknown,unknown,0.0,70.0
e4e73910225a57fda5e3ec05f258da5e1e108f956c8eac80c09785b64f538905,2025-01-30,,,,,,,,,,,,,,,,,,,,,,,,,,,,,,,unknown,unknown,0.0,70.0
e4e73910225a57fda5e3ec05f258da5e1e108f956c8eac80c09785b64f538905,2025-01-31,,,,,,,,,,,,,,,,,,,,,,,,,,,,,,,unknown,unknown,0.0,70.0
e4e73910225a57fda5e3ec05f258da5e1e108f956c8eac80c09785b64f538905,2025-02-01,,,,,,,,,,,,,,,,,,,,,,,,,,,,,,,unknown,unknown,0.0,70.0
e4e73910225a57fda5e3ec05f258da5e1e108f956c8eac80c09785b64f538905,2025-02-02,,,,,,,,,,,,,,,,,,,,,,,,,,,,,,,unknown,unknown,0.0,70.0
e4e73910225a57fda5e3ec05f258da5e1e108f956c8eac80c09785b64f538905,2025-03-21,,,,,,,,,,,,95.0,,,,,,,,,,,,,,,,,,,unknown,unknown,0.0,72.0
e4e73910225a57fda5e3ec05f258da5e1e108f956c8eac80c09785b64f538905,2025-03-22,,,,,,,,,,,,92.5,,,,,,,,,,,,,,,,,,,unknown,unknown,0.0,70.0
e4e73910225a57fda5e3ec05f258da5e1e108f956c8eac80c09785b64f538905,2025-03-23,,,,,,,,,,,7.966666666666667,94.33333333333333,,,,,,,,,,,,,,,,,,,unknown,unknown,0.0,70.0
e4e73910225a57fda5e3ec05f258da5e1e108f956c8eac80c09785b64f538905,2025-03-24,,,,,,,,,,,,,,,,,,,,,94.33333333333333,,,,,,,,,,unknown,unknown,0.0,70.0
e4e73910225a57fda5e3ec05f258da5e1e108f956c8eac80c09785b64f538905,2025-03-25,,,,,,,,,,,,,,,,,,,,,94.33333333333333,,,,,,,,,,unknown,unknown,0.0,70.0
e4e73910225a57fda5e3ec05f258da5e1e108f956c8eac80c09785b64f538905,2025-03-26,,,,,,,,,,,,,,,,,,,,,94.33333333333333,,,,,,,,,,unknown,unknown,0.0,70.0
e4e73910225a57fda5e3ec05f258da5e1e108f956c8eac80c09785b64f538905,2025-03-27,,,,,,,,,,,7.616666666666666,95.0,,,,,,,,,94.33333333333333,,,,,,,,,0.007067137809187329,unknown,unknown,0.0,72.0
e4e73910225a57fda5e3ec05f258da5e1e108f956c8eac80c09785b64f538905,2025-03-28,,,,,,,,,,,,95.0,,,,,,,,,94.66666666666666,,,,,,,,,0.0035211267605634805,unknown,unknown,0.0,72.0
e4e73910225a57fda5e3ec05f258da5e1e108f956c8eac80c09785b64f538905,2025-03-29,,,,,,,,,,,,,,,,,,,,,94.66666666666666,,,,,,,,,,unknown,unknown,0.0,70.0
e4e73910225a57fda5e3ec05f258da5e1e108f956c8eac80c09785b64f538905,2025-03-30,,,,,,,,,,,,,,,,,,,,,95.0,,,,,,,,,,unknown,unknown,0.0,70.0
e4e73910225a57fda5e3ec05f258da5e1e108f956c8eac80c09785b64f538905,2025-03-31,,,,,,,,,,,,,,,,,,,,,,,,,,,,,,,unknown,unknown,0.0,70.0
e4e73910225a57fda5e3ec05f258da5e1e108f956c8eac80c09785b64f538905,2025-04-01,,,,,,,,,,,,,,,,,,,,,,,,,,,,,,,unknown,unknown,0.0,70.0
e4e73910225a57fda5e3ec05f258da5e1e108f956c8eac80c09785b64f538905,2025-04-02,,,,,,,,,,,,,,,,,,,,,,,,,,,,,,,unknown,unknown,0.0,70.0
e4e73910225a57fda5e3ec05f258da5e1e108f956c8eac80c09785b64f538905,2025-04-03,,,,,,,,,,,,,,,,,,,,,,,,,,,,,,,unknown,unknown,0.0,70.0
e98fd95cc87b768b8ffad6f87d34e20a838f3b1e298b9bdc11571feaf5fbca4c,2025-04-14,,,,,,,,,,,,,,,,,,,,,,,,,,,,,,,unknown,unknown,0.0,70.0
e98fd95cc87b768b8ffad6f87d34e20a838f3b1e298b9bdc11571feaf5fbca4c,2025-04-15,,,,,,,,,,,,,,,,,,,,,,,,,,,,,,,unknown,unknown,0.0,70.0
e98fd95cc87b768b8ffad6f87d34e20a838f3b1e298b9bdc11571feaf5fbca4c,2025-04-16,,,,,,,,,,,,,,,,,,,,,,,,,,,,,,,unknown,unknown,0.0,70.0
e98fd95cc87b768b8ffad6f87d34e20a838f3b1e298b9bdc11571feaf5fbca4c,2025-04-17,,,,,,,,,,,,,,,,,,,,,,,,,,,,,,,unknown,unknown,0.0,70.0
e98fd95cc87b768b8ffad6f87d34e20a838f3b1e298b9bdc11571feaf5fbca4c,2025-04-18,,,,,,,,,,,,,,,,,,,,,,,,,,,,,,,unknown,unknown,0.0,70.0
e98fd95cc87b768b8ffad6f87d34e20a838f3b1e298b9bdc11571feaf5fbca4c,2025-04-19,,,,,,,,,,,,,,,,,,,,,,,,,,,,,,,unknown,unknown,0.0,70.0
e98fd95cc87b768b8ffad6f87d34e20a838f3b1e298b9bdc11571feaf5fbca4c,2025-04-20,,,,,,,,,,,,,,,,,,,,,,,,,,,,,,,unknown,unknown,0.0,70.0
e98fd95cc87b768b8ffad6f87d34e20a838f3b1e298b9bdc11571feaf5fbca4c,2025-04-21,,,,,,,,,,,,,,,,,,,,,,,,,,,,,,,unknown,unknown,0.0,70.0
e98fd95cc87b768b8ffad6f87d34e20a838f3b1e298b9bdc11571feaf5fbca4c,2025-04-22,,,,,,,,,,,,,,,,,,,,,,,,,,,,,,,unknown,unknown,0.0,70.0
e98fd95cc87b768b8ffad6f87d34e20a838f3b1e298b9bdc11571feaf5fbca4c,2025-04-23,,,,,,,,,,,,,,,,,,,,,,,,,,,,,,,unknown,unknown,0.0,70.0
ed0e1c91d8158e1864aaf7457fd647092c6dc452a4661bb2a78e72c9c25c2d98,2024-09-01,,,,,,,,,,,,,,,,,,,,,,,,,,,,,,,unknown,unknown,0.0,70.0
ed0e1c91d8158e1864aaf7457fd647092c6dc452a4661bb2a78e72c9c25c2d98,2024-09-02,,,,,,,,,,,,,,,,,,,,,,,,,,,,,,,unknown,unknown,0.0,70.0
ed0e1c91d8158e1864aaf7457fd647092c6dc452a4661bb2a78e72c9c25c2d98,2024-09-03,,,,,,,,,,,,,,,,,,,,,,,,,,,,,,,unknown,unknown,0.0,70.0
ed0e1c91d8158e1864aaf7457fd647092c6dc452a4661bb2a78e72c9c25c2d98,2024-09-04,,,,,,,,,,,,,,,,,,,,,,,,,,,,,,,unknown,unknown,0.0,70.0
ed0e1c91d8158e1864aaf7457fd647092c6dc452a4661bb2a78e72c9c25c2d98,2024-09-05,,,,,,,,,,,,,,,,,,,,,,,,,,,,,,,unknown,unknown,0.0,70.0
ed0e1c91d8158e1864aaf7457fd647092c6dc452a4661bb2a78e72c9c25c2d98,2024-09-06,,,,,,,,,,,,,,,,,,,,,,,,,,,,,,,unknown,unknown,0.0,70.0
ed0e1c91d8158e1864aaf7457fd647092c6dc452a4661bb2a78e72c9c25c2d98,2024-09-07,,,,,,,,,,,,,,,,,,,,,,,,,,,,,,,unknown,unknown,0.0,70.0
ed0e1c91d8158e1864aaf7457fd647092c6dc452a4661bb2a78e72c9c25c2d98,2024-09-08,,,,,,,,,,,,,,,,,,,,,,,,,,,,,,,unknown,unknown,0.0,70.0
ed0e1c91d8158e1864aaf7457fd647092c6dc452a4661bb2a78e72c9c25c2d98,2024-09-09,,,,,,,,,,,,,,,,,,,,,,,,,,,,,,,unknown,unknown,0.0,70.0
ed0e1c91d8158e1864aaf7457fd647092c6dc452a4661bb2a78e72c9c25c2d98,2024-09-10,,,,,,,,,,,,,,,,,,,,,,,,,,,,,,,unknown,unknown,0.0,70.0
ed0e1c91d8158e1864aaf7457fd647092c6dc452a4661bb2a78e72c9c25c2d98,2024-09-11,,,,,,,,,,,,,,,,,,,,,,,,,,,,,,,unknown,unknown,0.0,70.0
ed0e1c91d8158e1864aaf7457fd647092c6dc452a4661bb2a78e72c9c25c2d98,2024-09-12,,,,,,,,,,,,,,,,,,,,,,,,,,,,,,,unknown,unknown,0.0,70.0
ed0e1c91d8158e1864aaf7457fd647092c6dc452a4661bb2a78e72c9c25c2d98,2024-09-13,,,,,,,,,,,,,,,,,,,,,,,,,,,,,,,unknown,unknown,0.0,70.0
ed0e1c91d8158e1864aaf7457fd647092c6dc452a4661bb2a78e72c9c25c2d98,2024-09-14,,,,,,,,,,,,,,,,,,,,,,,,,,,,,,,unknown,unknown,0.0,70.0
ed0e1c91d8158e1864aaf7457fd647092c6dc452a4661bb2a78e72c9c25c2d98,2024-09-15,,,,,,,,,,,,,,,,,,,,,,,,,,,,,,,unknown,unknown,0.0,70.0
ed0e1c91d8158e1864aaf7457fd647092c6dc452a4661bb2a78e72c9c25c2d98,2024-09-16,,,,,,,,,,,,,,,,,,,,,,,,,,,,,,,unknown,unknown,0.0,70.0
ed0e1c91d8158e1864aaf7457fd647092c6dc452a4661bb2a78e72c9c25c2d98,2024-09-17,,,,,,,,,,,,,,,,,,,,,,,,,,,,,,,unknown,unknown,0.0,70.0
ed0e1c91d8158e1864aaf7457fd647092c6dc452a4661bb2a78e72c9c25c2d98,2024-09-18,,,,,,,,,,,,,,,,,,,,,,,,,,,,,,,unknown,unknown,0.0,70.0
ed0e1c91d8158e1864aaf7457fd647092c6dc452a4661bb2a78e72c9c25c2d98,2024-09-19,,,,,,,,,,,,,,,,,,,,,,,,,,,,,,,unknown,unknown,0.0,70.0
ed0e1c91d8158e1864aaf7457fd647092c6dc452a4661bb2a78e72c9c25c2d98,2024-09-20,,,,,,,,,,,,,,,,,,,,,,,,,,,,,,,unknown,unknown,0.0,70.0
ed0e1c91d8158e1864aaf7457fd647092c6dc452a4661bb2a78e72c9c25c2d98,2024-09-21,,,,,,,,,,,,,,,,,,,,,,,,,,,,,,,unknown,unknown,0.0,70.0
ed0e1c91d8158e1864aaf7457fd647092c6dc452a4661bb2a78e72c9c25c2d98,2024-09-23,,,,,,,,,,,,,,,,,,,,,,,,,,,,,,,unknown,unknown,0.0,70.0
ed0e1c91d8158e1864aaf7457fd647092c6dc452a4661bb2a78e72c9c25c2d98,2024-09-24,,,,,,,,,,,,,,,,,,,,,,,,,,,,,,,unknown,unknown,0.0,70.0
ed0e1c91d8158e1864aaf7457fd647092c6dc452a4661bb2a78e72c9c25c2d98,2024-09-25,,,,,,,,,,,,,,,,,,,,,,,,,,,,,,,unknown,unknown,0.0,70.0
ed0e1c91d8158e1864aaf7457fd647092c6dc452a4661bb2a78e72c9c25c2d98,2024-09-26,,,,,,,,,,,,,,,,,,,,,,,,,,,,,,,unknown,unknown,0.0,70.0
ed0e1c91d8158e1864aaf7457fd647092c6dc452a4661bb2a78e72c9c25c2d98,2024-09-27,,,,,,,,,,,,,,,,,,,,,,,,,,,,,,,unknown,unknown,0.0,70.0
ed0e1c91d8158e1864aaf7457fd647092c6dc452a4661bb2a78e72c9c25c2d98,2024-09-28,,,,,,,,,,,,,,,,,,,,,,,,,,,,,,,unknown,unknown,0.0,70.0
ed0e1c91d8158e1864aaf7457fd647092c6dc452a4661bb2a78e72c9c25c2d98,2024-09-29,,,,,,,,,,,,,,,,,,,,,,,,,,,,,,,unknown,unknown,0.0,70.0
ed0e1c91d8158e1864aaf7457fd647092c6dc452a4661bb2a78e72c9c25c2d98,2024-09-30,,,,,,,,,,,,,,,,,,,,,,,,,,,,,,,unknown,unknown,0.0,70.0
ed0e1c91d8158e1864aaf7457fd647092c6dc452a4661bb2a78e72c9c25c2d98,2024-10-01,,,,,,,,,,,,,,,,,,,,,,,,,,,,,,,unknown,unknown,0.0,70.0
ed0e1c91d8158e1864aaf7457fd647092c6dc452a4661bb2a78e72c9c25c2d98,2024-10-02,,,,,,,,,,,,,,,,,,,,,,,,,,,,,,,unknown,unknown,0.0,70.0
ed0e1c91d8158e1864aaf7457fd647092c6dc452a4661bb2a78e72c9c25c2d98,2024-10-03,,,,,,,,,,,,,,,,,,,,,,,,,,,,,,,unknown,unknown,0.0,70.0
ed0e1c91d8158e1864aaf7457fd647092c6dc452a4661bb2a78e72c9c25c2d98,2024-10-04,,,,,,,,,,,,,,,,,,,,,,,,,,,,,,,unknown,unknown,0.0,70.0
ed0e1c91d8158e1864aaf7457fd647092c6dc452a4661bb2a78e72c9c25c2d98,2024-10-05,,,,,,,,,,,,,,,,,,,,,,,,,,,,,,,unknown,unknown,0.0,70.0
ed0e1c91d8158e1864aaf7457fd647092c6dc452a4661bb2a78e72c9c25c2d98,2024-10-06,,,,,,,,,,,,,,,,,,,,,,,,,,,,,,,unknown,unknown,0.0,70.0
ed0e1c91d8158e1864aaf7457fd647092c6dc452a4661bb2a78e72c9c25c2d98,2024-10-07,,,,,,,,,,,,,,,,,,,,,,,,,,,,,,,unknown,unknown,0.0,70.0
ed0e1c91d8158e1864aaf7457fd647092c6dc452a4661bb2a78e72c9c25c2d98,2024-10-08,,,,,,,,,,,,,,,,,,,,,,,,,,,,,,,unknown,unknown,0.0,70.0
ed0e1c91d8158e1864aaf7457fd647092c6dc452a4661bb2a78e72c9c25c2d98,2024-10-09,,,,,,,,,,,,,,,,,,,,,,,,,,,,,,,unknown,unknown,0.0,70.0
ed0e1c91d8158e1864aaf7457fd647092c6dc452a4661bb2a78e72c9c25c2d98,2024-10-10,,,,,,,,,,,,,,,,,,,,,,,,,,,,,,,unknown,unknown,0.0,70.0
ed0e1c91d8158e1864aaf7457fd647092c6dc452a4661bb2a78e72c9c25c2d98,2024-10-11,,,,,,,,,,,,,,,,,,,,,,,,,,,,,,,unknown,unknown,0.0,70.0
ed0e1c91d8158e1864aaf7457fd647092c6dc452a4661bb2a78e72c9c25c2d98,2024-10-12,,,,,,,,,,,,,,,,,,,,,,,,,,,,,,,unknown,unknown,0.0,70.0
ed0e1c91d8158e1864aaf7457fd647092c6dc452a4661bb2a78e72c9c25c2d98,2024-10-13,,,,,,,,,,,,,,,,,,,,,,,,,,,,,,,unknown,unknown,0.0,70.0
ed0e1c91d8158e1864aaf7457fd647092c6dc452a4661bb2a78e72c9c25c2d98,2024-10-14,,,,,,,,,,,,,,,,,,,,,,,,,,,,,,,unknown,unknown,0.0,70.0
ed0e1c91d8158e1864aaf7457fd647092c6dc452a4661bb2a78e72c9c25c2d98,2024-10-15,,,,,,,,,,,,,,,,,,,,,,,,,,,,,,,unknown,unknown,0.0,70.0
ed0e1c91d8158e1864aaf7457fd647092c6dc452a4661bb2a78e72c9c25c2d98,2024-10-16,,,,,,,,,,,,,,,,,,,,,,,,,,,,,,,unknown,unknown,0.0,70.0
ed0e1c91d8158e1864aaf7457fd647092c6dc452a4661bb2a78e72c9c25c2d98,2024-10-17,,,,,,,,,,,,,,,,,,,,,,,,,,,,,,,unknown,unknown,0.0,70.0
ed0e1c91d8158e1864aaf7457fd647092c6dc452a4661bb2a78e72c9c25c2d98,2024-10-18,,,,,,,,,,,,,,,,,,,,,,,,,,,,,,,unknown,unknown,0.0,70.0
ed0e1c91d8158e1864aaf7457fd647092c6dc452a4661bb2a78e72c9c25c2d98,2024-10-19,,,,,,,,,,,,,,,,,,,,,,,,,,,,,,,unknown,unknown,0.0,70.0
ed0e1c91d8158e1864aaf7457fd647092c6dc452a4661bb2a78e72c9c25c2d98,2024-10-20,,,,,,,,,,,,,,,,,,,,,,,,,,,,,,,unknown,unknown,0.0,70.0
ed0e1c91d8158e1864aaf7457fd647092c6dc452a4661bb2a78e72c9c25c2d98,2024-10-21,,,,,,,,,,,,,,,,,,,,,,,,,,,,,,,unknown,unknown,0.0,70.0
ed0e1c91d8158e1864aaf7457fd647092c6dc452a4661bb2a78e72c9c25c2d98,2024-10-22,,,,,,,,,,,,,,,,,,,,,,,,,,,,,,,unknown,unknown,0.0,70.0
ed0e1c91d8158e1864aaf7457fd647092c6dc452a4661bb2a78e72c9c25c2d98,2024-10-23,,,,,,,,,,,,,,,,,,,,,,,,,,,,,,,unknown,unknown,0.0,70.0
ed0e1c91d8158e1864aaf7457fd647092c6dc452a4661bb2a78e72c9c25c2d98,2024-10-24,,,,,,,,,,,,,,,,,,,,,,,,,,,,,,,unknown,unknown,0.0,70.0
ed0e1c91d8158e1864aaf7457fd647092c6dc452a4661bb2a78e72c9c25c2d98,2024-10-25,,,,,,,,,,,,,,,,,,,,,,,,,,,,,,,unknown,unknown,0.0,70.0
ed0e1c91d8158e1864aaf7457fd647092c6dc452a4661bb2a78e72c9c25c2d98,2024-10-26,,,,,,,,,,,,,,,,,,,,,,,,,,,,,,,unknown,unknown,0.0,70.0
ed0e1c91d8158e1864aaf7457fd647092c6dc452a4661bb2a78e72c9c25c2d98,2024-10-27,,,,,,,,,,,,,,,,,,,,,,,,,,,,,,,unknown,unknown,0.0,70.0
ed0e1c91d8158e1864aaf7457fd647092c6dc452a4661bb2a78e72c9c25c2d98,2024-10-28,,,,,,,,,,,,,,,,,,,,,,,,,,,,,,,unknown,unknown,0.0,70.0
ed0e1c91d8158e1864aaf7457fd647092c6dc452a4661bb2a78e72c9c25c2d98,2024-10-29,,,,,,,,,,,,,,,,,,,,,,,,,,,,,,,unknown,unknown,0.0,70.0
ed0e1c91d8158e1864aaf7457fd647092c6dc452a4661bb2a78e72c9c25c2d98,2024-10-30,,,,,,,,,,,,,,,,,,,,,,,,,,,,,,,unknown,unknown,0.0,70.0
ed0e1c91d8158e1864aaf7457fd647092c6dc452a4661bb2a78e72c9c25c2d98,2024-10-31,,,,,,,,,,,,,,,,,,,,,,,,,,,,,,,unknown,unknown,0.0,70.0
ed0e1c91d8158e1864aaf7457fd647092c6dc452a4661bb2a78e72c9c25c2d98,2024-11-01,,,,,,,,,,,,,,,,,,,,,,,,,,,,,,,unknown,unknown,0.0,70.0
ed0e1c91d8158e1864aaf7457fd647092c6dc452a4661bb2a78e72c9c25c2d98,2024-11-02,,,,,,,,,,,,,,,,,,,,,,,,,,,,,,,unknown,unknown,0.0,70.0
ed0e1c91d8158e1864aaf7457fd647092c6dc452a4661bb2a78e72c9c25c2d98,2024-11-03,,,,,,,,,,,,,,,,,,,,,,,,,,,,,,,unknown,unknown,0.0,70.0
ed0e1c91d8158e1864aaf7457fd647092c6dc452a4661bb2a78e72c9c25c2d98,2024-11-04,,,,,,,,,,,,,,,,,,,,,,,,,,,,,,,unknown,unknown,0.0,70.0
ed0e1c91d8158e1864aaf7457fd647092c6dc452a4661bb2a78e72c9c25c2d98,2024-11-05,,,,,,,,,,,,,,,,,,,,,,,,,,,,,,,unknown,unknown,0.0,70.0
ed0e1c91d8158e1864aaf7457fd647092c6dc452a4661bb2a78e72c9c25c2d98,2024-11-06,,,,,,,,,,,,,,,,,,,,,,,,,,,,,,,unknown,unknown,0.0,70.0
ed0e1c91d8158e1864aaf7457fd647092c6dc452a4661bb2a78e72c9c25c2d98,2024-11-07,,,,,,,,,,,,,,,,,,,,,,,,,,,,,,,unknown,unknown,0.0,70.0
ed0e1c91d8158e1864aaf7457fd647092c6dc452a4661bb2a78e72c9c25c2d98,2024-11-08,,,,,,,,,,,,,,,,,,,,,,,,,,,,,,,unknown,unknown,0.0,70.0
ed0e1c91d8158e1864aaf7457fd647092c6dc452a4661bb2a78e72c9c25c2d98,2024-11-09,,,,,,,,,,,,,,,,,,,,,,,,,,,,,,,unknown,unknown,0.0,70.0
ed0e1c91d8158e1864aaf7457fd647092c6dc452a4661bb2a78e72c9c25c2d98,2024-11-10,,,,,,,,,,,,,,,,,,,,,,,,,,,,,,,unknown,unknown,0.0,70.0
ed0e1c91d8158e1864aaf7457fd647092c6dc452a4661bb2a78e72c9c25c2d98,2024-11-11,,,,,,,,,,,,,,,,,,,,,,,,,,,,,,,unknown,unknown,0.0,70.0
ed0e1c91d8158e1864aaf7457fd647092c6dc452a4661bb2a78e72c9c25c2d98,2024-11-12,,,,,,,,,,,,,,,,,,,,,,,,,,,,,,,unknown,unknown,0.0,70.0
ed0e1c91d8158e1864aaf7457fd647092c6dc452a4661bb2a78e72c9c25c2d98,2024-11-13,,,,,,,,,,,,,,,,,,,,,,,,,,,,,,,unknown,unknown,0.0,70.0
ed0e1c91d8158e1864aaf7457fd647092c6dc452a4661bb2a78e72c9c25c2d98,2024-11-14,,,,,,,,,,,,,,,,,,,,,,,,,,,,,,,unknown,unknown,0.0,70.0
ed0e1c91d8158e1864aaf7457fd647092c6dc452a4661bb2a78e72c9c25c2d98,2024-11-15,,,,,,,,,,,,,,,,,,,,,,,,,,,,,,,unknown,unknown,0.0,70.0
ed0e1c91d8158e1864aaf7457fd647092c6dc452a4661bb2a78e72c9c25c2d98,2024-11-16,,,,,,,,,,,,,,,,,,,,,,,,,,,,,,,unknown,unknown,0.0,70.0
ed0e1c91d8158e1864aaf7457fd647092c6dc452a4661bb2a78e72c9c25c2d98,2024-11-17,,,,,,,,,,,,,,,,,,,,,,,,,,,,,,,unknown,unknown,0.0,70.0
ed0e1c91d8158e1864aaf7457fd647092c6dc452a4661bb2a78e72c9c25c2d98,2024-11-18,,,,,,,,,,,,,,,,,,,,,,,,,,,,,,,unknown,unknown,0.0,70.0
ed0e1c91d8158e1864aaf7457fd647092c6dc452a4661bb2a78e72c9c25c2d98,2024-11-19,,,,,,,,,,,,,,,,,,,,,,,,,,,,,,,unknown,unknown,0.0,70.0
ed0e1c91d8158e1864aaf7457fd647092c6dc452a4661bb2a78e72c9c25c2d98,2024-11-20,,,,,,,,,,,,,,,,,,,,,,,,,,,,,,,unknown,unknown,0.0,70.0
ed0e1c91d8158e1864aaf7457fd647092c6dc452a4661bb2a78e72c9c25c2d98,2024-11-21,,,,,,,,,,,,,,,,,,,,,,,,,,,,,,,unknown,unknown,0.0,70.0
ed0e1c91d8158e1864aaf7457fd647092c6dc452a4661bb2a78e72c9c25c2d98,2024-11-22,,,,,,,,,,,,,,,,,,,,,,,,,,,,,,,unknown,unknown,0.0,70.0
ed0e1c91d8158e1864aaf7457fd647092c6dc452a4661bb2a78e72c9c25c2d98,2024-11-23,,,,,,,,,,,,,,,,,,,,,,,,,,,,,,,unknown,unknown,0.0,70.0
ed0e1c91d8158e1864aaf7457fd647092c6dc452a4661bb2a78e72c9c25c2d98,2024-11-24,,,,,,,,,,,,,,,,,,,,,,,,,,,,,,,unknown,unknown,0.0,70.0
ed0e1c91d8158e1864aaf7457fd647092c6dc452a4661bb2a78e72c9c25c2d98,2024-11-25,,,,,,,,,,,,,,,,,,,,,,,,,,,,,,,unknown,unknown,0.0,70.0
ed0e1c91d8158e1864aaf7457fd647092c6dc452a4661bb2a78e72c9c25c2d98,2024-11-26,,,,,,,,,,,,,,,,,,,,,,,,,,,,,,,unknown,unknown,0.0,70.0
ed0e1c91d8158e1864aaf7457fd647092c6dc452a4661bb2a78e72c9c25c2d98,2024-11-27,,,,,,,,,,,,,,,,,,,,,,,,,,,,,,,unknown,unknown,0.0,70.0
ed0e1c91d8158e1864aaf7457fd647092c6dc452a4661bb2a78e72c9c25c2d98,2024-11-28,,,,,,,,,,,,,,,,,,,,,,,,,,,,,,,unknown,unknown,0.0,70.0
ed0e1c91d8158e1864aaf7457fd647092c6dc452a4661bb2a78e72c9c25c2d98,2024-11-29,,,,,,,,,,,,,,,,,,,,,,,,,,,,,,,unknown,unknown,0.0,70.0
ed0e1c91d8158e1864aaf7457fd647092c6dc452a4661bb2a78e72c9c25c2d98,2024-11-30,,,,,,,,,,,,,,,,,,,,,,,,,,,,,,,unknown,unknown,0.0,70.0
ed0e1c91d8158e1864aaf7457fd647092c6dc452a4661bb2a78e72c9c25c2d98,2024-12-01,,,,,,,,,,,,,,,,,,,,,,,,,,,,,,,unknown,unknown,0.0,70.0
ed0e1c91d8158e1864aaf7457fd647092c6dc452a4661bb2a78e72c9c25c2d98,2024-12-02,,,,,,,,,,,,,,,,,,,,,,,,,,,,,,,unknown,unknown,0.0,70.0
ed0e1c91d8158e1864aaf7457fd647092c6dc452a4661bb2a78e72c9c25c2d98,2024-12-03,,,,,,,,,,,,,,,,,,,,,,,,,,,,,,,unknown,unknown,0.0,70.0
ed0e1c91d8158e1864aaf7457fd647092c6dc452a4661bb2a78e72c9c25c2d98,2024-12-04,,,,,,,,,,,,,,,,,,,,,,,,,,,,,,,unknown,unknown,0.0,70.0
ed0e1c91d8158e1864aaf7457fd647092c6dc452a4661bb2a78e72c9c25c2d98,2024-12-05,,,,,,,,,,,,,,,,,,,,,,,,,,,,,,,unknown,unknown,0.0,70.0
ed0e1c91d8158e1864aaf7457fd647092c6dc452a4661bb2a78e72c9c25c2d98,2024-12-06,,,,,,,,,,,,,,,,,,,,,,,,,,,,,,,unknown,unknown,0.0,70.0
ed0e1c91d8158e1864aaf7457fd647092c6dc452a4661bb2a78e72c9c25c2d98,2024-12-07,,,,,,,,,,,,,,,,,,,,,,,,,,,,,,,unknown,unknown,0.0,70.0
ed0e1c91d8158e1864aaf7457fd647092c6dc452a4661bb2a78e72c9c25c2d98,2024-12-08,,,,,,,,,,,,,,,,,,,,,,,,,,,,,,,unknown,unknown,0.0,70.0
ed0e1c91d8158e1864aaf7457fd647092c6dc452a4661bb2a78e72c9c25c2d98,2024-12-09,,,,,,,,,,,,,,,,,,,,,,,,,,,,,,,unknown,unknown,0.0,70.0
ed0e1c91d8158e1864aaf7457fd647092c6dc452a4661bb2a78e72c9c25c2d98,2024-12-10,,,,,,,,,,,,,,,,,,,,,,,,,,,,,,,unknown,unknown,0.0,70.0
ed0e1c91d8158e1864aaf7457fd647092c6dc452a4661bb2a78e72c9c25c2d98,2024-12-11,,,,,,,,,,,,,,,,,,,,,,,,,,,,,,,unknown,unknown,0.0,70.0
ed0e1c91d8158e1864aaf7457fd647092c6dc452a4661bb2a78e72c9c25c2d98,2024-12-12,,,,,,,,,,,,,,,,,,,,,,,,,,,,,,,unknown,unknown,0.0,70.0
ed0e1c91d8158e1864aaf7457fd647092c6dc452a4661bb2a78e72c9c25c2d98,2024-12-13,,,,,,,,,,,,,,,,,,,,,,,,,,,,,,,unknown,unknown,0.0,70.0
ed0e1c91d8158e1864aaf7457fd647092c6dc452a4661bb2a78e72c9c25c2d98,2024-12-14,,,,,,,,,,,,,,,,,,,,,,,,,,,,,,,unknown,unknown,0.0,70.0
ed0e1c91d8158e1864aaf7457fd647092c6dc452a4661bb2a78e72c9c25c2d98,2024-12-15,,,,,,,,,,,,,,,,,,,,,,,,,,,,,,,unknown,unknown,0.0,70.0
ed0e1c91d8158e1864aaf7457fd647092c6dc452a4661bb2a78e72c9c25c2d98,2024-12-16,,,,,,,,,,,,,,,,,,,,,,,,,,,,,,,unknown,unknown,0.0,70.0
ed0e1c91d8158e1864aaf7457fd647092c6dc452a4661bb2a78e72c9c25c2d98,2024-12-17,,,,,,,,,,,,,,,,,,,,,,,,,,,,,,,unknown,unknown,0.0,70.0
ed0e1c91d8158e1864aaf7457fd647092c6dc452a4661bb2a78e72c9c25c2d98,2024-12-18,,,,,,,,,,,,,,,,,,,,,,,,,,,,,,,unknown,unknown,0.0,70.0
ed0e1c91d8158e1864aaf7457fd647092c6dc452a4661bb2a78e72c9c25c2d98,2024-12-19,,,,,,,,,,,,,,,,,,,,,,,,,,,,,,,unknown,unknown,0.0,70.0
ed0e1c91d8158e1864aaf7457fd647092c6dc452a4661bb2a78e72c9c25c2d98,2024-12-20,,,,,,,,,,,,,,,,,,,,,,,,,,,,,,,unknown,unknown,0.0,70.0
ed0e1c91d8158e1864aaf7457fd647092c6dc452a4661bb2a78e72c9c25c2d98,2024-12-21,,,,,,,,,,,,,,,,,,,,,,,,,,,,,,,unknown,unknown,0.0,70.0
ed0e1c91d8158e1864aaf7457fd647092c6dc452a4661bb2a78e72c9c25c2d98,2025-01-09,,,,,,,,,,,,,,,,,,,,,,,,,,,,,,,unknown,unknown,0.0,70.0
ed0e1c91d8158e1864aaf7457fd647092c6dc452a4661bb2a78e72c9c25c2d98,2025-01-10,,,,,,,,,,,,,,,,,,,,,,,,,,,,,,,unknown,unknown,0.0,70.0
ed0e1c91d8158e1864aaf7457fd647092c6dc452a4661bb2a78e72c9c25c2d98,2025-01-11,,,,,,,,,,,,,,,,,,,,,,,,,,,,,,,unknown,unknown,0.0,70.0
ed0e1c91d8158e1864aaf7457fd647092c6dc452a4661bb2a78e72c9c25c2d98,2025-01-12,,,,,,,,,,,,,,,,,,,,,,,,,,,,,,,unknown,unknown,0.0,70.0
ed0e1c91d8158e1864aaf7457fd647092c6dc452a4661bb2a78e72c9c25c2d98,2025-01-13,,,,,,,,,,,,,,,,,,,,,,,,,,,,,,,unknown,unknown,0.0,70.0
ed0e1c91d8158e1864aaf7457fd647092c6dc452a4661bb2a78e72c9c25c2d98,2025-01-14,,,,,,,,,,,,,,,,,,,,,,,,,,,,,,,unknown,unknown,0.0,70.0
ed0e1c91d8158e1864aaf7457fd647092c6dc452a4661bb2a78e72c9c25c2d98,2025-01-15,,,,,,,,,,,,,,,,,,,,,,,,,,,,,,,unknown,unknown,0.0,70.0
ed0e1c91d8158e1864aaf7457fd647092c6dc452a4661bb2a78e72c9c25c2d98,2025-01-16,,,,,,,,,,,,,,,,,,,,,,,,,,,,,,,unknown,unknown,0.0,70.0
ed0e1c91d8158e1864aaf7457fd647092c6dc452a4661bb2a78e72c9c25c2d98,2025-01-17,,,,,,,,,,,,,,,,,,,,,,,,,,,,,,,unknown,unknown,0.0,70.0
ed0e1c91d8158e1864aaf7457fd647092c6dc452a4661bb2a78e72c9c25c2d98,2025-01-18,,,,,,,,,,,,,,,,,,,,,,,,,,,,,,,unknown,unknown,0.0,70.0
ed0e1c91d8158e1864aaf7457fd647092c6dc452a4661bb2a78e72c9c25c2d98,2025-01-19,,,,,,,,,,,,,,,,,,,,,,,,,,,,,,,unknown,unknown,0.0,70.0
ed0e1c91d8158e1864aaf7457fd647092c6dc452a4661bb2a78e72c9c25c2d98,2025-01-20,,,,,,,,,,,,,,,,,,,,,,,,,,,,,,,unknown,unknown,0.0,70.0
ed0e1c91d8158e1864aaf7457fd647092c6dc452a4661bb2a78e72c9c25c2d98,2025-01-21,,,,,,,,,,,,,,,,,,,,,,,,,,,,,,,unknown,unknown,0.0,70.0
ed0e1c91d8158e1864aaf7457fd647092c6dc452a4661bb2a78e72c9c25c2d98,2025-01-22,,,,,,,,,,,,,,,,,,,,,,,,,,,,,,,unknown,unknown,0.0,70.0
ed0e1c91d8158e1864aaf7457fd647092c6dc452a4661bb2a78e72c9c25c2d98,2025-01-23,,,,,,,,,,,,,,,,,,,,,,,,,,,,,,,unknown,unknown,0.0,70.0
ed0e1c91d8158e1864aaf7457fd647092c6dc452a4661bb2a78e72c9c25c2d98,2025-01-24,,,,,,,,,,,,,,,,,,,,,,,,,,,,,,,unknown,unknown,0.0,70.0
ed0e1c91d8158e1864aaf7457fd647092c6dc452a4661bb2a78e72c9c25c2d98,2025-01-25,,,,,,,,,,,,,,,,,,,,,,,,,,,,,,,unknown,unknown,0.0,70.0
ed0e1c91d8158e1864aaf7457fd647092c6dc452a4661bb2a78e72c9c25c2d98,2025-01-26,,,,,,,,,,,,,,,,,,,,,,,,,,,,,,,unknown,unknown,0.0,70.0
ed0e1c91d8158e1864aaf7457fd647092c6dc452a4661bb2a78e72c9c25c2d98,2025-01-27,,,,,,,,,,,,,,,,,,,,,,,,,,,,,,,unknown,unknown,0.0,70.0
ed0e1c91d8158e1864aaf7457fd647092c6dc452a4661bb2a78e72c9c25c2d98,2025-01-28,,,,,,,,,,,,,,,,,,,,,,,,,,,,,,,unknown,unknown,0.0,70.0
ed0e1c91d8158e1864aaf7457fd647092c6dc452a4661bb2a78e72c9c25c2d98,2025-01-29,,,,,,,,,,,,,,,,,,,,,,,,,,,,,,,unknown,unknown,0.0,70.0
ed0e1c91d8158e1864aaf7457fd647092c6dc452a4661bb2a78e72c9c25c2d98,2025-01-30,,,,,,,,,,,,,,,,,,,,,,,,,,,,,,,unknown,unknown,0.0,70.0
ed0e1c91d8158e1864aaf7457fd647092c6dc452a4661bb2a78e72c9c25c2d98,2025-01-31,,,,,,,,,,,,,,,,,,,,,,,,,,,,,,,unknown,unknown,0.0,70.0
ed0e1c91d8158e1864aaf7457fd647092c6dc452a4661bb2a78e72c9c25c2d98,2025-02-01,,,,,,,,,,,,,,,,,,,,,,,,,,,,,,,unknown,unknown,0.0,70.0
ed0e1c91d8158e1864aaf7457fd647092c6dc452a4661bb2a78e72c9c25c2d98,2025-02-02,,,,,,,,,,,,,,,,,,,,,,,,,,,,,,,unknown,unknown,0.0,70.0
ed0e1c91d8158e1864aaf7457fd647092c6dc452a4661bb2a78e72c9c25c2d98,2025-02-03,,,,,,,,,,,,,,,,,,,,,,,,,,,,,,,unknown,unknown,0.0,70.0
ed0e1c91d8158e1864aaf7457fd647092c6dc452a4661bb2a78e72c9c25c2d98,2025-02-04,,,,,,,,,,,,,,,,,,,,,,,,,,,,,,,unknown,unknown,0.0,70.0
ed0e1c91d8158e1864aaf7457fd647092c6dc452a4661bb2a78e72c9c25c2d98,2025-02-05,,,,,,,,,,,,,,,,,,,,,,,,,,,,,,,unknown,unknown,0.0,70.0
ed0e1c91d8158e1864aaf7457fd647092c6dc452a4661bb2a78e72c9c25c2d98,2025-02-06,,,,,,,,,,,,,,,,,,,,,,,,,,,,,,,unknown,unknown,0.0,70.0
ed0e1c91d8158e1864aaf7457fd647092c6dc452a4661bb2a78e72c9c25c2d98,2025-02-07,,,,,,,,,,,,,,,,,,,,,,,,,,,,,,,unknown,unknown,0.0,70.0
ed0e1c91d8158e1864aaf7457fd647092c6dc452a4661bb2a78e72c9c25c2d98,2025-05-24,,,,,,,,,,,,,,,,,,,,,,,,,,,,,,,unknown,unknown,0.0,70.0
ed0e1c91d8158e1864aaf7457fd647092c6dc452a4661bb2a78e72c9c25c2d98,2025-05-25,,,,,,,,,,,,,,,,,,,,,,,,,,,,,,,unknown,unknown,0.0,70.0
ed0e1c91d8158e1864aaf7457fd647092c6dc452a4661bb2a78e72c9c25c2d98,2025-05-26,,,,,,,,,,,,,,,,,,,,,,,,,,,,,,,unknown,unknown,0.0,70.0
ed0e1c91d8158e1864aaf7457fd647092c6dc452a4661bb2a78e72c9c25c2d98,2025-05-27,,,,,,,,,,,,,,,,,,,,,,,,,,,,,,,unknown,unknown,0.0,70.0
ed0e1c91d8158e1864aaf7457fd647092c6dc452a4661bb2a78e72c9c25c2d98,2025-05-28,,,,,,,,,,,,,,,,,,,,,,,,,,,,,,,unknown,unknown,0.0,70.0
ed0e1c91d8158e1864aaf7457fd647092c6dc452a4661bb2a78e72c9c25c2d98,2025-05-29,,,,,,,,,,,,,,,,,,,,,,,,,,,,,,,unknown,unknown,0.0,70.0
ed0e1c91d8158e1864aaf7457fd647092c6dc452a4661bb2a78e72c9c25c2d98,2025-05-30,,,,,,,,,,,,,,,,,,,,,,,,,,,,,,,unknown,unknown,0.0,70.0
ed0e1c91d8158e1864aaf7457fd647092c6dc452a4661bb2a78e72c9c25c2d98,2025-05-31,,,,,,,,,,,,,,,,,,,,,,,,,,,,,,,unknown,unknown,0.0,70.0
ed0e1c91d8158e1864aaf7457fd647092c6dc452a4661bb2a78e72c9c25c2d98,2025-06-01,,,,,,,,,,,8.45,,,,,,,,,,,,,,,,,,,,unknown,unknown,0.0,70.0
ed0e1c91d8158e1864aaf7457fd647092c6dc452a4661bb2a78e72c9c25c2d98,2025-06-02,,,,,,,,,,,8.15,,,,,,,,,,,,,,,,,,,,unknown,unknown,0.0,70.0
ed0e1c91d8158e1864aaf7457fd647092c6dc452a4661bb2a78e72c9c25c2d98,2025-06-03,,,,,,,,,,,7.5,,,,,,,,,,,,,,,,,,,,unknown,unknown,0.0,70.0
ed0e1c91d8158e1864aaf7457fd647092c6dc452a4661bb2a78e72c9c25c2d98,2025-06-04,,,,,,,,,,,6.883333333333334,,8.15,,,,,,,,,-0.15541922290388546,,,,,,,,,unknown,unknown,0.0,60.0
ed0e1c91d8158e1864aaf7457fd647092c6dc452a4661bb2a78e72c9c25c2d98,2025-06-05,,,,,,,,,,,7.266666666666667,,7.825,,,,,,,,,-0.07135250266240685,,,,,,,,,unknown,unknown,0.0,73.0
ed0e1c91d8158e1864aaf7457fd647092c6dc452a4661bb2a78e72c9c25c2d98,2025-06-06,,,,,,,,,,,7.733333333333333,,7.5,,,,,,,,,0.03111111111111112,,,,,,,,,unknown,unknown,0.0,80.0
ed0e1c91d8158e1864aaf7457fd647092c6dc452a4661bb2a78e72c9c25c2d98,2025-06-07,,,,,,,,,,,7.283333333333333,,7.616666666666667,,,,,,,,,-0.043763676148796574,,,,,,,,,unknown,unknown,0.0,80.0
ed0e1c91d8158e1864aaf7457fd647092c6dc452a4661bb2a78e72c9c25c2d98,2025-06-08,,,,,,,,,,,6.966666666666667,,7.5,,,,,,,,,-0.0711111111111111,,,,,,,,,unknown,unknown,0.0,73.0
ed0e1c91d8158e1864aaf7457fd647092c6dc452a4661bb2a78e72c9c25c2d98,2025-06-09,,,,,,,,,,,,,7.283333333333333,,,,,,,,,,,,,,,,,,unknown,unknown,0.0,70.0
ed0e1c91d8158e1864aaf7457fd647092c6dc452a4661bb2a78e72c9c25c2d98,2025-06-15,,,,,,,,,,,,,7.275,,,,,,,,,,,,,,,,,,unknown,unknown,0.0,70.0
ed0e1c91d8158e1864aaf7457fd647092c6dc452a4661bb2a78e72c9c25c2d98,2025-06-16,,,,,,,,,,,,,7.266666666666667,,,,,,,,,,,,,,,,,,unknown,unknown,0.0,70.0
ed0e1c91d8158e1864aaf7457fd647092c6dc452a4661bb2a78e72c9c25c2d98,2025-06-17,,,,,,,,,,,,,7.275,,,,,,,,,,,,,,,,,,unknown,unknown,0.0,70.0
ed0e1c91d8158e1864aaf7457fd647092c6dc452a4661bb2a78e72c9c25c2d98,2025-06-18,,,,,,,,,,,,,7.283333333333333,,,,,,,,,,,,,,,,,,unknown,unknown,0.0,70.0
ed0e1c91d8158e1864aaf7457fd647092c6dc452a4661bb2a78e72c9c25c2d98,2025-06-19,,,,,,,,,,,,,,,,,,,,,,,,,,,,,,,unknown,unknown,0.0,70.0
ed0e1c91d8158e1864aaf7457fd647092c6dc452a4661bb2a78e72c9c25c2d98,2025-06-20,,,,,,,,,,,,,,,,,,,,,,,,,,,,,,,unknown,unknown,0.0,70.0
ed0e1c91d8158e1864aaf7457fd647092c6dc452a4661bb2a78e72c9c25c2d98,2025-06-21,,,,,,,,,,,,,,,,,,,,,,,,,,,,,,,unknown,unknown,0.0,70.0
ed0e1c91d8158e1864aaf7457fd647092c6dc452a4661bb2a78e72c9c25c2d98,2025-06-22,,,,,,,,,,,,,,,,,,,,,,,,,,,,,,,unknown,unknown,0.0,70.0
ed0e1c91d8158e1864aaf7457fd647092c6dc452a4661bb2a78e72c9c25c2d98,2025-06-23,,,,,,,,,,,,,,,,,,,,,,,,,,,,,,,unknown,unknown,0.0,70.0
ed0e1c91d8158e1864aaf7457fd647092c6dc452a4661bb2a78e72c9c25c2d98,2025-06-24,,,,,,,,,,,,,,,,,,,,,,,,,,,,,,,unknown,unknown,0.0,70.0
ed0e1c91d8158e1864aaf7457fd647092c6dc452a4661bb2a78e72c9c25c2d98,2025-06-25,,,,,,,,,,,,,,,,,,,,,,,,,,,,,,,unknown,unknown,0.0,70.0
ee450e41b750270fa5060204c31e68bfced47893f94f0b50fc2b055d653f4262,2024-10-14,,,,,,,,,,,,95.0,,,,,,,,,,,,,,,,,,,unknown,unknown,0.0,72.0
ee450e41b750270fa5060204c31e68bfced47893f94f0b50fc2b055d653f4262,2024-10-15,,,,,,,,,,,,94.6,,,,,,,,,,,,,,,,,,,unknown,unknown,0.0,70.0
ee450e41b750270fa5060204c31e68bfced47893f94f0b50fc2b055d653f4262,2024-10-16,,,,,,,,,,,,96.2,,,,,,,,,,,,,,,,,,,unknown,unknown,0.0,72.0
ee450e41b750270fa5060204c31e68bfced47893f94f0b50fc2b055d653f4262,2024-10-17,,,,,,,,,,,,95.2,,,,,,,,,95.0,,,,,,,,,0.0021052631578947667,unknown,unknown,0.0,72.0
ee450e41b750270fa5060204c31e68bfced47893f94f0b50fc2b055d653f4262,2024-10-18,,,,,,,,,,,,96.25,,,,,,,,,95.1,,,,,,,,,0.012092534174553162,unknown,unknown,0.0,72.0
ee450e41b750270fa5060204c31e68bfced47893f94f0b50fc2b055d653f4262,2025-01-15,,,,,,,,,,,,95.5,,,,,,,,,95.2,,,,,,,,,0.003151260504201651,unknown,unknown,0.0,72.0
ee450e41b750270fa5060204c31e68bfced47893f94f0b50fc2b055d653f4262,2025-01-16,,,,,,,,,,,,96.0,,,,,,,,,95.35,,,,,,,,,0.006816990036706929,unknown,unknown,0.0,72.0
ee450e41b750270fa5060204c31e68bfced47893f94f0b50fc2b055d653f4262,2025-01-17,,,,,,,,,,,,96.33333333333333,,,,,,,,,95.5,,,,,,,,,0.008726003490401346,unknown,unknown,0.0,72.0
ee450e41b750270fa5060204c31e68bfced47893f94f0b50fc2b055d653f4262,2025-01-20,,,,,,,,,,,,95.0,,,,,,,,,96.0,,,,,,,,,-0.010416666666666666,unknown,unknown,0.0,72.0
ee450e41b750270fa5060204c31e68bfced47893f94f0b50fc2b055d653f4262,2025-01-21,,,,,,,,,,,,95.8,,,,,,,,,96.0,,,,,,,,,-0.002083333333333363,unknown,unknown,0.0,72.0
ee450e41b750270fa5060204c31e68bfced47893f94f0b50fc2b055d653f4262,2025-01-22,,,,,,,,,,,,96.0,,,,,,,,,95.8,,,,,,,,,0.00208768267223385,unknown,unknown,0.0,72.0
ee450e41b750270fa5060204c31e68bfced47893f94f0b50fc2b055d653f4262,2025-01-23,,,,,,,,,,,,94.8,,,,,,,,,96.0,,,,,,,,,-0.01250000000000003,unknown,unknown,0.0,70.0
ee450e41b750270fa5060204c31e68bfced47893f94f0b50fc2b055d653f4262,2025-01-24,,,,,,,,,,,,95.33333333333333,,,,,,,,,95.8,,,,,,,,,-0.004871259568545601,unknown,unknown,0.0,72.0
ee450e41b750270fa5060204c31e68bfced47893f94f0b50fc2b055d653f4262,2025-01-26,,,,,,,,,,,,93.5,,,,,,,,,95.8,,,,,,,,,-0.024008350730688906,unknown,unknown,0.0,70.0
ee450e41b750270fa5060204c31e68bfced47893f94f0b50fc2b055d653f4262,2025-01-27,,,,,,,,,,,,95.33333333333333,,,,,,,,,95.33333333333333,,,,,,,,,0.0,unknown,unknown,0.0,72.0
ee450e41b750270fa5060204c31e68bfced47893f94f0b50fc2b055d653f4262,2025-02-19,,,,,,,,,,,,97.5,,,,,,,,,95.33333333333333,,,,,,,,,0.022727272727272776,unknown,unknown,0.0,72.0
ee450e41b750270fa5060204c31e68bfced47893f94f0b50fc2b055d653f4262,2025-02-20,,,,,,,,,,,,96.33333333333333,,,,,,,,,95.33333333333333,,,,,,,,,0.01048951048951049,unknown,unknown,0.0,72.0
ee450e41b750270fa5060204c31e68bfced47893f94f0b50fc2b055d653f4262,2025-03-12,,,,,,,,,,,,95.5,,,,,,,,,95.33333333333333,,,,,,,,,0.0017482517482517981,unknown,unknown,0.0,72.0
ee450e41b750270fa5060204c31e68bfced47893f94f0b50fc2b055d653f4262,2025-03-13,,,,,,,,,,,,96.66666666666667,,,,,,,,,95.33333333333333,,,,,,,,,0.013986013986014087,unknown,unknown,0.0,72.0
ee450e41b750270fa5060204c31e68bfced47893f94f0b50fc2b055d653f4262,2025-03-16,,,,,,,,,,,,95.0,,,,,,,,,95.5,,,,,,,,,-0.005235602094240838,unknown,unknown,0.0,72.0
ee450e41b750270fa5060204c31e68bfced47893f94f0b50fc2b055d653f4262,2025-03-17,,,,,,,,,,,,94.4,,,,,,,,,95.5,,,,,,,,,-0.011518324607329784,unknown,unknown,0.0,70.0
ee450e41b750270fa5060204c31e68bfced47893f94f0b50fc2b055d653f4262,2025-03-18,,,,,,,,,,,,95.8,,,,,,,,,95.5,,,,,,,,,0.003141361256544473,unknown,unknown,0.0,72.0
ee450e41b750270fa5060204c31e68bfced47893f94f0b50fc2b055d653f4262,2025-03-19,,,,,,,,,,,,95.4,,,,,,,,,95.8,,,,,,,,,-0.004175365344467552,unknown,unknown,0.0,72.0
ee450e41b750270fa5060204c31e68bfced47893f94f0b50fc2b055d653f4262,2025-03-20,,,,,,,,,,,,97.0,,,,,,,,,95.5,,,,,,,,,0.015706806282722512,unknown,unknown,0.0,72.0
ee450e41b750270fa5060204c31e68bfced47893f94f0b50fc2b055d653f4262,2025-04-09,,,,,,,,,,,,97.0,,,,,,,,,95.5,,,,,,,,,0.015706806282722512,unknown,unknown,0.0,72.0
ee450e41b750270fa5060204c31e68bfced47893f94f0b50fc2b055d653f4262,2025-04-10,,,,,,,,,,,,95.4,,,,,,,,,95.8,,,,,,,,,-0.004175365344467552,unknown,unknown,0.0,72.0
ee450e41b750270fa5060204c31e68bfced47893f94f0b50fc2b055d653f4262,2025-04-11,,,,,,,,,,,,95.5,,,,,,,,,95.4,,,,,,,,,0.0010482180293500452,unknown,unknown,0.0,72.0
ee450e41b750270fa5060204c31e68bfced47893f94f0b50fc2b055d653f4262,2025-04-14,,,,,,,,,,,,95.5,,,,,,,,,95.5,,,,,,,,,0.0,unknown,unknown,0.0,72.0
ee450e41b750270fa5060204c31e68bfced47893f94f0b50fc2b055d653f4262,2025-04-15,,,,,,,,,,,,96.0,,,,,,,,,95.5,,,,,,,,,0.005235602094240838,unknown,unknown,0.0,72.0
ee450e41b750270fa5060204c31e68bfced47893f94f0b50fc2b055d653f4262,2025-04-16,,,,,,,,,,,,96.5,,,,,,,,,95.5,,,,,,,,,0.010471204188481676,unknown,unknown,0.0,72.0
f0a3eda2d0fce3f9840ef09c85a6721ae252ac7d31f7fc03764f4ea4a06d5f4f,2025-03-16,,,,,,,,,,,,,,,,,,,,,,,,,,,,,,,unknown,unknown,0.0,70.0
f0a3eda2d0fce3f9840ef09c85a6721ae252ac7d31f7fc03764f4ea4a06d5f4f,2025-03-17,,,,,,,,,,,,,,,,,,,,,,,,,,,,,,,unknown,unknown,0.0,70.0
f0a3eda2d0fce3f9840ef09c85a6721ae252ac7d31f7fc03764f4ea4a06d5f4f,2025-03-18,,,,,,,,,,,7.9475,93.25,,,,,,,,,,,,,,,,,,,unknown,unknown,0.0,70.0
f0a3eda2d0fce3f9840ef09c85a6721ae252ac7d31f7fc03764f4ea4a06d5f4f,2025-03-19,,,,,,,,,,,,93.9,,,,,,,,,,,,,,,,,,,unknown,unknown,0.0,70.0
f0a3eda2d0fce3f9840ef09c85a6721ae252ac7d31f7fc03764f4ea4a06d5f4f,2025-03-20,,,,,,,,,,,,,,,,,,,,,,,,,,,,,,,unknown,unknown,0.0,70.0
f0a3eda2d0fce3f9840ef09c85a6721ae252ac7d31f7fc03764f4ea4a06d5f4f,2025-03-21,,,,,,,,,,,,92.0,,,,,,,,,,,,,,,,,,,unknown,unknown,0.0,70.0
f0a3eda2d0fce3f9840ef09c85a6721ae252ac7d31f7fc03764f4ea4a06d5f4f,2025-03-22,,,,,,,,,,,7.383333333333334,90.5,,,,,,,,,93.25,,,,,,,,,-0.029490616621983913,unknown,unknown,0.0,65.0
f0a3eda2d0fce3f9840ef09c85a6721ae252ac7d31f7fc03764f4ea4a06d5f4f,2025-03-23,,,,,,,,,,,,90.6,,,,,,,,,92.625,,,,,,,,,-0.021862348178137713,unknown,unknown,0.0,65.0
f0a3eda2d0fce3f9840ef09c85a6721ae252ac7d31f7fc03764f4ea4a06d5f4f,2025-03-24,,,,,,,,,,,,,,,,,,,,,92.0,,,,,,,,,,unknown,unknown,0.0,70.0
f0a3eda2d0fce3f9840ef09c85a6721ae252ac7d31f7fc03764f4ea4a06d5f4f,2025-03-25,,,,,,,,,,,,,,,,,,,,,92.0,,,,,,,,,,unknown,unknown,0.0,70.0
f0a3eda2d0fce3f9840ef09c85a6721ae252ac7d31f7fc03764f4ea4a06d5f4f,2025-03-26,,,,,,,,,,,,,,,,,,,,,91.3,,,,,,,,,,unknown,unknown,0.0,70.0
f0a3eda2d0fce3f9840ef09c85a6721ae252ac7d31f7fc03764f4ea4a06d5f4f,2025-03-27,,,,,,,,,,,,,,,,,,,,,90.6,,,,,,,,,,unknown,unknown,0.0,70.0
f0a3eda2d0fce3f9840ef09c85a6721ae252ac7d31f7fc03764f4ea4a06d5f4f,2025-03-28,,,,,,,,,,,,,,,,,,,,,90.6,,,,,,,,,,unknown,unknown,0.0,70.0
f0a3eda2d0fce3f9840ef09c85a6721ae252ac7d31f7fc03764f4ea4a06d5f4f,2025-03-29,,,,,,,,,,,,,,,,,,,,,,,,,,,,,,,unknown,unknown,0.0,70.0
f0a3eda2d0fce3f9840ef09c85a6721ae252ac7d31f7fc03764f4ea4a06d5f4f,2025-03-30,,,,,,,,,,,,,,,,,,,,,,,,,,,,,,,unknown,unknown,0.0,70.0
f0a3eda2d0fce3f9840ef09c85a6721ae252ac7d31f7fc03764f4ea4a06d5f4f,2025-03-31,,,,,,,,,,,8.05,91.2,,,,,,,,,,,,,,,,,,,unknown,unknown,0.0,65.0
f0a3eda2d0fce3f9840ef09c85a6721ae252ac7d31f7fc03764f4ea4a06d5f4f,2025-04-01,,,,,,,,,,,,91.0,,,,,,,,,,,,,,,,,,,unknown,unknown,0.0,65.0
f0a3eda2d0fce3f9840ef09c85a6721ae252ac7d31f7fc03764f4ea4a06d5f4f,2025-04-02,,,,,,,,,,,8.833333333333334,89.5,,,,,,,,,,,,,,,,,,,unknown,unknown,0.0,65.0
f0a3eda2d0fce3f9840ef09c85a6721ae252ac7d31f7fc03764f4ea4a06d5f4f,2025-04-03,,,,,,,,,,,7.7,91.08333333333333,,,,,,,,,91.0,,,,,,,,,0.0009157509157508637,unknown,unknown,0.0,65.0
f0a3eda2d0fce3f9840ef09c85a6721ae252ac7d31f7fc03764f4ea4a06d5f4f,2025-04-04,,,,,,,,,,,17.35,90.33333333333333,8.05,,,,,,,,91.04166666666666,1.15527950310559,,,,,,,,-0.007780320366132672,unknown,unknown,0.0,75.0
f0a3eda2d0fce3f9840ef09c85a6721ae252ac7d31f7fc03764f4ea4a06d5f4f,2025-04-05,,,,,,,,,,,8.6,88.3,8.441666666666666,,,,,,,,91.0,0.01875616979269495,,,,,,,,-0.0296703296703297,unknown,unknown,0.0,75.0
f0a3eda2d0fce3f9840ef09c85a6721ae252ac7d31f7fc03764f4ea4a06d5f4f,2025-04-06,,,,,,,,,,,8.316666666666666,90.92857142857143,8.6,,,,,,,,90.66666666666666,-0.032945736434108516,,,,,,,,0.002888655462185001,unknown,unknown,0.0,75.0
f0a3eda2d0fce3f9840ef09c85a6721ae252ac7d31f7fc03764f4ea4a06d5f4f,2025-04-07,,,,,,,,,,,,89.0,8.458333333333332,,,,,,,,90.92857142857143,,,,,,,,,-0.021209740769835058,unknown,unknown,0.0,65.0
f0a3eda2d0fce3f9840ef09c85a6721ae252ac7d31f7fc03764f4ea4a06d5f4f,2025-04-08,,,,,,,,,,,7.966666666666667,,8.6,,,,,,,,90.33333333333333,-0.07364341085271313,,,,,,,,,unknown,unknown,0.0,73.0
f0a3eda2d0fce3f9840ef09c85a6721ae252ac7d31f7fc03764f4ea4a06d5f4f,2025-04-09,,,,,,,,,,,8.4,89.8,8.458333333333332,,,,,,,,89.91666666666666,-0.00689655172413775,,,,,,,,-0.001297497683039778,unknown,unknown,0.0,75.0
f0a3eda2d0fce3f9840ef09c85a6721ae252ac7d31f7fc03764f4ea4a06d5f4f,2025-04-10,,,,,,,,,,,,92.57142857142857,8.358333333333334,,,,,,,,90.06666666666666,,,,,,,,,0.02781008776567624,unknown,unknown,0.0,70.0
f0a3eda2d0fce3f9840ef09c85a6721ae252ac7d31f7fc03764f4ea4a06d5f4f,2025-04-11,,,,,,,,,,,,90.33333333333333,8.4,,,,,,,,90.06666666666666,,,,,,,,,0.002960769800148028,unknown,unknown,0.0,65.0
f0a3eda2d0fce3f9840ef09c85a6721ae252ac7d31f7fc03764f4ea4a06d5f4f,2025-04-12,,,,,,,,,,,,,8.358333333333334,,,,,,,,90.06666666666666,,,,,,,,,,unknown,unknown,0.0,70.0
f0a3eda2d0fce3f9840ef09c85a6721ae252ac7d31f7fc03764f4ea4a06d5f4f,2025-04-13,,,,,,,,,,,,,8.316666666666666,,,,,,,,90.33333333333333,,,,,,,,,,unknown,unknown,0.0,70.0
f0a3eda2d0fce3f9840ef09c85a6721ae252ac7d31f7fc03764f4ea4a06d5f4f,2025-04-14,,,,,,,,,,,,,,,,,,,,,90.06666666666666,,,,,,,,,,unknown,unknown,0.0,70.0
f0a3eda2d0fce3f9840ef09c85a6721ae252ac7d31f7fc03764f4ea4a06d5f4f,2025-04-15,,,,,,,,,,,,90.0,,,,,,,,,90.33333333333333,,,,,,,,,-0.0036900369003689515,unknown,unknown,0.0,65.0
f0a3eda2d0fce3f9840ef09c85a6721ae252ac7d31f7fc03764f4ea4a06d5f4f,2025-04-16,,,,,,,,,,,,,,,,,,,,,90.16666666666666,,,,,,,,,,unknown,unknown,0.0,70.0
f0a3eda2d0fce3f9840ef09c85a6721ae252ac7d31f7fc03764f4ea4a06d5f4f,2025-04-17,,,,,,,,,,,,,,,,,,,,,90.33333333333333,,,,,,,,,,unknown,unknown,0.0,70.0
f0a3eda2d0fce3f9840ef09c85a6721ae252ac7d31f7fc03764f4ea4a06d5f4f,2025-04-18,,,,,,,,,,,,,,,,,,,,,,,,,,,,,,,unknown,unknown,0.0,70.0
f0a3eda2d0fce3f9840ef09c85a6721ae252ac7d31f7fc03764f4ea4a06d5f4f,2025-04-19,,,,,,,,,,,,,,,,,,,,,,,,,,,,,,,unknown,unknown,0.0,70.0
f0a3eda2d0fce3f9840ef09c85a6721ae252ac7d31f7fc03764f4ea4a06d5f4f,2025-04-20,,,,,,,,,,,,,,,,,,,,,,,,,,,,,,,unknown,unknown,0.0,70.0
f0a3eda2d0fce3f9840ef09c85a6721ae252ac7d31f7fc03764f4ea4a06d5f4f,2025-04-21,,,,,,,,,,,,,,,,,,,,,,,,,,,,,,,unknown,unknown,0.0,70.0
f0a3eda2d0fce3f9840ef09c85a6721ae252ac7d31f7fc03764f4ea4a06d5f4f,2025-04-22,,,,,,,,,,,,,,,,,,,,,,,,,,,,,,,unknown,unknown,0.0,70.0
f0a3eda2d0fce3f9840ef09c85a6721ae252ac7d31f7fc03764f4ea4a06d5f4f,2025-04-23,,,,,,,,,,,8.083333333333334,,,,,,,,,,,,,,,,,,,,unknown,unknown,0.0,70.0
f0a3eda2d0fce3f9840ef09c85a6721ae252ac7d31f7fc03764f4ea4a06d5f4f,2025-04-24,,,,,,,,,,,,,,,,,,,,,,,,,,,,,,,unknown,unknown,0.0,70.0
f0a3eda2d0fce3f9840ef09c85a6721ae252ac7d31f7fc03764f4ea4a06d5f4f,2025-04-25,,,,,,,,,,,,,,,,,,,,,,,,,,,,,,,unknown,unknown,0.0,70.0
f0a3eda2d0fce3f9840ef09c85a6721ae252ac7d31f7fc03764f4ea4a06d5f4f,2025-04-26,,,,,,,,,,,,,,,,,,,,,,,,,,,,,,,unknown,unknown,0.0,70.0
f0a3eda2d0fce3f9840ef09c85a6721ae252ac7d31f7fc03764f4ea4a06d5f4f,2025-04-27,,,,,,,,,,,,,,,,,,,,,,,,,,,,,,,unknown,unknown,0.0,70.0
f0a3eda2d0fce3f9840ef09c85a6721ae252ac7d31f7fc03764f4ea4a06d5f4f,2025-04-28,,,,,,,,,,,,90.5,,,,,,,,,,,,,,,,,,,unknown,unknown,0.0,65.0
f0a3eda2d0fce3f9840ef09c85a6721ae252ac7d31f7fc03764f4ea4a06d5f4f,2025-04-29,,,,,,,,,,,,,,,,,,,,,,,,,,,,,,,unknown,unknown,0.0,70.0
f0a3eda2d0fce3f9840ef09c85a6721ae252ac7d31f7fc03764f4ea4a06d5f4f,2025-04-30,,,,,,,,,,,,,,,,,,,,,,,,,,,,,,,unknown,unknown,0.0,70.0
f0a3eda2d0fce3f9840ef09c85a6721ae252ac7d31f7fc03764f4ea4a06d5f4f,2025-05-01,,,,,,,,,,,,,,,,,,,,,,,,,,,,,,,unknown,unknown,0.0,70.0
f0a3eda2d0fce3f9840ef09c85a6721ae252ac7d31f7fc03764f4ea4a06d5f4f,2025-05-02,,,,,,,,,,,,93.0,,,,,,,,,,,,,,,,,,,unknown,unknown,0.0,70.0
f0a3eda2d0fce3f9840ef09c85a6721ae252ac7d31f7fc03764f4ea4a06d5f4f,2025-05-03,,,,,,,,,,,,,,,,,,,,,,,,,,,,,,,unknown,unknown,0.0,70.0
f0a3eda2d0fce3f9840ef09c85a6721ae252ac7d31f7fc03764f4ea4a06d5f4f,2025-05-04,,,,,,,,,,,,,,,,,,,,,,,,,,,,,,,unknown,unknown,0.0,70.0
f0a3eda2d0fce3f9840ef09c85a6721ae252ac7d31f7fc03764f4ea4a06d5f4f,2025-05-05,,,,,,,,,,,,,,,,,,,,,,,,,,,,,,,unknown,unknown,0.0,70.0
f0a3eda2d0fce3f9840ef09c85a6721ae252ac7d31f7fc03764f4ea4a06d5f4f,2025-05-06,,,,,,,,,,,,,,,,,,,,,,,,,,,,,,,unknown,unknown,0.0,70.0
f0a3eda2d0fce3f9840ef09c85a6721ae252ac7d31f7fc03764f4ea4a06d5f4f,2025-05-07,,,,,,,,,,,,,,,,,,,,,,,,,,,,,,,unknown,unknown,0.0,70.0
f0a3eda2d0fce3f9840ef09c85a6721ae252ac7d31f7fc03764f4ea4a06d5f4f,2025-05-08,,,,,,,,,,,,,,,,,,,,,,,,,,,,,,,unknown,unknown,0.0,70.0
f0a3eda2d0fce3f9840ef09c85a6721ae252ac7d31f7fc03764f4ea4a06d5f4f,2025-05-09,,,,,,,,,,,,94.0,,,,,,,,,,,,,,,,,,,unknown,unknown,0.0,70.0
f0a3eda2d0fce3f9840ef09c85a6721ae252ac7d31f7fc03764f4ea4a06d5f4f,2025-05-10,,,,,,,,,,,,,,,,,,,,,,,,,,,,,,,unknown,unknown,0.0,70.0
f0a3eda2d0fce3f9840ef09c85a6721ae252ac7d31f7fc03764f4ea4a06d5f4f,2025-05-11,,,,,,,,,,,,,,,,,,,,,,,,,,,,,,,unknown,unknown,0.0,70.0
f0a3eda2d0fce3f9840ef09c85a6721ae252ac7d31f7fc03764f4ea4a06d5f4f,2025-05-19,,,,,,,,,,,,,,,,,,,,,,,,,,,,,,,unknown,unknown,0.0,70.0
f0a3eda2d0fce3f9840ef09c85a6721ae252ac7d31f7fc03764f4ea4a06d5f4f,2025-05-20,,,,,,,,,,,,,,,,,,,,,,,,,,,,,,,unknown,unknown,0.0,70.0
f0a3eda2d0fce3f9840ef09c85a6721ae252ac7d31f7fc03764f4ea4a06d5f4f,2025-05-21,,,,,,,,,,,9.1,,,,,,,,,,,,,,,,,,,,unknown,unknown,0.0,70.0
f0a3eda2d0fce3f9840ef09c85a6721ae252ac7d31f7fc03764f4ea4a06d5f4f,2025-05-22,,,,,,,,,,,,,,,,,,,,,,,,,,,,,,,unknown,unknown,0.0,70.0
f0a3eda2d0fce3f9840ef09c85a6721ae252ac7d31f7fc03764f4ea4a06d5f4f,2025-05-23,,,,,,,,,,,,90.5,,,,,,,,,,,,,,,,,,,unknown,unknown,0.0,65.0
f0a3eda2d0fce3f9840ef09c85a6721ae252ac7d31f7fc03764f4ea4a06d5f4f,2025-05-24,,,,,,,,,,,,,,,,,,,,,,,,,,,,,,,unknown,unknown,0.0,70.0
f0a3eda2d0fce3f9840ef09c85a6721ae252ac7d31f7fc03764f4ea4a06d5f4f,2025-05-25,,,,,,,,,,,,89.0,,,,,,,,,,,,,,,,,,,unknown,unknown,0.0,65.0
f0a3eda2d0fce3f9840ef09c85a6721ae252ac7d31f7fc03764f4ea4a06d5f4f,2025-05-26,,,,,,,,,,,8.72861111111111,89.0,,,,,,,,,,,,,,,,,,,unknown,unknown,0.0,65.0
f0a3eda2d0fce3f9840ef09c85a6721ae252ac7d31f7fc03764f4ea4a06d5f4f,2025-05-27,,,,,,,,,,,8.2,,,,,,,,,,89.0,,,,,,,,,,unknown,unknown,0.0,70.0
f0a3eda2d0fce3f9840ef09c85a6721ae252ac7d31f7fc03764f4ea4a06d5f4f,2025-05-28,,,,,,,,,,,,87.5,8.72861111111111,,,,,,,,89.0,,,,,,,,,-0.016853932584269662,unknown,unknown,0.0,65.0
f0a3eda2d0fce3f9840ef09c85a6721ae252ac7d31f7fc03764f4ea4a06d5f4f,2025-05-29,,,,,,,,,,,,,,,,,,,,,89.0,,,,,,,,,,unknown,unknown,0.0,70.0
f0a3eda2d0fce3f9840ef09c85a6721ae252ac7d31f7fc03764f4ea4a06d5f4f,2025-05-30,,,,,,,,,,,,,,,,,,,,,89.0,,,,,,,,,,unknown,unknown,0.0,70.0
f0a3eda2d0fce3f9840ef09c85a6721ae252ac7d31f7fc03764f4ea4a06d5f4f,2025-05-31,,,,,,,,,,,,,,,,,,,,,89.0,,,,,,,,,,unknown,unknown,0.0,70.0
f0a3eda2d0fce3f9840ef09c85a6721ae252ac7d31f7fc03764f4ea4a06d5f4f,2025-06-01,,,,,,,,,,,,,,,,,,,,,89.0,,,,,,,,,,unknown,unknown,0.0,70.0
f0a3eda2d0fce3f9840ef09c85a6721ae252ac7d31f7fc03764f4ea4a06d5f4f,2025-06-02,,,,,,,,,,,,,,,,,,,,,,,,,,,,,,,unknown,unknown,0.0,70.0
f0a3eda2d0fce3f9840ef09c85a6721ae252ac7d31f7fc03764f4ea4a06d5f4f,2025-06-03,,,,,,,,,,,,,,,,,,,,,,,,,,,,,,,unknown,unknown,0.0,70.0
f0a3eda2d0fce3f9840ef09c85a6721ae252ac7d31f7fc03764f4ea4a06d5f4f,2025-06-04,,,,,,,,,,,,,,,,,,,,,,,,,,,,,,,unknown,unknown,0.0,70.0
f0a3eda2d0fce3f9840ef09c85a6721ae252ac7d31f7fc03764f4ea4a06d5f4f,2025-06-05,,,,,,,,,,,8.6,91.8,,,,,,,,,,,,,,,,,,,unknown,unknown,0.0,65.0
f0a3eda2d0fce3f9840ef09c85a6721ae252ac7d31f7fc03764f4ea4a06d5f4f,2025-06-06,,,,,,,,,,,,92.125,,,,,,,,,,,,,,,,,,,unknown,unknown,0.0,70.0
f0a3eda2d0fce3f9840ef09c85a6721ae252ac7d31f7fc03764f4ea4a06d5f4f,2025-06-07,,,,,,,,,,,,,,,,,,,,,,,,,,,,,,,unknown,unknown,0.0,70.0
f0a3eda2d0fce3f9840ef09c85a6721ae252ac7d31f7fc03764f4ea4a06d5f4f,2025-06-08,,,,,,,,,,,,,,,,,,,,,,,,,,,,,,,unknown,unknown,0.0,70.0
f0a3eda2d0fce3f9840ef09c85a6721ae252ac7d31f7fc03764f4ea4a06d5f4f,2025-06-09,,,,,,,,,,,,,,,,,,,,,,,,,,,,,,,unknown,unknown,0.0,70.0
f0a3eda2d0fce3f9840ef09c85a6721ae252ac7d31f7fc03764f4ea4a06d5f4f,2025-06-10,,,,,,,,,,,,,,,,,,,,,,,,,,,,,,,unknown,unknown,0.0,70.0
f0a3eda2d0fce3f9840ef09c85a6721ae252ac7d31f7fc03764f4ea4a06d5f4f,2025-06-11,,,,,,,,,,,8.233333333333333,,,,,,,,,,,,,,,,,,,,unknown,unknown,0.0,70.0
f0a3eda2d0fce3f9840ef09c85a6721ae252ac7d31f7fc03764f4ea4a06d5f4f,2025-06-12,,,,,,,,,,,7.8,,,,,,,,,,,,,,,,,,,,unknown,unknown,0.0,70.0
f0a3eda2d0fce3f9840ef09c85a6721ae252ac7d31f7fc03764f4ea4a06d5f4f,2025-06-13,,,,,,,,,,,,,,,,,,,,,,,,,,,,,,,unknown,unknown,0.0,70.0
f0a3eda2d0fce3f9840ef09c85a6721ae252ac7d31f7fc03764f4ea4a06d5f4f,2025-06-14,,,,,,,,,,,,,,,,,,,,,,,,,,,,,,,unknown,unknown,0.0,70.0
f0a3eda2d0fce3f9840ef09c85a6721ae252ac7d31f7fc03764f4ea4a06d5f4f,2025-06-15,,,,,,,,,,,,,,,,,,,,,,,,,,,,,,,unknown,unknown,0.0,70.0
f0a3eda2d0fce3f9840ef09c85a6721ae252ac7d31f7fc03764f4ea4a06d5f4f,2025-06-16,,,,,,,,,,,15.45,94.0,,,,,,,,,,,,,,,,,,,unknown,unknown,0.0,70.0
f0a3eda2d0fce3f9840ef09c85a6721ae252ac7d31f7fc03764f4ea4a06d5f4f,2025-06-17,,,,,,,,,,,9.033333333333333,91.53333333333333,8.233333333333333,,,,,,,,,0.0971659919028341,,,,,,,,,unknown,unknown,0.0,75.0
f0a3eda2d0fce3f9840ef09c85a6721ae252ac7d31f7fc03764f4ea4a06d5f4f,2025-06-18,,,,,,,,,,,,93.85714285714286,8.633333333333333,,,,,,,,,,,,,,,,,,unknown,unknown,0.0,70.0
f0a3eda2d0fce3f9840ef09c85a6721ae252ac7d31f7fc03764f4ea4a06d5f4f,2025-06-19,,,,,,,,,,,,,9.033333333333333,,,,,,,,93.85714285714286,,,,,,,,,,unknown,unknown,0.0,70.0
f0a3eda2d0fce3f9840ef09c85a6721ae252ac7d31f7fc03764f4ea4a06d5f4f,2025-06-20,,,,,,,,,,,,,,,,,,,,,93.85714285714286,,,,,,,,,,unknown,unknown,0.0,70.0
f0a3eda2d0fce3f9840ef09c85a6721ae252ac7d31f7fc03764f4ea4a06d5f4f,2025-06-21,,,,,,,,,,,,,,,,,,,,,93.85714285714286,,,,,,,,,,unknown,unknown,0.0,70.0
f0a3eda2d0fce3f9840ef09c85a6721ae252ac7d31f7fc03764f4ea4a06d5f4f,2025-06-22,,,,,,,,,,,,,,,,,,,,,93.85714285714286,,,,,,,,,,unknown,unknown,0.0,70.0
f0a3eda2d0fce3f9840ef09c85a6721ae252ac7d31f7fc03764f4ea4a06d5f4f,2025-06-23,,,,,,,,,,,6.95,,,,,,,,,,93.85714285714286,,,,,,,,,,unknown,unknown,0.0,70.0
f0a3eda2d0fce3f9840ef09c85a6721ae252ac7d31f7fc03764f4ea4a06d5f4f,2025-06-24,,,,,,,,,,,,,,,,,,,,,,,,,,,,,,,unknown,unknown,0.0,70.0
f0a3eda2d0fce3f9840ef09c85a6721ae252ac7d31f7fc03764f4ea4a06d5f4f,2025-06-25,,,,,,,,,,,,,,,,,,,,,,,,,,,,,,,unknown,unknown,0.0,70.0
f0a3eda2d0fce3f9840ef09c85a6721ae252ac7d31f7fc03764f4ea4a06d5f4f,2025-06-26,,,,,,,,,,,,,,,,,,,,,,,,,,,,,,,unknown,unknown,0.0,70.0
f0a3eda2d0fce3f9840ef09c85a6721ae252ac7d31f7fc03764f4ea4a06d5f4f,2025-06-27,,,,,,,,,,,,,,,,,,,,,,,,,,,,,,,unknown,unknown,0.0,70.0
f0a3eda2d0fce3f9840ef09c85a6721ae252ac7d31f7fc03764f4ea4a06d5f4f,2025-06-28,,,,,,,,,,,,,,,,,,,,,,,,,,,,,,,unknown,unknown,0.0,70.0
f0a3eda2d0fce3f9840ef09c85a6721ae252ac7d31f7fc03764f4ea4a06d5f4f,2025-06-29,,,,,,,,,,,,,,,,,,,,,,,,,,,,,,,unknown,unknown,0.0,70.0
f0a3eda2d0fce3f9840ef09c85a6721ae252ac7d31f7fc03764f4ea4a06d5f4f,2025-06-30,,,,,,,,,,,,,,,,,,,,,,,,,,,,,,,unknown,unknown,0.0,70.0
f0a3eda2d0fce3f9840ef09c85a6721ae252ac7d31f7fc03764f4ea4a06d5f4f,2025-07-01,,,,,,,,,,,,,,,,,,,,,,,,,,,,,,,unknown,unknown,0.0,70.0
f0a3eda2d0fce3f9840ef09c85a6721ae252ac7d31f7fc03764f4ea4a06d5f4f,2025-07-02,,,,,,,,,,,,,,,,,,,,,,,,,,,,,,,unknown,unknown,0.0,70.0
f0a3eda2d0fce3f9840ef09c85a6721ae252ac7d31f7fc03764f4ea4a06d5f4f,2025-07-03,,,,,,,,,,,,,,,,,,,,,,,,,,,,,,,unknown,unknown,0.0,70.0
f0a3eda2d0fce3f9840ef09c85a6721ae252ac7d31f7fc03764f4ea4a06d5f4f,2025-07-04,,,,,,,,,,,,,,,,,,,,,,,,,,,,,,,unknown,unknown,0.0,70.0
f0a3eda2d0fce3f9840ef09c85a6721ae252ac7d31f7fc03764f4ea4a06d5f4f,2025-07-05,,,,,,,,,,,,,,,,,,,,,,,,,,,,,,,unknown,unknown,0.0,70.0
f0a3eda2d0fce3f9840ef09c85a6721ae252ac7d31f7fc03764f4ea4a06d5f4f,2025-07-06,,,,,,,,,,,,,,,,,,,,,,,,,,,,,,,unknown,unknown,0.0,70.0
f0a3eda2d0fce3f9840ef09c85a6721ae252ac7d31f7fc03764f4ea4a06d5f4f,2025-07-07,,,,,,,,,,,,,,,,,,,,,,,,,,,,,,,unknown,unknown,0.0,70.0
f0a3eda2d0fce3f9840ef09c85a6721ae252ac7d31f7fc03764f4ea4a06d5f4f,2025-07-08,,,,,,,,,,,,,,,,,,,,,,,,,,,,,,,unknown,unknown,0.0,70.0
f0a3eda2d0fce3f9840ef09c85a6721ae252ac7d31f7fc03764f4ea4a06d5f4f,2025-07-09,,,,,,,,,,,,,,,,,,,,,,,,,,,,,,,unknown,unknown,0.0,70.0
f0a3eda2d0fce3f9840ef09c85a6721ae252ac7d31f7fc03764f4ea4a06d5f4f,2025-07-10,,,,,,,,,,,,,,,,,,,,,,,,,,,,,,,unknown,unknown,0.0,70.0
f0a3eda2d0fce3f9840ef09c85a6721ae252ac7d31f7fc03764f4ea4a06d5f4f,2025-07-11,,,,,,,,,,,,,,,,,,,,,,,,,,,,,,,unknown,unknown,0.0,70.0
f0a3eda2d0fce3f9840ef09c85a6721ae252ac7d31f7fc03764f4ea4a06d5f4f,2025-07-12,,,,,,,,,,,,,,,,,,,,,,,,,,,,,,,unknown,unknown,0.0,70.0
f0a3eda2d0fce3f9840ef09c85a6721ae252ac7d31f7fc03764f4ea4a06d5f4f,2025-07-13,,,,,,,,,,,,,,,,,,,,,,,,,,,,,,,unknown,unknown,0.0,70.0
f0a3eda2d0fce3f9840ef09c85a6721ae252ac7d31f7fc03764f4ea4a06d5f4f,2025-07-14,,,,,,,,,,,,,,,,,,,,,,,,,,,,,,,unknown,unknown,0.0,70.0
f0a3eda2d0fce3f9840ef09c85a6721ae252ac7d31f7fc03764f4ea4a06d5f4f,2025-07-15,,,,,,,,,,,,,,,,,,,,,,,,,,,,,,,unknown,unknown,0.0,70.0
f0a3eda2d0fce3f9840ef09c85a6721ae252ac7d31f7fc03764f4ea4a06d5f4f,2025-07-16,,,,,,,,,,,,,,,,,,,,,,,,,,,,,,,unknown,unknown,0.0,70.0
f0a3eda2d0fce3f9840ef09c85a6721ae252ac7d31f7fc03764f4ea4a06d5f4f,2025-07-17,,,,,,,,,,,,,,,,,,,,,,,,,,,,,,,unknown,unknown,0.0,70.0
f0a3eda2d0fce3f9840ef09c85a6721ae252ac7d31f7fc03764f4ea4a06d5f4f,2025-07-18,,,,,,,,,,,,,,,,,,,,,,,,,,,,,,,unknown,unknown,0.0,70.0
f0a3eda2d0fce3f9840ef09c85a6721ae252ac7d31f7fc03764f4ea4a06d5f4f,2025-07-19,,,,,,,,,,,,,,,,,,,,,,,,,,,,,,,unknown,unknown,0.0,70.0
f0a3eda2d0fce3f9840ef09c85a6721ae252ac7d31f7fc03764f4ea4a06d5f4f,2025-07-20,,,,,,,,,,,,,,,,,,,,,,,,,,,,,,,unknown,unknown,0.0,70.0
f0a3eda2d0fce3f9840ef09c85a6721ae252ac7d31f7fc03764f4ea4a06d5f4f,2025-07-21,,,,,,,,,,,,,,,,,,,,,,,,,,,,,,,unknown,unknown,0.0,70.0
f0a3eda2d0fce3f9840ef09c85a6721ae252ac7d31f7fc03764f4ea4a06d5f4f,2025-07-22,,,,,,,,,,,,,,,,,,,,,,,,,,,,,,,unknown,unknown,0.0,70.0
f0a3eda2d0fce3f9840ef09c85a6721ae252ac7d31f7fc03764f4ea4a06d5f4f,2025-07-23,,,,,,,,,,,,,,,,,,,,,,,,,,,,,,,unknown,unknown,0.0,70.0
f0a3eda2d0fce3f9840ef09c85a6721ae252ac7d31f7fc03764f4ea4a06d5f4f,2025-08-22,,,,,,,,,,,,,,,,,,,,,,,,,,,,,,,unknown,unknown,0.0,70.0
f0a3eda2d0fce3f9840ef09c85a6721ae252ac7d31f7fc03764f4ea4a06d5f4f,2025-08-23,,,,,,,,,,,,,,,,,,,,,,,,,,,,,,,unknown,unknown,0.0,70.0
f0a3eda2d0fce3f9840ef09c85a6721ae252ac7d31f7fc03764f4ea4a06d5f4f,2025-08-24,,,,,,,,,,,,,,,,,,,,,,,,,,,,,,,unknown,unknown,0.0,70.0
f0a3eda2d0fce3f9840ef09c85a6721ae252ac7d31f7fc03764f4ea4a06d5f4f,2025-08-25,,,,,,,,,,,,,,,,,,,,,,,,,,,,,,,unknown,unknown,0.0,70.0
f0a3eda2d0fce3f9840ef09c85a6721ae252ac7d31f7fc03764f4ea4a06d5f4f,2025-08-26,,,,,,,,,,,,,,,,,,,,,,,,,,,,,,,unknown,unknown,0.0,70.0
f0a3eda2d0fce3f9840ef09c85a6721ae252ac7d31f7fc03764f4ea4a06d5f4f,2025-08-27,,,,,,,,,,,,,,,,,,,,,,,,,,,,,,,unknown,unknown,0.0,70.0
f0a3eda2d0fce3f9840ef09c85a6721ae252ac7d31f7fc03764f4ea4a06d5f4f,2025-08-28,,,,,,,,,,,,,,,,,,,,,,,,,,,,,,,unknown,unknown,0.0,70.0
f0a3eda2d0fce3f9840ef09c85a6721ae252ac7d31f7fc03764f4ea4a06d5f4f,2025-08-29,,,,,,,,,,,,,,,,,,,,,,,,,,,,,,,unknown,unknown,0.0,70.0
f5dae2e7f37045518259d57d951fac391bed4edddbd8b8ae2734f192c77a2037,2024-09-01,,,,,,,,,,,,,,,,,,,,,,,,,,,,,,,unknown,unknown,0.0,70.0
f5dae2e7f37045518259d57d951fac391bed4edddbd8b8ae2734f192c77a2037,2024-09-02,,,,,,,,,,,,,,,,,,,,,,,,,,,,,,,unknown,unknown,0.0,70.0
f5dae2e7f37045518259d57d951fac391bed4edddbd8b8ae2734f192c77a2037,2024-09-03,,,,,,,,,,,,,,,,,,,,,,,,,,,,,,,unknown,unknown,0.0,70.0
f5dae2e7f37045518259d57d951fac391bed4edddbd8b8ae2734f192c77a2037,2024-09-04,,,,,,,,,,,,,,,,,,,,,,,,,,,,,,,unknown,unknown,0.0,70.0
f5dae2e7f37045518259d57d951fac391bed4edddbd8b8ae2734f192c77a2037,2024-09-05,,,,,,,,,,,,,,,,,,,,,,,,,,,,,,,unknown,unknown,0.0,70.0
f5dae2e7f37045518259d57d951fac391bed4edddbd8b8ae2734f192c77a2037,2024-09-06,,,,,,,,,,,,,,,,,,,,,,,,,,,,,,,unknown,unknown,0.0,70.0
f5dae2e7f37045518259d57d951fac391bed4edddbd8b8ae2734f192c77a2037,2024-09-07,,,,,,,,,,,,,,,,,,,,,,,,,,,,,,,unknown,unknown,0.0,70.0
f5dae2e7f37045518259d57d951fac391bed4edddbd8b8ae2734f192c77a2037,2024-09-08,,,,,,,,,,,,,,,,,,,,,,,,,,,,,,,unknown,unknown,0.0,70.0
f5dae2e7f37045518259d57d951fac391bed4edddbd8b8ae2734f192c77a2037,2024-09-09,,,,,,,,,,,,,,,,,,,,,,,,,,,,,,,unknown,unknown,0.0,70.0
f5dae2e7f37045518259d57d951fac391bed4edddbd8b8ae2734f192c77a2037,2024-09-10,,,,,,,,,,,,,,,,,,,,,,,,,,,,,,,unknown,unknown,0.0,70.0
f5dae2e7f37045518259d57d951fac391bed4edddbd8b8ae2734f192c77a2037,2024-09-11,,,,,,,,,,,,,,,,,,,,,,,,,,,,,,,unknown,unknown,0.0,70.0
f5dae2e7f37045518259d57d951fac391bed4edddbd8b8ae2734f192c77a2037,2024-09-12,,,,,,,,,,,,,,,,,,,,,,,,,,,,,,,unknown,unknown,0.0,70.0
f5dae2e7f37045518259d57d951fac391bed4edddbd8b8ae2734f192c77a2037,2024-09-13,,,,,,,,,,,,,,,,,,,,,,,,,,,,,,,unknown,unknown,0.0,70.0
f5dae2e7f37045518259d57d951fac391bed4edddbd8b8ae2734f192c77a2037,2024-09-14,,,,,,,,,,,,,,,,,,,,,,,,,,,,,,,unknown,unknown,0.0,70.0
f5dae2e7f37045518259d57d951fac391bed4edddbd8b8ae2734f192c77a2037,2024-09-15,,,,,,,,,,,,,,,,,,,,,,,,,,,,,,,unknown,unknown,0.0,70.0
f5dae2e7f37045518259d57d951fac391bed4edddbd8b8ae2734f192c77a2037,2024-09-16,,,,,,,,,,,,,,,,,,,,,,,,,,,,,,,unknown,unknown,0.0,70.0
f5dae2e7f37045518259d57d951fac391bed4edddbd8b8ae2734f192c77a2037,2024-09-17,,,,,,,,,,,,,,,,,,,,,,,,,,,,,,,unknown,unknown,0.0,70.0
f5dae2e7f37045518259d57d951fac391bed4edddbd8b8ae2734f192c77a2037,2024-09-18,,,,,,,,,,,,,,,,,,,,,,,,,,,,,,,unknown,unknown,0.0,70.0
f5dae2e7f37045518259d57d951fac391bed4edddbd8b8ae2734f192c77a2037,2024-09-19,,,,,,,,,,,,,,,,,,,,,,,,,,,,,,,unknown,unknown,0.0,70.0
f5dae2e7f37045518259d57d951fac391bed4edddbd8b8ae2734f192c77a2037,2024-09-20,,,,,,,,,,,,,,,,,,,,,,,,,,,,,,,unknown,unknown,0.0,70.0
f5dae2e7f37045518259d57d951fac391bed4edddbd8b8ae2734f192c77a2037,2024-09-21,,,,,,,,,,,,,,,,,,,,,,,,,,,,,,,unknown,unknown,0.0,70.0
f5dae2e7f37045518259d57d951fac391bed4edddbd8b8ae2734f192c77a2037,2024-09-22,,,,,,,,,,,,,,,,,,,,,,,,,,,,,,,unknown,unknown,0.0,70.0
f5dae2e7f37045518259d57d951fac391bed4edddbd8b8ae2734f192c77a2037,2024-09-23,,,,,,,,,,,,,,,,,,,,,,,,,,,,,,,unknown,unknown,0.0,70.0
f5dae2e7f37045518259d57d951fac391bed4edddbd8b8ae2734f192c77a2037,2024-09-24,,,,,,,,,,,,,,,,,,,,,,,,,,,,,,,unknown,unknown,0.0,70.0
f5dae2e7f37045518259d57d951fac391bed4edddbd8b8ae2734f192c77a2037,2024-09-25,,,,,,,,,,,,,,,,,,,,,,,,,,,,,,,unknown,unknown,0.0,70.0
f5dae2e7f37045518259d57d951fac391bed4edddbd8b8ae2734f192c77a2037,2024-09-26,,,,,,,,,,,,,,,,,,,,,,,,,,,,,,,unknown,unknown,0.0,70.0
f5dae2e7f37045518259d57d951fac391bed4edddbd8b8ae2734f192c77a2037,2024-09-27,,,,,,,,,,,,,,,,,,,,,,,,,,,,,,,unknown,unknown,0.0,70.0
f5dae2e7f37045518259d57d951fac391bed4edddbd8b8ae2734f192c77a2037,2024-09-28,,,,,,,,,,,,,,,,,,,,,,,,,,,,,,,unknown,unknown,0.0,70.0
f5dae2e7f37045518259d57d951fac391bed4edddbd8b8ae2734f192c77a2037,2024-09-29,,,,,,,,,,,,,,,,,,,,,,,,,,,,,,,unknown,unknown,0.0,70.0
f5dae2e7f37045518259d57d951fac391bed4edddbd8b8ae2734f192c77a2037,2024-09-30,,,,,,,,,,,,,,,,,,,,,,,,,,,,,,,unknown,unknown,0.0,70.0
f5dae2e7f37045518259d57d951fac391bed4edddbd8b8ae2734f192c77a2037,2024-10-01,,,,,,,,,,,,,,,,,,,,,,,,,,,,,,,unknown,unknown,0.0,70.0
f5dae2e7f37045518259d57d951fac391bed4edddbd8b8ae2734f192c77a2037,2024-10-02,,,,,,,,,,,,,,,,,,,,,,,,,,,,,,,unknown,unknown,0.0,70.0
f5dae2e7f37045518259d57d951fac391bed4edddbd8b8ae2734f192c77a2037,2024-10-04,,,,,,,,,,,,,,,,,,,,,,,,,,,,,,,unknown,unknown,0.0,70.0
f5dae2e7f37045518259d57d951fac391bed4edddbd8b8ae2734f192c77a2037,2024-10-05,,,,,,,,,,,,,,,,,,,,,,,,,,,,,,,unknown,unknown,0.0,70.0
f5dae2e7f37045518259d57d951fac391bed4edddbd8b8ae2734f192c77a2037,2024-10-06,,,,,,,,,,,,,,,,,,,,,,,,,,,,,,,unknown,unknown,0.0,70.0
f5dae2e7f37045518259d57d951fac391bed4edddbd8b8ae2734f192c77a2037,2024-10-07,,,,,,,,,,,,,,,,,,,,,,,,,,,,,,,unknown,unknown,0.0,70.0
f5dae2e7f37045518259d57d951fac391bed4edddbd8b8ae2734f192c77a2037,2024-10-08,,,,,,,,,,,,,,,,,,,,,,,,,,,,,,,unknown,unknown,0.0,70.0
f5dae2e7f37045518259d57d951fac391bed4edddbd8b8ae2734f192c77a2037,2024-10-09,,,,,,,,,,,,,,,,,,,,,,,,,,,,,,,unknown,unknown,0.0,70.0
f5dae2e7f37045518259d57d951fac391bed4edddbd8b8ae2734f192c77a2037,2024-10-10,,,,,,,,,,,,,,,,,,,,,,,,,,,,,,,unknown,unknown,0.0,70.0
f5dae2e7f37045518259d57d951fac391bed4edddbd8b8ae2734f192c77a2037,2024-10-11,,,,,,,,,,,,,,,,,,,,,,,,,,,,,,,unknown,unknown,0.0,70.0
f5dae2e7f37045518259d57d951fac391bed4edddbd8b8ae2734f192c77a2037,2024-10-12,,,,,,,,,,,,,,,,,,,,,,,,,,,,,,,unknown,unknown,0.0,70.0
f5dae2e7f37045518259d57d951fac391bed4edddbd8b8ae2734f192c77a2037,2024-10-13,,,,,,,,,,,,,,,,,,,,,,,,,,,,,,,unknown,unknown,0.0,70.0
f5dae2e7f37045518259d57d951fac391bed4edddbd8b8ae2734f192c77a2037,2024-10-14,,,,,,,,,,,,,,,,,,,,,,,,,,,,,,,unknown,unknown,0.0,70.0
f5dae2e7f37045518259d57d951fac391bed4edddbd8b8ae2734f192c77a2037,2024-10-15,,,,,,,,,,,,,,,,,,,,,,,,,,,,,,,unknown,unknown,0.0,70.0
f5dae2e7f37045518259d57d951fac391bed4edddbd8b8ae2734f192c77a2037,2024-10-16,,,,,,,,,,,,,,,,,,,,,,,,,,,,,,,unknown,unknown,0.0,70.0
f5dae2e7f37045518259d57d951fac391bed4edddbd8b8ae2734f192c77a2037,2024-10-17,,,,,,,,,,,,,,,,,,,,,,,,,,,,,,,unknown,unknown,0.0,70.0
f5dae2e7f37045518259d57d951fac391bed4edddbd8b8ae2734f192c77a2037,2024-10-18,,,,,,,,,,,,,,,,,,,,,,,,,,,,,,,unknown,unknown,0.0,70.0
f5dae2e7f37045518259d57d951fac391bed4edddbd8b8ae2734f192c77a2037,2024-10-19,,,,,,,,,,,,,,,,,,,,,,,,,,,,,,,unknown,unknown,0.0,70.0
f5dae2e7f37045518259d57d951fac391bed4edddbd8b8ae2734f192c77a2037,2024-10-20,,,,,,,,,,,,,,,,,,,,,,,,,,,,,,,unknown,unknown,0.0,70.0
f5dae2e7f37045518259d57d951fac391bed4edddbd8b8ae2734f192c77a2037,2024-10-21,,,,,,,,,,,,,,,,,,,,,,,,,,,,,,,unknown,unknown,0.0,70.0
f5dae2e7f37045518259d57d951fac391bed4edddbd8b8ae2734f192c77a2037,2025-04-13,,,,,,,,,,,,,,,,,,,,,,,,,,,,,,,unknown,unknown,0.0,70.0
f5dae2e7f37045518259d57d951fac391bed4edddbd8b8ae2734f192c77a2037,2025-04-14,,,,,,,,,,,,,,,,,,,,,,,,,,,,,,,unknown,unknown,0.0,70.0
f5dae2e7f37045518259d57d951fac391bed4edddbd8b8ae2734f192c77a2037,2025-04-15,,,,,,,,,,,,,,,,,,,,,,,,,,,,,,,unknown,unknown,0.0,70.0
f5dae2e7f37045518259d57d951fac391bed4edddbd8b8ae2734f192c77a2037,2025-04-16,,,,,,,,,,,9.316666666666666,,,,,,,,,,,,,,,,,,,,unknown,unknown,0.0,70.0
f5dae2e7f37045518259d57d951fac391bed4edddbd8b8ae2734f192c77a2037,2025-04-17,,,,,,,,,,,,,,,,,,,,,,,,,,,,,,,unknown,unknown,0.0,70.0
f5dae2e7f37045518259d57d951fac391bed4edddbd8b8ae2734f192c77a2037,2025-04-18,,,,,,,,,,,,,,,,,,,,,,,,,,,,,,,unknown,unknown,0.0,70.0
f5dae2e7f37045518259d57d951fac391bed4edddbd8b8ae2734f192c77a2037,2025-04-19,,,,,,,,,,,,,,,,,,,,,,,,,,,,,,,unknown,unknown,0.0,70.0
f5dae2e7f37045518259d57d951fac391bed4edddbd8b8ae2734f192c77a2037,2025-04-20,,,,,,,,,,,,,,,,,,,,,,,,,,,,,,,unknown,unknown,0.0,70.0
f5dae2e7f37045518259d57d951fac391bed4edddbd8b8ae2734f192c77a2037,2025-04-21,,,,,,,,,,,,,,,,,,,,,,,,,,,,,,,unknown,unknown,0.0,70.0
f5dae2e7f37045518259d57d951fac391bed4edddbd8b8ae2734f192c77a2037,2025-04-22,,,,,,,,,,,,,,,,,,,,,,,,,,,,,,,unknown,unknown,0.0,70.0
f5dae2e7f37045518259d57d951fac391bed4edddbd8b8ae2734f192c77a2037,2025-04-23,,,,,,,,,,,,,,,,,,,,,,,,,,,,,,,unknown,unknown,0.0,70.0
f5dae2e7f37045518259d57d951fac391bed4edddbd8b8ae2734f192c77a2037,2025-04-24,,,,,,,,,,,,,,,,,,,,,,,,,,,,,,,unknown,unknown,0.0,70.0
f5dae2e7f37045518259d57d951fac391bed4edddbd8b8ae2734f192c77a2037,2025-04-25,,,,,,,,,,,,,,,,,,,,,,,,,,,,,,,unknown,unknown,0.0,70.0
f5dae2e7f37045518259d57d951fac391bed4edddbd8b8ae2734f192c77a2037,2025-04-26,,,,,,,,,,,,,,,,,,,,,,,,,,,,,,,unknown,unknown,0.0,70.0
f5dae2e7f37045518259d57d951fac391bed4edddbd8b8ae2734f192c77a2037,2025-04-27,,,,,,,,,,,,,,,,,,,,,,,,,,,,,,,unknown,unknown,0.0,70.0
f5dae2e7f37045518259d57d951fac391bed4edddbd8b8ae2734f192c77a2037,2025-04-28,,,,,,,,,,,,,,,,,,,,,,,,,,,,,,,unknown,unknown,0.0,70.0
f5dae2e7f37045518259d57d951fac391bed4edddbd8b8ae2734f192c77a2037,2025-04-29,,,,,,,,,,,,,,,,,,,,,,,,,,,,,,,unknown,unknown,0.0,70.0
f5dae2e7f37045518259d57d951fac391bed4edddbd8b8ae2734f192c77a2037,2025-04-30,,,,,,,,,,,,,,,,,,,,,,,,,,,,,,,unknown,unknown,0.0,70.0
f5dae2e7f37045518259d57d951fac391bed4edddbd8b8ae2734f192c77a2037,2025-05-01,,,,,,,,,,,,,,,,,,,,,,,,,,,,,,,unknown,unknown,0.0,70.0
f5dae2e7f37045518259d57d951fac391bed4edddbd8b8ae2734f192c77a2037,2025-05-02,,,,,,,,,,,,,,,,,,,,,,,,,,,,,,,unknown,unknown,0.0,70.0
f5dae2e7f37045518259d57d951fac391bed4edddbd8b8ae2734f192c77a2037,2025-06-18,,,,,,,,,,,,,,,,,,,,,,,,,,,,,,,unknown,unknown,0.0,70.0
f5dae2e7f37045518259d57d951fac391bed4edddbd8b8ae2734f192c77a2037,2025-06-19,,,,,,,,,,,,,,,,,,,,,,,,,,,,,,,unknown,unknown,0.0,70.0
f5dae2e7f37045518259d57d951fac391bed4edddbd8b8ae2734f192c77a2037,2025-06-20,,,,,,,,,,,,,,,,,,,,,,,,,,,,,,,unknown,unknown,0.0,70.0
f5dae2e7f37045518259d57d951fac391bed4edddbd8b8ae2734f192c77a2037,2025-06-21,,,,,,,,,,,,,,,,,,,,,,,,,,,,,,,unknown,unknown,0.0,70.0
f5dae2e7f37045518259d57d951fac391bed4edddbd8b8ae2734f192c77a2037,2025-06-22,,,,,,,,,,,,,,,,,,,,,,,,,,,,,,,unknown,unknown,0.0,70.0
f5dae2e7f37045518259d57d951fac391bed4edddbd8b8ae2734f192c77a2037,2025-06-23,,,,,,,,,,,,,,,,,,,,,,,,,,,,,,,unknown,unknown,0.0,70.0
f5dae2e7f37045518259d57d951fac391bed4edddbd8b8ae2734f192c77a2037,2025-06-24,,,,,,,,,,,,,,,,,,,,,,,,,,,,,,,unknown,unknown,0.0,70.0
f5dae2e7f37045518259d57d951fac391bed4edddbd8b8ae2734f192c77a2037,2025-06-25,,,,,,,,,,,,,,,,,,,,,,,,,,,,,,,unknown,unknown,0.0,70.0
f5dae2e7f37045518259d57d951fac391bed4edddbd8b8ae2734f192c77a2037,2025-06-26,,,,,,,,,,,,,,,,,,,,,,,,,,,,,,,unknown,unknown,0.0,70.0
f5dae2e7f37045518259d57d951fac391bed4edddbd8b8ae2734f192c77a2037,2025-06-27,,,,,,,,,,,,,,,,,,,,,,,,,,,,,,,unknown,unknown,0.0,70.0
f5dae2e7f37045518259d57d951fac391bed4edddbd8b8ae2734f192c77a2037,2025-06-28,,,,,,,,,,,,,,,,,,,,,,,,,,,,,,,unknown,unknown,0.0,70.0
f5dae2e7f37045518259d57d951fac391bed4edddbd8b8ae2734f192c77a2037,2025-06-29,,,,,,,,,,,,,,,,,,,,,,,,,,,,,,,unknown,unknown,0.0,70.0
f5dae2e7f37045518259d57d951fac391bed4edddbd8b8ae2734f192c77a2037,2025-06-30,,,,,,,,,,,,,,,,,,,,,,,,,,,,,,,unknown,unknown,0.0,70.0
f5dae2e7f37045518259d57d951fac391bed4edddbd8b8ae2734f192c77a2037,2025-07-01,,,,,,,,,,,,,,,,,,,,,,,,,,,,,,,unknown,unknown,0.0,70.0
f5dae2e7f37045518259d57d951fac391bed4edddbd8b8ae2734f192c77a2037,2025-07-02,,,,,,,,,,,,,,,,,,,,,,,,,,,,,,,unknown,unknown,0.0,70.0
f5dae2e7f37045518259d57d951fac391bed4edddbd8b8ae2734f192c77a2037,2025-07-03,,,,,,,,,,,,,,,,,,,,,,,,,,,,,,,unknown,unknown,0.0,70.0
f5dae2e7f37045518259d57d951fac391bed4edddbd8b8ae2734f192c77a2037,2025-07-04,,,,,,,,,,,,,,,,,,,,,,,,,,,,,,,unknown,unknown,0.0,70.0
f5dae2e7f37045518259d57d951fac391bed4edddbd8b8ae2734f192c77a2037,2025-07-05,,,,,,,,,,,,,,,,,,,,,,,,,,,,,,,unknown,unknown,0.0,70.0
f5dae2e7f37045518259d57d951fac391bed4edddbd8b8ae2734f192c77a2037,2025-07-06,,,,,,,,,,,,,,,,,,,,,,,,,,,,,,,unknown,unknown,0.0,70.0
f5dae2e7f37045518259d57d951fac391bed4edddbd8b8ae2734f192c77a2037,2025-07-07,,,,,,,,,,,,,,,,,,,,,,,,,,,,,,,unknown,unknown,0.0,70.0
f6bd8fa019290b1f09a7bf11822dce88355aeadee00e0f032e31cf8e2123afcd,2024-09-02,,,,,,,,,,,,,,,,,,,,,,,,,,,,,,,unknown,unknown,0.0,70.0
f6bd8fa019290b1f09a7bf11822dce88355aeadee00e0f032e31cf8e2123afcd,2024-09-03,,,,,,,,,,,,,,,,,,,,,,,,,,,,,,,unknown,unknown,0.0,70.0
f6bd8fa019290b1f09a7bf11822dce88355aeadee00e0f032e31cf8e2123afcd,2024-09-04,,,,,,,,,,,,,,,,,,,,,,,,,,,,,,,unknown,unknown,0.0,70.0
f6bd8fa019290b1f09a7bf11822dce88355aeadee00e0f032e31cf8e2123afcd,2024-09-05,,,,,,,,,,,,,,,,,,,,,,,,,,,,,,,unknown,unknown,0.0,70.0
f6bd8fa019290b1f09a7bf11822dce88355aeadee00e0f032e31cf8e2123afcd,2024-09-06,,,,,,,,,,,,,,,,,,,,,,,,,,,,,,,unknown,unknown,0.0,70.0
f6bd8fa019290b1f09a7bf11822dce88355aeadee00e0f032e31cf8e2123afcd,2024-09-07,,,,,,,,,,,,,,,,,,,,,,,,,,,,,,,unknown,unknown,0.0,70.0
f6bd8fa019290b1f09a7bf11822dce88355aeadee00e0f032e31cf8e2123afcd,2024-09-08,,,,,,,,,,,,,,,,,,,,,,,,,,,,,,,unknown,unknown,0.0,70.0
f6bd8fa019290b1f09a7bf11822dce88355aeadee00e0f032e31cf8e2123afcd,2024-09-09,,,,,,,,,,,,,,,,,,,,,,,,,,,,,,,unknown,unknown,0.0,70.0
f6bd8fa019290b1f09a7bf11822dce88355aeadee00e0f032e31cf8e2123afcd,2024-09-10,,,,,,,,,,,,,,,,,,,,,,,,,,,,,,,unknown,unknown,0.0,70.0
f6bd8fa019290b1f09a7bf11822dce88355aeadee00e0f032e31cf8e2123afcd,2024-09-11,,,,,,,,,,,,,,,,,,,,,,,,,,,,,,,unknown,unknown,0.0,70.0
f6bd8fa019290b1f09a7bf11822dce88355aeadee00e0f032e31cf8e2123afcd,2024-09-12,,,,,,,,,,,,,,,,,,,,,,,,,,,,,,,unknown,unknown,0.0,70.0
f6bd8fa019290b1f09a7bf11822dce88355aeadee00e0f032e31cf8e2123afcd,2024-09-13,,,,,,,,,,,,92.8,,,,,,,,,,,,,,,,,,,unknown,unknown,0.0,70.0
f6bd8fa019290b1f09a7bf11822dce88355aeadee00e0f032e31cf8e2123afcd,2024-09-14,,,,,,,,,,,,,,,,,,,,,,,,,,,,,,,unknown,unknown,0.0,70.0
f6bd8fa019290b1f09a7bf11822dce88355aeadee00e0f032e31cf8e2123afcd,2024-09-15,,,,,,,,,,,,,,,,,,,,,,,,,,,,,,,unknown,unknown,0.0,70.0
f6bd8fa019290b1f09a7bf11822dce88355aeadee00e0f032e31cf8e2123afcd,2024-09-16,,,,,,,,,,,,,,,,,,,,,,,,,,,,,,,unknown,unknown,0.0,70.0
f6bd8fa019290b1f09a7bf11822dce88355aeadee00e0f032e31cf8e2123afcd,2024-09-17,,,,,,,,,,,,,,,,,,,,,,,,,,,,,,,unknown,unknown,0.0,70.0
f6bd8fa019290b1f09a7bf11822dce88355aeadee00e0f032e31cf8e2123afcd,2024-09-18,,,,,,,,,,,,,,,,,,,,,,,,,,,,,,,unknown,unknown,0.0,70.0
f6bd8fa019290b1f09a7bf11822dce88355aeadee00e0f032e31cf8e2123afcd,2024-09-19,,,,,,,,,,,,,,,,,,,,,,,,,,,,,,,unknown,unknown,0.0,70.0
f6bd8fa019290b1f09a7bf11822dce88355aeadee00e0f032e31cf8e2123afcd,2024-09-20,,,,,,,,,,,,,,,,,,,,,,,,,,,,,,,unknown,unknown,0.0,70.0
f6bd8fa019290b1f09a7bf11822dce88355aeadee00e0f032e31cf8e2123afcd,2024-09-21,,,,,,,,,,,,,,,,,,,,,,,,,,,,,,,unknown,unknown,0.0,70.0
f6bd8fa019290b1f09a7bf11822dce88355aeadee00e0f032e31cf8e2123afcd,2024-09-22,,,,,,,,,,,,,,,,,,,,,,,,,,,,,,,unknown,unknown,0.0,70.0
f6bd8fa019290b1f09a7bf11822dce88355aeadee00e0f032e31cf8e2123afcd,2024-09-23,,,,,,,,,,,,,,,,,,,,,,,,,,,,,,,unknown,unknown,0.0,70.0
fb79f822bed4cd78a171fbd15d1108ca031fde41a38ae67a845158b44b8b2416,2024-09-01,,,,,,,,,,,11.95,94.29166666666667,,,,,,,,,,,,,,,,,,,unknown,unknown,0.0,70.0
fb79f822bed4cd78a171fbd15d1108ca031fde41a38ae67a845158b44b8b2416,2024-09-02,,,,,,,,,,,8.0,93.65,,,,,,,,,,,,,,,,,,,unknown,unknown,0.0,70.0
fb79f822bed4cd78a171fbd15d1108ca031fde41a38ae67a845158b44b8b2416,2024-09-03,,,,,,,,,,,8.35,92.55,,,,,,,,,,,,,,,,,,,unknown,unknown,0.0,70.0
fb79f822bed4cd78a171fbd15d1108ca031fde41a38ae67a845158b44b8b2416,2024-09-04,,,,,,,,,,,5.8,93.6842105263158,8.35,,,,,,,,93.65,-0.3053892215568862,,,,,,,,0.0003653019361002565,unknown,unknown,0.0,50.0
fb79f822bed4cd78a171fbd15d1108ca031fde41a38ae67a845158b44b8b2416,2024-09-05,,,,,,,,,,,7.466666666666667,93.33333333333333,8.175,,,,,,,,93.66710526315791,-0.08664627930682983,,,,,,,,-0.003563384700390237,unknown,unknown,0.0,73.0
fb79f822bed4cd78a171fbd15d1108ca031fde41a38ae67a845158b44b8b2416,2024-09-06,,,,,,,,,,,7.216666666666667,93.69565217391305,8.0,,,,,,,,93.65,-0.09791666666666665,,,,,,,,0.00048747649666888287,unknown,unknown,0.0,73.0
fb79f822bed4cd78a171fbd15d1108ca031fde41a38ae67a845158b44b8b2416,2024-09-07,,,,,,,,,,,8.55,92.83333333333333,7.733333333333333,,,,,,,,93.66710526315791,0.10560344827586216,,,,,,,,-0.008901437996638147,unknown,unknown,0.0,80.0
fb79f822bed4cd78a171fbd15d1108ca031fde41a38ae67a845158b44b8b2416,2024-09-08,,,,,,,,,,,5.716666666666667,93.58333333333333,8.0,,,,,,,,93.65,-0.28541666666666665,,,,,,,,-0.0007118704395801076,unknown,unknown,0.0,60.0
fb79f822bed4cd78a171fbd15d1108ca031fde41a38ae67a845158b44b8b2416,2024-09-09,,,,,,,,,,,7.966666666666667,90.45,7.466666666666667,,,,,,,,93.58333333333333,0.06696428571428571,,,,,,,,-0.03348174532502218,unknown,unknown,0.0,75.0
fb79f822bed4cd78a171fbd15d1108ca031fde41a38ae67a845158b44b8b2416,2024-09-10,,,,,,,,,,,,93.42857142857143,7.466666666666667,,,,,,,,93.33333333333333,,,,,,,,,0.0010204081632653786,unknown,unknown,0.0,70.0
fb79f822bed4cd78a171fbd15d1108ca031fde41a38ae67a845158b44b8b2416,2024-09-11,,,,,,,,,,,7.633333333333334,93.61538461538461,7.341666666666667,,,,,,,,93.42857142857143,0.039727582292849076,,,,,,,,0.001999529522465257,unknown,unknown,0.0,80.0
fb79f822bed4cd78a171fbd15d1108ca031fde41a38ae67a845158b44b8b2416,2024-09-12,,,,,,,,,,,6.616666666666666,93.88888888888889,7.550000000000001,,,,,,,,93.42857142857143,-0.12362030905077276,,,,,,,,0.004926945293917715,unknown,unknown,0.0,73.0
fb79f822bed4cd78a171fbd15d1108ca031fde41a38ae67a845158b44b8b2416,2024-09-13,,,,,,,,,,,7.683333333333334,93.5,7.425000000000001,,,,,,,,93.58333333333333,0.03479236812570139,,,,,,,,-0.0008904719501335202,unknown,unknown,0.0,80.0
fb79f822bed4cd78a171fbd15d1108ca031fde41a38ae67a845158b44b8b2416,2024-09-14,,,,,,,,,,,6.816666666666666,94.0952380952381,7.658333333333333,,,,,,,,93.5,-0.10990206746463549,,,,,,,,0.006366182836771144,unknown,unknown,0.0,73.0
fb79f822bed4cd78a171fbd15d1108ca031fde41a38ae67a845158b44b8b2416,2024-09-15,,,,,,,,,,,7.933333333333334,94.54166666666667,7.225,,,,,,,,93.58333333333333,0.09803921568627459,,,,,,,,0.010240427426536166,unknown,unknown,0.0,80.0
fb79f822bed4cd78a171fbd15d1108ca031fde41a38ae67a845158b44b8b2416,2024-09-16,,,,,,,,,,,6.016666666666667,93.0,7.658333333333333,,,,,,,,93.61538461538461,-0.21436343852013057,,,,,,,,-0.006573541495480667,unknown,unknown,0.0,60.0
fb79f822bed4cd78a171fbd15d1108ca031fde41a38ae67a845158b44b8b2416,2024-09-17,,,,,,,,,,,,94.94736842105263,7.225,,,,,,,,93.61538461538461,,,,,,,,,0.01422825757903387,unknown,unknown,0.0,70.0
fb79f822bed4cd78a171fbd15d1108ca031fde41a38ae67a845158b44b8b2416,2024-09-18,,,,,,,,,,,6.583333333333333,91.9,7.225,,,,,,,,93.88888888888889,-0.08881199538638984,,,,,,,,-0.02118343195266263,unknown,unknown,0.0,68.0
fb79f822bed4cd78a171fbd15d1108ca031fde41a38ae67a845158b44b8b2416,2024-09-19,,,,,,,,,,,6.066666666666666,92.625,6.716666666666667,,,,,,,,93.88888888888889,-0.09677419354838715,,,,,,,,-0.013461538461538428,unknown,unknown,0.0,73.0
fb79f822bed4cd78a171fbd15d1108ca031fde41a38ae67a845158b44b8b2416,2024-09-20,,,,,,,,,,,10.566666666666666,94.81818181818181,6.699999999999999,,,,,,,,93.5,0.5771144278606967,,,,,,,,0.014098201263976609,unknown,unknown,0.0,80.0
fb79f822bed4cd78a171fbd15d1108ca031fde41a38ae67a845158b44b8b2416,2024-09-21,,,,,,,,,,,8.75,94.04761904761905,6.699999999999999,,,,,,,,94.0952380952381,0.3059701492537315,,,,,,,,-0.000506072874493963,unknown,unknown,0.0,80.0
fb79f822bed4cd78a171fbd15d1108ca031fde41a38ae67a845158b44b8b2416,2024-09-22,,,,,,,,,,,6.083333333333333,94.45833333333333,7.258333333333333,,,,,,,,94.04761904761905,-0.1618828932261768,,,,,,,,0.00436708860759485,unknown,unknown,0.0,60.0
fb79f822bed4cd78a171fbd15d1108ca031fde41a38ae67a845158b44b8b2416,2024-09-23,,,,,,,,,,,5.9,94.5,6.333333333333333,,,,,,,,94.04761904761905,-0.06842105263157884,,,,,,,,0.004810126582278445,unknown,unknown,0.0,73.0
fb79f822bed4cd78a171fbd15d1108ca031fde41a38ae67a845158b44b8b2416,2024-09-24,,,,,,,,,,,7.066666666666666,96.625,6.333333333333333,,,,,,,,94.45833333333333,0.11578947368421054,,,,,,,,0.0229378032642259,unknown,unknown,0.0,82.0
fb79f822bed4cd78a171fbd15d1108ca031fde41a38ae67a845158b44b8b2416,2024-09-26,,,,,,,,,,,7.333333333333333,91.8125,6.583333333333333,,,,,,,,94.45833333333333,0.1139240506329114,,,,,,,,-0.028010586678429594,unknown,unknown,0.0,75.0
fb79f822bed4cd78a171fbd15d1108ca031fde41a38ae67a845158b44b8b2416,2024-09-27,,,,,,,,,,,7.866666666666666,92.95652173913044,7.066666666666666,,,,,,,,94.45833333333333,0.1132075471698113,,,,,,,,-0.015899196409735066,unknown,unknown,0.0,80.0
fb79f822bed4cd78a171fbd15d1108ca031fde41a38ae67a845158b44b8b2416,2024-09-28,,,,,,,,,,,7.516666666666667,92.80952380952381,7.333333333333333,,,,,,,,94.45833333333333,0.025000000000000033,,,,,,,,-0.01745541622030368,unknown,unknown,0.0,80.0
fb79f822bed4cd78a171fbd15d1108ca031fde41a38ae67a845158b44b8b2416,2024-09-29,,,,,,,,,,,4.733333333333333,93.75,7.333333333333333,,,,,,,,94.04761904761905,-0.3545454545454545,,,,,,,,-0.0031645569620253524,unknown,unknown,0.0,50.0
fb79f822bed4cd78a171fbd15d1108ca031fde41a38ae67a845158b44b8b2416,2024-09-30,,,,,,,,,,,7.583333333333333,92.875,7.066666666666666,,,,,,,,93.75,0.07311320754716981,,,,,,,,-0.009333333333333334,unknown,unknown,0.0,80.0
fb79f822bed4cd78a171fbd15d1108ca031fde41a38ae67a845158b44b8b2416,2024-10-01,,,,,,,,,,,7.166666666666667,94.9090909090909,7.333333333333333,,,,,,,,92.95652173913044,-0.022727272727272648,,,,,,,,0.021005187515945177,unknown,unknown,0.0,80.0
fb79f822bed4cd78a171fbd15d1108ca031fde41a38ae67a845158b44b8b2416,2024-10-02,,,,,,,,,,,4.833333333333333,93.77272727272727,7.333333333333333,,,,,,,,92.95652173913044,-0.34090909090909094,,,,,,,,0.008780508546645027,unknown,unknown,0.0,50.0
fb79f822bed4cd78a171fbd15d1108ca031fde41a38ae67a845158b44b8b2416,2024-10-03,,,,,,,,,,,6.9,92.33333333333333,7.333333333333333,,,,,,,,92.95652173913044,-0.059090909090909007,,,,,,,,-0.0067040848144684275,unknown,unknown,0.0,73.0
fb79f822bed4cd78a171fbd15d1108ca031fde41a38ae67a845158b44b8b2416,2024-10-04,,,,,,,,,,,5.5,93.5,7.166666666666667,,,,,,,,92.95652173913044,-0.23255813953488375,,,,,,,,0.005846585594013069,unknown,unknown,0.0,60.0
fb79f822bed4cd78a171fbd15d1108ca031fde41a38ae67a845158b44b8b2416,2024-10-05,,,,,,,,,,,8.733333333333333,93.16666666666667,6.9,,,,,,,,93.5,0.26570048309178723,,,,,,,,-0.00356506238859175,unknown,unknown,0.0,80.0
fb79f822bed4cd78a171fbd15d1108ca031fde41a38ae67a845158b44b8b2416,2024-10-06,,,,,,,,,,,5.85,92.375,6.9,,,,,,,,93.5,-0.15217391304347835,,,,,,,,-0.012032085561497326,unknown,unknown,0.0,60.0
fb79f822bed4cd78a171fbd15d1108ca031fde41a38ae67a845158b44b8b2416,2024-10-07,,,,,,,,,,,7.133333333333334,94.14285714285714,6.9,,,,,,,,93.16666666666667,0.03381642512077295,,,,,,,,0.010477894198824337,unknown,unknown,0.0,80.0
fb79f822bed4cd78a171fbd15d1108ca031fde41a38ae67a845158b44b8b2416,2024-10-08,,,,,,,,,,,6.633333333333334,94.84210526315789,6.9,,,,,,,,93.5,-0.03864734299516907,,,,,,,,0.014354066985645885,unknown,unknown,0.0,80.0
fb79f822bed4cd78a171fbd15d1108ca031fde41a38ae67a845158b44b8b2416,2024-10-09,,,,,,,,,,,6.7,94.3529411764706,6.633333333333334,,,,,,,,93.5,0.01005025125628137,,,,,,,,0.009122365523749669,unknown,unknown,0.0,80.0
fb79f822bed4cd78a171fbd15d1108ca031fde41a38ae67a845158b44b8b2416,2024-10-10,,,,,,,,,,,7.033333333333333,92.95652173913044,6.7,,,,,,,,93.5,0.04975124378109448,,,,,,,,-0.005812601720530083,unknown,unknown,0.0,80.0
fb79f822bed4cd78a171fbd15d1108ca031fde41a38ae67a845158b44b8b2416,2024-10-11,,,,,,,,,,,7.416666666666667,93.625,6.7,,,,,,,,93.5,0.10696517412935325,,,,,,,,0.001336898395721925,unknown,unknown,0.0,80.0
fb79f822bed4cd78a171fbd15d1108ca031fde41a38ae67a845158b44b8b2416,2024-10-12,,,,,,,,,,,,90.5,7.033333333333333,,,,,,,,93.625,,,,,,,,,-0.03337783711615487,unknown,unknown,0.0,65.0
fb79f822bed4cd78a171fbd15d1108ca031fde41a38ae67a845158b44b8b2416,2024-10-13,,,,,,,,,,,6.4,92.63157894736842,6.866666666666667,,,,,,,,93.625,-0.0679611650485437,,,,,,,,-0.010610638746398667,unknown,unknown,0.0,73.0
fb79f822bed4cd78a171fbd15d1108ca031fde41a38ae67a845158b44b8b2416,2024-10-14,,,,,,,,,,,7.716666666666667,93.18181818181819,6.866666666666667,,,,,,,,93.625,0.12378640776699024,,,,,,,,-0.004733584172836454,unknown,unknown,0.0,80.0
fb79f822bed4cd78a171fbd15d1108ca031fde41a38ae67a845158b44b8b2416,2024-10-15,,,,,,,,,,,7.383333333333334,92.63636363636364,6.866666666666667,,,,,,,,93.18181818181819,0.07524271844660192,,,,,,,,-0.00585365853658538,unknown,unknown,0.0,80.0
fb79f822bed4cd78a171fbd15d1108ca031fde41a38ae67a845158b44b8b2416,2024-10-16,,,,,,,,,,,6.733333333333333,94.5,7.208333333333334,,,,,,,,92.95652173913044,-0.0658959537572255,,,,,,,,0.016604303086997167,unknown,unknown,0.0,73.0
fb79f822bed4cd78a171fbd15d1108ca031fde41a38ae67a845158b44b8b2416,2024-10-17,,,,,,,,,,,6.566666666666666,95.1,7.208333333333334,,,,,,,,92.95652173913044,-0.08901734104046254,,,,,,,,0.023058933582787565,unknown,unknown,0.0,75.0
fb79f822bed4cd78a171fbd15d1108ca031fde41a38ae67a845158b44b8b2416,2024-10-18,,,,,,,,,,,9.0,95.35,7.058333333333334,,,,,,,,93.18181818181819,0.2750885478158205,,,,,,,,0.02326829268292671,unknown,unknown,0.0,82.0
fb79f822bed4cd78a171fbd15d1108ca031fde41a38ae67a845158b44b8b2416,2024-10-19,,,,,,,,,,,10.133333333333333,94.625,7.058333333333334,,,,,,,,93.18181818181819,0.4356552538370719,,,,,,,,0.015487804878048725,unknown,unknown,0.0,80.0
fb79f822bed4cd78a171fbd15d1108ca031fde41a38ae67a845158b44b8b2416,2024-10-20,,,,,,,,,,,7.616666666666666,95.25,7.383333333333334,,,,,,,,94.5,0.03160270880361162,,,,,,,,0.007936507936507936,unknown,unknown,0.0,82.0
fb79f822bed4cd78a171fbd15d1108ca031fde41a38ae67a845158b44b8b2416,2024-10-21,,,,,,,,,,,6.433333333333334,94.72222222222223,7.616666666666666,,,,,,,,94.625,-0.1553610503282275,,,,,,,,0.0010274475267870915,unknown,unknown,0.0,60.0
fb79f822bed4cd78a171fbd15d1108ca031fde41a38ae67a845158b44b8b2416,2024-10-22,,,,,,,,,,,6.633333333333334,93.47368421052632,7.383333333333334,,,,,,,,94.72222222222223,-0.10158013544018057,,,,,,,,-0.013181046457786769,unknown,unknown,0.0,73.0
fb79f822bed4cd78a171fbd15d1108ca031fde41a38ae67a845158b44b8b2416,2024-10-23,,,,,,,,,,,7.783333333333333,95.61111111111111,6.733333333333333,,,,,,,,94.72222222222223,0.1559405940594059,,,,,,,,0.009384164222873866,unknown,unknown,0.0,82.0
fb79f822bed4cd78a171fbd15d1108ca031fde41a38ae67a845158b44b8b2416,2024-10-24,,,,,,,,,,,9.4,94.77272727272727,7.616666666666666,,,,,,,,95.1,0.23413566739606137,,,,,,,,-0.003441353599082314,unknown,unknown,0.0,80.0
fb79f822bed4cd78a171fbd15d1108ca031fde41a38ae67a845158b44b8b2416,2024-10-25,,,,,,,,,,,7.1,95.16666666666667,7.783333333333333,,,,,,,,94.77272727272727,-0.08779443254817991,,,,,,,,0.004156674660271901,unknown,unknown,0.0,75.0
fb79f822bed4cd78a171fbd15d1108ca031fde41a38ae67a845158b44b8b2416,2024-10-26,,,,,,,,,,,,93.08333333333333,7.616666666666666,,,,,,,,94.77272727272727,,,,,,,,,-0.017825739408473203,unknown,unknown,0.0,70.0
fb79f822bed4cd78a171fbd15d1108ca031fde41a38ae67a845158b44b8b2416,2024-10-27,,,,,,,,,,,7.85,93.33333333333333,7.3583333333333325,,,,,,,,94.77272727272727,0.06681766704416768,,,,,,,,-0.015187849720223804,unknown,unknown,0.0,80.0
fb79f822bed4cd78a171fbd15d1108ca031fde41a38ae67a845158b44b8b2416,2024-10-28,,,,,,,,,,,6.783333333333333,94.16666666666667,7.441666666666666,,,,,,,,94.72222222222223,-0.08846584546472563,,,,,,,,-0.005865102639296204,unknown,unknown,0.0,73.0
fb79f822bed4cd78a171fbd15d1108ca031fde41a38ae67a845158b44b8b2416,2024-10-29,,,,,,,,,,,7.583333333333333,94.47058823529412,7.441666666666666,,,,,,,,94.16666666666667,0.019036954087346018,,,,,,,,0.0032274856845392343,unknown,unknown,0.0,80.0
fb79f822bed4cd78a171fbd15d1108ca031fde41a38ae67a845158b44b8b2416,2024-10-30,,,,,,,,,,,6.933333333333334,93.66666666666667,7.683333333333334,,,,,,,,94.47058823529412,-0.09761388286334056,,,,,,,,-0.008509755085097484,unknown,unknown,0.0,73.0
fb79f822bed4cd78a171fbd15d1108ca031fde41a38ae67a845158b44b8b2416,2024-10-31,,,,,,,,,,,7.466666666666667,91.47058823529412,7.341666666666667,,,,,,,,94.16666666666667,0.0170261066969353,,,,,,,,-0.02863092139510678,unknown,unknown,0.0,75.0
fb79f822bed4cd78a171fbd15d1108ca031fde41a38ae67a845158b44b8b2416,2024-11-01,,,,,,,,,,,9.633333333333333,92.70833333333333,7.283333333333333,,,,,,,,93.66666666666667,0.3226544622425629,,,,,,,,-0.010231316725978748,unknown,unknown,0.0,80.0
fb79f822bed4cd78a171fbd15d1108ca031fde41a38ae67a845158b44b8b2416,2024-11-02,,,,,,,,,,,7.616666666666666,94.53846153846153,7.525,,,,,,,,93.33333333333333,0.01218161683277952,,,,,,,,0.012912087912087904,unknown,unknown,0.0,80.0
fb79f822bed4cd78a171fbd15d1108ca031fde41a38ae67a845158b44b8b2416,2024-11-03,,,,,,,,,,,8.083333333333334,93.53333333333333,7.583333333333333,,,,,,,,93.66666666666667,0.06593406593406606,,,,,,,,-0.0014234875444840566,unknown,unknown,0.0,80.0
fb79f822bed4cd78a171fbd15d1108ca031fde41a38ae67a845158b44b8b2416,2024-11-04,,,,,,,,,,,7.083333333333333,95.05555555555556,7.583333333333333,,,,,,,,93.66666666666667,-0.06593406593406594,,,,,,,,0.014827995255041485,unknown,unknown,0.0,75.0
fb79f822bed4cd78a171fbd15d1108ca031fde41a38ae67a845158b44b8b2416,2024-11-05,,,,,,,,,,,7.733333333333333,94.26086956521739,7.583333333333333,,,,,,,,93.66666666666667,0.019780219780219828,,,,,,,,0.006343803187374227,unknown,unknown,0.0,80.0
fb79f822bed4cd78a171fbd15d1108ca031fde41a38ae67a845158b44b8b2416,2024-11-06,,,,,,,,,,,7.816666666666666,93.625,7.616666666666666,,,,,,,,93.66666666666667,0.026258205689277923,,,,,,,,-0.0004448398576512961,unknown,unknown,0.0,80.0
fb79f822bed4cd78a171fbd15d1108ca031fde41a38ae67a845158b44b8b2416,2024-11-07,,,,,,,,,,,5.133333333333334,93.52631578947368,7.733333333333333,,,,,,,,93.625,-0.3362068965517241,,,,,,,,-0.0010540369615627775,unknown,unknown,0.0,50.0
fb79f822bed4cd78a171fbd15d1108ca031fde41a38ae67a845158b44b8b2416,2024-11-08,,,,,,,,,,,8.733333333333333,93.73913043478261,7.733333333333333,,,,,,,,93.625,0.1293103448275861,,,,,,,,0.0012190166598943584,unknown,unknown,0.0,80.0
fb79f822bed4cd78a171fbd15d1108ca031fde41a38ae67a845158b44b8b2416,2024-11-09,,,,,,,,,,,8.016666666666667,93.70833333333333,7.733333333333333,,,,,,,,93.73913043478261,0.03663793103448286,,,,,,,,-0.0003285405071119928,unknown,unknown,0.0,80.0
fb79f822bed4cd78a171fbd15d1108ca031fde41a38ae67a845158b44b8b2416,2024-11-10,,,,,,,,,,,6.433333333333334,93.84615384615384,7.816666666666666,,,,,,,,93.70833333333333,-0.17697228144989333,,,,,,,,0.0014707391319218604,unknown,unknown,0.0,60.0
fb79f822bed4cd78a171fbd15d1108ca031fde41a38ae67a845158b44b8b2416,2024-11-11,,,,,,,,,,,6.8,92.08333333333333,7.733333333333333,,,,,,,,93.73913043478261,-0.12068965517241383,,,,,,,,-0.017663883735312365,unknown,unknown,0.0,73.0
fb79f822bed4cd78a171fbd15d1108ca031fde41a38ae67a845158b44b8b2416,2024-11-12,,,,,,,,,,,6.483333333333333,93.23529411764706,7.733333333333333,,,,,,,,93.70833333333333,-0.16163793103448276,,,,,,,,-0.005047995187403511,unknown,unknown,0.0,60.0
fb79f822bed4cd78a171fbd15d1108ca031fde41a38ae67a845158b44b8b2416,2024-11-13,,,,,,,,,,,7.733333333333333,92.94736842105263,6.8,,,,,,,,93.625,0.13725490196078435,,,,,,,,-0.007237720469397809,unknown,unknown,0.0,80.0
fb79f822bed4cd78a171fbd15d1108ca031fde41a38ae67a845158b44b8b2416,2024-11-14,,,,,,,,,,,9.716666666666667,95.21739130434783,6.8,,,,,,,,93.52631578947368,0.428921568627451,,,,,,,,0.01808128012527221,unknown,unknown,0.0,82.0
fb79f822bed4cd78a171fbd15d1108ca031fde41a38ae67a845158b44b8b2416,2024-11-15,,,,,,,,,,,10.25,95.33333333333333,7.733333333333333,,,,,,,,93.70833333333333,0.3254310344827586,,,,,,,,0.017341040462427747,unknown,unknown,0.0,82.0
fb79f822bed4cd78a171fbd15d1108ca031fde41a38ae67a845158b44b8b2416,2024-11-16,,,,,,,,,,,11.316666666666666,95.20833333333333,7.733333333333333,,,,,,,,93.70833333333333,0.4633620689655172,,,,,,,,0.01600711427301023,unknown,unknown,0.0,82.0
fb79f822bed4cd78a171fbd15d1108ca031fde41a38ae67a845158b44b8b2416,2024-11-17,,,,,,,,,,,6.65,92.73333333333333,7.733333333333333,,,,,,,,93.84615384615384,-0.14008620689655168,,,,,,,,-0.011857923497267681,unknown,unknown,0.0,73.0
fb79f822bed4cd78a171fbd15d1108ca031fde41a38ae67a845158b44b8b2416,2024-11-18,,,,,,,,,,,,94.46666666666667,7.733333333333333,,,,,,,,93.23529411764706,,,,,,,,,0.013207150368033679,unknown,unknown,0.0,70.0
fb79f822bed4cd78a171fbd15d1108ca031fde41a38ae67a845158b44b8b2416,2024-11-19,,,,,,,,,,,11.65,94.84210526315789,8.725,,,,,,,,94.46666666666667,0.3352435530085961,,,,,,,,0.003974297069420131,unknown,unknown,0.0,80.0
fb79f822bed4cd78a171fbd15d1108ca031fde41a38ae67a845158b44b8b2416,2024-11-20,,,,,,,,,,,7.266666666666667,93.21739130434783,9.983333333333334,,,,,,,,94.84210526315789,-0.2721202003338899,,,,,,,,-0.017130724315977352,unknown,unknown,0.0,60.0
fb79f822bed4cd78a171fbd15d1108ca031fde41a38ae67a845158b44b8b2416,2024-11-21,,,,,,,,,,,6.866666666666666,95.16666666666667,9.983333333333334,,,,,,,,94.84210526315789,-0.312186978297162,,,,,,,,0.0034221235664077926,unknown,unknown,0.0,52.0
fb79f822bed4cd78a171fbd15d1108ca031fde41a38ae67a845158b44b8b2416,2024-11-22,,,,,,,,,,,9.35,94.5909090909091,8.758333333333333,,,,,,,,94.84210526315789,0.06755470980019031,,,,,,,,-0.0026485722934112867,unknown,unknown,0.0,80.0
fb79f822bed4cd78a171fbd15d1108ca031fde41a38ae67a845158b44b8b2416,2024-11-23,,,,,,,,,,,8.083333333333334,94.43478260869566,8.308333333333334,,,,,,,,94.5909090909091,-0.027081243731193538,,,,,,,,-0.001650544261747058,unknown,unknown,0.0,80.0
fb79f822bed4cd78a171fbd15d1108ca031fde41a38ae67a845158b44b8b2416,2024-11-24,,,,,,,,,,,8.2,93.82352941176471,7.675000000000001,,,,,,,,94.46666666666667,0.06840390879478808,,,,,,,,-0.006808086678566957,unknown,unknown,0.0,80.0
fb79f822bed4cd78a171fbd15d1108ca031fde41a38ae67a845158b44b8b2416,2024-11-25,,,,,,,,,,,7.05,94.45,8.141666666666666,,,,,,,,94.46666666666667,-0.1340839303991811,,,,,,,,-0.0001764290755116343,unknown,unknown,0.0,73.0
fb79f822bed4cd78a171fbd15d1108ca031fde41a38ae67a845158b44b8b2416,2024-11-26,,,,,,,,,,,7.083333333333333,94.25,8.083333333333334,,,,,,,,94.45,-0.12371134020618567,,,,,,,,-0.0021175224986765785,unknown,unknown,0.0,73.0
fb79f822bed4cd78a171fbd15d1108ca031fde41a38ae67a845158b44b8b2416,2024-11-27,,,,,,,,,,,8.266666666666667,95.04545454545455,7.266666666666667,,,,,,,,94.43478260869566,0.1376146788990827,,,,,,,,0.006466599698643872,unknown,unknown,0.0,82.0
fb79f822bed4cd78a171fbd15d1108ca031fde41a38ae67a845158b44b8b2416,2024-11-28,,,,,,,,,,,8.55,93.31818181818181,8.083333333333334,,,,,,,,94.45,0.05773195876288661,,,,,,,,-0.011983252322056007,unknown,unknown,0.0,80.0
fb79f822bed4cd78a171fbd15d1108ca031fde41a38ae67a845158b44b8b2416,2024-11-29,,,,,,,,,,,7.7,92.5,8.2,,,,,,,,94.43478260869566,-0.060975609756097456,,,,,,,,-0.020488029465930056,unknown,unknown,0.0,73.0
fb79f822bed4cd78a171fbd15d1108ca031fde41a38ae67a845158b44b8b2416,2024-11-30,,,,,,,,,,,7.733333333333333,93.86363636363636,8.083333333333334,,,,,,,,94.25,-0.04329896907216501,,,,,,,,-0.004099348926935175,unknown,unknown,0.0,80.0
fb79f822bed4cd78a171fbd15d1108ca031fde41a38ae67a845158b44b8b2416,2024-12-01,,,,,,,,,,,8.183333333333334,94.5,7.733333333333333,,,,,,,,93.86363636363636,0.05818965517241381,,,,,,,,0.006779661016949194,unknown,unknown,0.0,80.0
fb79f822bed4cd78a171fbd15d1108ca031fde41a38ae67a845158b44b8b2416,2024-12-02,,,,,,,,,,,7.233333333333333,93.8,7.733333333333333,,,,,,,,94.25,-0.06465517241379311,,,,,,,,-0.004774535809018598,unknown,unknown,0.0,73.0
fb79f822bed4cd78a171fbd15d1108ca031fde41a38ae67a845158b44b8b2416,2024-12-03,,,,,,,,,,,6.516666666666667,95.35714285714286,7.733333333333333,,,,,,,,93.86363636363636,-0.15732758620689657,,,,,,,,0.015911449325492995,unknown,unknown,0.0,62.0
fb79f822bed4cd78a171fbd15d1108ca031fde41a38ae67a845158b44b8b2416,2024-12-04,,,,,,,,,,,,92.0,7.733333333333333,,,,,,,,93.86363636363636,,,,,,,,,-0.019854721549636762,unknown,unknown,0.0,70.0
fb79f822bed4cd78a171fbd15d1108ca031fde41a38ae67a845158b44b8b2416,2024-12-05,,,,,,,,,,,,94.77777777777777,7.716666666666667,,,,,,,,93.8,,,,,,,,,0.010424070125562627,unknown,unknown,0.0,70.0
fb79f822bed4cd78a171fbd15d1108ca031fde41a38ae67a845158b44b8b2416,2024-12-06,,,,,,,,,,,,93.66666666666667,7.7,,,,,,,,93.86363636363636,,,,,,,,,-0.002098466505246075,unknown,unknown,0.0,70.0
fb79f822bed4cd78a171fbd15d1108ca031fde41a38ae67a845158b44b8b2416,2024-12-07,,,,,,,,,,,,93.45454545454545,7.483333333333333,,,,,,,,93.86363636363636,,,,,,,,,-0.004358353510895857,unknown,unknown,0.0,70.0
fb79f822bed4cd78a171fbd15d1108ca031fde41a38ae67a845158b44b8b2416,2024-12-08,,,,,,,,,,,,93.82608695652173,7.233333333333333,,,,,,,,93.8,,,,,,,,,0.0002781125428756679,unknown,unknown,0.0,70.0
fb79f822bed4cd78a171fbd15d1108ca031fde41a38ae67a845158b44b8b2416,2024-12-09,,,,,,,,,,,,94.6470588235294,,,,,,,,,93.8,,,,,,,,,0.009030477862786873,unknown,unknown,0.0,70.0
fb79f822bed4cd78a171fbd15d1108ca031fde41a38ae67a845158b44b8b2416,2024-12-10,,,,,,,,,,,6.966666666666667,94.35,,,,,,,,,93.82608695652173,,,,,,,,,0.005583873957367919,unknown,unknown,0.0,70.0
fb79f822bed4cd78a171fbd15d1108ca031fde41a38ae67a845158b44b8b2416,2024-12-11,,,,,,,,,,,8.15,93.91666666666667,,,,,,,,,93.82608695652173,,,,,,,,,0.0009654000617857006,unknown,unknown,0.0,70.0
fb79f822bed4cd78a171fbd15d1108ca031fde41a38ae67a845158b44b8b2416,2024-12-12,,,,,,,,,,,6.266666666666667,95.0952380952381,,,,,,,,,93.91666666666667,,,,,,,,,0.012549119026492606,unknown,unknown,0.0,72.0
fb79f822bed4cd78a171fbd15d1108ca031fde41a38ae67a845158b44b8b2416,2024-12-13,,,,,,,,,,,9.283333333333333,93.43478260869566,6.966666666666667,,,,,,,,93.91666666666667,0.3325358851674641,,,,,,,,-0.005130974885228204,unknown,unknown,0.0,80.0
fb79f822bed4cd78a171fbd15d1108ca031fde41a38ae67a845158b44b8b2416,2024-12-14,,,,,,,,,,,,94.13636363636364,7.558333333333334,,,,,,,,93.91666666666667,,,,,,,,,0.002339275631201088,unknown,unknown,0.0,70.0
fb79f822bed4cd78a171fbd15d1108ca031fde41a38ae67a845158b44b8b2416,2024-12-15,,,,,,,,,,,14.666666666666666,94.75,7.558333333333334,,,,,,,,94.13636363636364,0.940463065049614,,,,,,,,0.006518590053114396,unknown,unknown,0.0,80.0
fb79f822bed4cd78a171fbd15d1108ca031fde41a38ae67a845158b44b8b2416,2024-12-16,,,,,,,,,,,7.5,95.21428571428571,8.15,,,,,,,,94.35,-0.0797546012269939,,,,,,,,0.009160420925126804,unknown,unknown,0.0,75.0
fb79f822bed4cd78a171fbd15d1108ca031fde41a38ae67a845158b44b8b2416,2024-12-17,,,,,,,,,,,6.566666666666666,95.71428571428571,7.825,,,,,,,,94.35,-0.16080937167199152,,,,,,,,0.014459837989249751,unknown,unknown,0.0,62.0
fb79f822bed4cd78a171fbd15d1108ca031fde41a38ae67a845158b44b8b2416,2024-12-18,,,,,,,,,,,8.033333333333333,96.125,7.825,,,,,,,,94.75,0.026624068157614447,,,,,,,,0.014511873350923483,unknown,unknown,0.0,82.0
fb79f822bed4cd78a171fbd15d1108ca031fde41a38ae67a845158b44b8b2416,2024-12-19,,,,,,,,,,,8.5,94.04545454545455,7.766666666666667,,,,,,,,95.0952380952381,0.0944206008583691,,,,,,,,-0.011039286202030376,unknown,unknown,0.0,80.0
fb79f822bed4cd78a171fbd15d1108ca031fde41a38ae67a845158b44b8b2416,2024-12-20,,,,,,,,,,,8.633333333333333,94.7,8.266666666666666,,,,,,,,94.75,0.044354838709677484,,,,,,,,-0.0005277044854880967,unknown,unknown,0.0,80.0
fb79f822bed4cd78a171fbd15d1108ca031fde41a38ae67a845158b44b8b2416,2024-12-21,,,,,,,,,,,8.933333333333334,92.17647058823529,8.266666666666666,,,,,,,,94.75,0.08064516129032273,,,,,,,,-0.027161260282477152,unknown,unknown,0.0,80.0
fb79f822bed4cd78a171fbd15d1108ca031fde41a38ae67a845158b44b8b2416,2024-12-22,,,,,,,,,,,5.3,96.46153846153847,8.5,,,,,,,,94.75,-0.3764705882352941,,,,,,,,0.018063730464785932,unknown,unknown,0.0,52.0
fb79f822bed4cd78a171fbd15d1108ca031fde41a38ae67a845158b44b8b2416,2024-12-23,,,,,,,,,,,5.5,94.82608695652173,8.033333333333333,,,,,,,,95.21428571428571,-0.3153526970954357,,,,,,,,-0.004077106233079991,unknown,unknown,0.0,50.0
fb79f822bed4cd78a171fbd15d1108ca031fde41a38ae67a845158b44b8b2416,2024-12-24,,,,,,,,,,,9.2,93.15384615384616,8.033333333333333,,,,,,,,94.82608695652173,0.14522821576763478,,,,,,,,-0.0176348181850244,unknown,unknown,0.0,80.0
fb79f822bed4cd78a171fbd15d1108ca031fde41a38ae67a845158b44b8b2416,2024-12-25,,,,,,,,,,,8.733333333333333,92.125,8.5,,,,,,,,94.7,0.027450980392156765,,,,,,,,-0.027191129883843746,unknown,unknown,0.0,80.0
fb79f822bed4cd78a171fbd15d1108ca031fde41a38ae67a845158b44b8b2416,2024-12-26,,,,,,,,,,,8.05,93.2,8.633333333333333,,,,,,,,94.04545454545455,-0.06756756756756743,,,,,,,,-0.008989850169163831,unknown,unknown,0.0,73.0
fb79f822bed4cd78a171fbd15d1108ca031fde41a38ae67a845158b44b8b2416,2024-12-27,,,,,,,,,,,,94.25,8.633333333333333,,,,,,,,93.2,,,,,,,,,0.011266094420600828,unknown,unknown,0.0,70.0
fb79f822bed4cd78a171fbd15d1108ca031fde41a38ae67a845158b44b8b2416,2024-12-28,,,,,,,,,,,14.883333333333333,92.0909090909091,8.391666666666666,,,,,,,,93.2,0.7735849056603775,,,,,,,,-0.011900117050331645,unknown,unknown,0.0,80.0
fb79f822bed4cd78a171fbd15d1108ca031fde41a38ae67a845158b44b8b2416,2024-12-29,,,,,,,,,,,7.566666666666666,95.05882352941177,8.391666666666666,,,,,,,,93.2,-0.0983118172790466,,,,,,,,0.019944458470083318,unknown,unknown,0.0,75.0
fb79f822bed4cd78a171fbd15d1108ca031fde41a38ae67a845158b44b8b2416,2024-12-30,,,,,,,,,,,,94.92307692307692,8.391666666666666,,,,,,,,93.2,,,,,,,,,0.018487949818421855,unknown,unknown,0.0,70.0
fb79f822bed4cd78a171fbd15d1108ca031fde41a38ae67a845158b44b8b2416,2024-12-31,,,,,,,,,,,,94.18181818181819,8.733333333333333,,,,,,,,93.2,,,,,,,,,0.010534529847834593,unknown,unknown,0.0,70.0
fb79f822bed4cd78a171fbd15d1108ca031fde41a38ae67a845158b44b8b2416,2025-01-01,,,,,,,,,,,14.733333333333333,91.57894736842105,8.391666666666666,,,,,,,,94.18181818181819,0.7557100297914598,,,,,,,,-0.027636659215606613,unknown,unknown,0.0,75.0
fb79f822bed4cd78a171fbd15d1108ca031fde41a38ae67a845158b44b8b2416,2025-01-02,,,,,,,,,,,6.816666666666666,94.15,11.391666666666666,,,,,,,,94.18181818181819,-0.401609363569861,,,,,,,,-0.00033783783783783233,unknown,unknown,0.0,50.0
fb79f822bed4cd78a171fbd15d1108ca031fde41a38ae67a845158b44b8b2416,2025-01-03,,,,,,,,,,,9.95,94.17391304347827,11.149999999999999,,,,,,,,94.18181818181819,-0.10762331838565017,,,,,,,,-8.393486654357114e-05,unknown,unknown,0.0,73.0
fb79f822bed4cd78a171fbd15d1108ca031fde41a38ae67a845158b44b8b2416,2025-01-04,,,,,,,,,,,,94.44444444444444,9.95,,,,,,,,94.17391304347827,,,,,,,,,0.0028726787729557186,unknown,unknown,0.0,70.0
fb79f822bed4cd78a171fbd15d1108ca031fde41a38ae67a845158b44b8b2416,2025-01-05,,,,,,,,,,,17.6,94.31818181818181,8.758333333333333,,,,,,,,94.18181818181819,1.009514747859182,,,,,,,,0.001447876447876338,unknown,unknown,0.0,80.0
fb79f822bed4cd78a171fbd15d1108ca031fde41a38ae67a845158b44b8b2416,2025-01-06,,,,,,,,,,,7.0425,92.76190476190476,12.341666666666665,,,,,,,,94.18181818181819,-0.42937204591492223,,,,,,,,-0.015076300790586588,unknown,unknown,0.0,50.0
fb79f822bed4cd78a171fbd15d1108ca031fde41a38ae67a845158b44b8b2416,2025-01-07,,,,,,,,,,,8.133333333333333,94.22222222222223,9.95,,,,,,,,94.17391304347827,-0.18257956448911222,,,,,,,,0.0005129783523135535,unknown,unknown,0.0,60.0
fb79f822bed4cd78a171fbd15d1108ca031fde41a38ae67a845158b44b8b2416,2025-01-08,,,,,,,,,,,5.5,91.16666666666667,9.041666666666666,,,,,,,,94.17391304347827,-0.39170506912442393,,,,,,,,-0.03193290243151738,unknown,unknown,0.0,45.0
fb79f822bed4cd78a171fbd15d1108ca031fde41a38ae67a845158b44b8b2416,2025-01-09,,,,,,,,,,,8.483333333333333,92.76470588235294,7.587916666666667,,,,,,,,94.17391304347827,0.11800560101037824,,,,,,,,-0.014963880288957725,unknown,unknown,0.0,80.0
fb79f822bed4cd78a171fbd15d1108ca031fde41a38ae67a845158b44b8b2416,2025-01-10,,,,,,,,,,,,92.875,8.308333333333334,,,,,,,,94.17391304347827,,,,,,,,,-0.013792705447830147,unknown,unknown,0.0,70.0
fb79f822bed4cd78a171fbd15d1108ca031fde41a38ae67a845158b44b8b2416,2025-01-11,,,,,,,,,,,8.833333333333334,92.1,8.133333333333333,,,,,,,,92.875,0.08606557377049194,,,,,,,,-0.008344549125168297,unknown,unknown,0.0,80.0
fb79f822bed4cd78a171fbd15d1108ca031fde41a38ae67a845158b44b8b2416,2025-01-12,,,,,,,,,,,9.816666666666666,92.70833333333333,8.308333333333334,,,,,,,,92.76470588235294,0.18154463390170505,,,,,,,,-0.0006076939336293139,unknown,unknown,0.0,80.0
fb79f822bed4cd78a171fbd15d1108ca031fde41a38ae67a845158b44b8b2416,2025-01-13,,,,,,,,,,,8.1,93.58333333333333,8.308333333333334,,,,,,,,92.76190476190476,-0.025075225677031163,,,,,,,,0.008855236139630369,unknown,unknown,0.0,80.0
fb79f822bed4cd78a171fbd15d1108ca031fde41a38ae67a845158b44b8b2416,2025-01-14,,,,,,,,,,,5.733333333333333,95.77777777777777,8.308333333333334,,,,,,,,92.76470588235294,-0.30992978936810434,,,,,,,,0.032480800394560624,unknown,unknown,0.0,52.0
fb79f822bed4cd78a171fbd15d1108ca031fde41a38ae67a845158b44b8b2416,2025-01-15,,,,,,,,,,,8.55,94.375,8.291666666666666,,,,,,,,92.76470588235294,0.031155778894472522,,,,,,,,0.017358909321496502,unknown,unknown,0.0,80.0
fb79f822bed4cd78a171fbd15d1108ca031fde41a38ae67a845158b44b8b2416,2025-01-16,,,,,,,,,,,7.016666666666667,94.9375,8.516666666666666,,,,,,,,92.875,-0.1761252446183952,,,,,,,,0.02220726783310902,unknown,unknown,0.0,60.0
fb79f822bed4cd78a171fbd15d1108ca031fde41a38ae67a845158b44b8b2416,2025-01-17,,,,,,,,,,,,93.13333333333334,8.325,,,,,,,,93.58333333333333,,,,,,,,,-0.004808548530721161,unknown,unknown,0.0,70.0
fb79f822bed4cd78a171fbd15d1108ca031fde41a38ae67a845158b44b8b2416,2025-01-18,,,,,,,,,,,,93.63636363636364,8.325,,,,,,,,93.58333333333333,,,,,,,,,0.0005666639682669098,unknown,unknown,0.0,70.0
fb79f822bed4cd78a171fbd15d1108ca031fde41a38ae67a845158b44b8b2416,2025-01-19,,,,,,,,,,,,95.26315789473684,8.1,,,,,,,,93.63636363636364,,,,,,,,,0.01737353091466519,unknown,unknown,0.0,72.0
fb79f822bed4cd78a171fbd15d1108ca031fde41a38ae67a845158b44b8b2416,2025-01-20,,,,,,,,,,,,93.0,7.558333333333334,,,,,,,,94.375,,,,,,,,,-0.01456953642384106,unknown,unknown,0.0,70.0
fb79f822bed4cd78a171fbd15d1108ca031fde41a38ae67a845158b44b8b2416,2025-01-21,,,,,,,,,,,,94.04347826086956,7.016666666666667,,,,,,,,94.375,,,,,,,,,-0.003512813129858938,unknown,unknown,0.0,70.0
fb79f822bed4cd78a171fbd15d1108ca031fde41a38ae67a845158b44b8b2416,2025-01-22,,,,,,,,,,,,93.61111111111111,,,,,,,,,94.04347826086956,,,,,,,,,-0.004597524014999683,unknown,unknown,0.0,70.0
fb79f822bed4cd78a171fbd15d1108ca031fde41a38ae67a845158b44b8b2416,2025-01-23,,,,,,,,,,,,92.85,,,,,,,,,93.63636363636364,,,,,,,,,-0.008398058252427286,unknown,unknown,0.0,70.0
fb79f822bed4cd78a171fbd15d1108ca031fde41a38ae67a845158b44b8b2416,2025-01-24,,,,,,,,,,,,95.70588235294117,,,,,,,,,93.61111111111111,,,,,,,,,0.022377378251003603,unknown,unknown,0.0,72.0
fb79f822bed4cd78a171fbd15d1108ca031fde41a38ae67a845158b44b8b2416,2025-01-25,,,,,,,,,,,,94.91666666666667,,,,,,,,,93.63636363636364,,,,,,,,,0.013673139158576061,unknown,unknown,0.0,70.0
fb79f822bed4cd78a171fbd15d1108ca031fde41a38ae67a845158b44b8b2416,2025-01-26,,,,,,,,,,,,94.70833333333333,,,,,,,,,94.04347826086956,,,,,,,,,0.007069656341500978,unknown,unknown,0.0,70.0
fb79f822bed4cd78a171fbd15d1108ca031fde41a38ae67a845158b44b8b2416,2025-01-27,,,,,,,,,,,,93.70588235294117,,,,,,,,,94.04347826086956,,,,,,,,,-0.003589785428734601,unknown,unknown,0.0,70.0
fb79f822bed4cd78a171fbd15d1108ca031fde41a38ae67a845158b44b8b2416,2025-01-28,,,,,,,,,,,,93.6842105263158,,,,,,,,,94.04347826086956,,,,,,,,,-0.0038202301871181994,unknown,unknown,0.0,70.0
fb79f822bed4cd78a171fbd15d1108ca031fde41a38ae67a845158b44b8b2416,2025-01-29,,,,,,,,,,,,92.93333333333334,,,,,,,,,93.70588235294117,,,,,,,,,-0.008244402594685014,unknown,unknown,0.0,70.0
fb79f822bed4cd78a171fbd15d1108ca031fde41a38ae67a845158b44b8b2416,2025-01-30,,,,,,,,,,,,94.2,,,,,,,,,93.70588235294117,,,,,,,,,0.005273069679849398,unknown,unknown,0.0,70.0
fb79f822bed4cd78a171fbd15d1108ca031fde41a38ae67a845158b44b8b2416,2025-01-31,,,,,,,,,,,,95.05882352941177,,,,,,,,,94.2,,,,,,,,,0.009117022605220437,unknown,unknown,0.0,72.0
fb79f822bed4cd78a171fbd15d1108ca031fde41a38ae67a845158b44b8b2416,2025-02-01,,,,,,,,,,,,94.88235294117646,,,,,,,,,94.2,,,,,,,,,0.007243661795928461,unknown,unknown,0.0,70.0
fb79f822bed4cd78a171fbd15d1108ca031fde41a38ae67a845158b44b8b2416,2025-02-02,,,,,,,,,,,,92.95,,,,,,,,,94.2,,,,,,,,,-0.013269639065817409,unknown,unknown,0.0,70.0
fb79f822bed4cd78a171fbd15d1108ca031fde41a38ae67a845158b44b8b2416,2025-02-03,,,,,,,,,,,,94.8,,,,,,,,,93.70588235294117,,,,,,,,,0.011676082862523538,unknown,unknown,0.0,70.0
fb79f822bed4cd78a171fbd15d1108ca031fde41a38ae67a845158b44b8b2416,2025-02-04,,,,,,,,,,,,94.11764705882354,,,,,,,,,94.2,,,,,,,,,-0.000874235044336165,unknown,unknown,0.0,70.0
fb79f822bed4cd78a171fbd15d1108ca031fde41a38ae67a845158b44b8b2416,2025-02-05,,,,,,,,,,,,94.78947368421052,,,,,,,,,94.2,,,,,,,,,0.0062576824226169584,unknown,unknown,0.0,70.0
fb79f822bed4cd78a171fbd15d1108ca031fde41a38ae67a845158b44b8b2416,2025-02-06,,,,,,,,,,,6.816666666666666,93.76923076923077,,,,,,,,,94.78947368421052,,,,,,,,,-0.01076325118523886,unknown,unknown,0.0,70.0
fb79f822bed4cd78a171fbd15d1108ca031fde41a38ae67a845158b44b8b2416,2025-02-07,,,,,,,,,,,8.283333333333333,94.9047619047619,,,,,,,,,94.78947368421052,,,,,,,,,0.0012162555194204197,unknown,unknown,0.0,70.0
fb79f822bed4cd78a171fbd15d1108ca031fde41a38ae67a845158b44b8b2416,2025-02-08,,,,,,,,,,,10.033333333333333,95.0909090909091,,,,,,,,,94.78947368421052,,,,,,,,,0.003180051486547968,unknown,unknown,0.0,72.0
fb79f822bed4cd78a171fbd15d1108ca031fde41a38ae67a845158b44b8b2416,2025-02-09,,,,,,,,,,,7.466666666666667,94.78947368421052,8.283333333333333,,,,,,,,94.78947368421052,-0.09859154929577463,,,,,,,,0.0,unknown,unknown,0.0,73.0
fb79f822bed4cd78a171fbd15d1108ca031fde41a38ae67a845158b44b8b2416,2025-02-10,,,,,,,,,,,6.933333333333334,94.38461538461539,7.875,,,,,,,,94.78947368421052,-0.11957671957671955,,,,,,,,-0.004271131422713791,unknown,unknown,0.0,73.0
fb79f822bed4cd78a171fbd15d1108ca031fde41a38ae67a845158b44b8b2416,2025-02-11,,,,,,,,,,,7.116666666666666,95.04545454545455,7.466666666666667,,,,,,,,94.78947368421052,-0.04687500000000007,,,,,,,,0.0027005199131796237,unknown,unknown,0.0,82.0
fb79f822bed4cd78a171fbd15d1108ca031fde41a38ae67a845158b44b8b2416,2025-02-12,,,,,,,,,,,7.624722222222222,94.22222222222223,7.291666666666666,,,,,,,,94.78947368421052,0.04567619047619056,,,,,,,,-0.005984329693380091,unknown,unknown,0.0,80.0
fb79f822bed4cd78a171fbd15d1108ca031fde41a38ae67a845158b44b8b2416,2025-02-13,,,,,,,,,,,7.033333333333333,94.41176470588235,7.466666666666667,,,,,,,,94.78947368421052,-0.058035714285714315,,,,,,,,-0.003984714374367171,unknown,unknown,0.0,73.0
fb79f822bed4cd78a171fbd15d1108ca031fde41a38ae67a845158b44b8b2416,2025-02-14,,,,,,,,,,,8.433333333333334,93.47058823529412,7.466666666666667,,,,,,,,94.78947368421052,0.12946428571428573,,,,,,,,-0.013913838717052573,unknown,unknown,0.0,80.0
fb79f822bed4cd78a171fbd15d1108ca031fde41a38ae67a845158b44b8b2416,2025-02-15,,,,,,,,,,,10.3,93.04545454545455,7.466666666666667,,,,,,,,94.41176470588235,0.3794642857142858,,,,,,,,-0.014471821013877022,unknown,unknown,0.0,80.0
fb79f822bed4cd78a171fbd15d1108ca031fde41a38ae67a845158b44b8b2416,2025-02-16,,,,,,,,,,,8.1,93.35,7.466666666666667,,,,,,,,94.38461538461539,0.0848214285714285,,,,,,,,-0.010961695191524125,unknown,unknown,0.0,80.0
fb79f822bed4cd78a171fbd15d1108ca031fde41a38ae67a845158b44b8b2416,2025-02-17,,,,,,,,,,,6.5,93.34782608695652,7.624722222222222,,,,,,,,94.22222222222223,-0.14750992750191264,,,,,,,,-0.009280147662018174,unknown,unknown,0.0,73.0
fb79f822bed4cd78a171fbd15d1108ca031fde41a38ae67a845158b44b8b2416,2025-02-18,,,,,,,,,,,7.15,94.75,7.624722222222222,,,,,,,,93.47058823529412,-0.06226092025210385,,,,,,,,0.013687853996224058,unknown,unknown,0.0,73.0
fb79f822bed4cd78a171fbd15d1108ca031fde41a38ae67a845158b44b8b2416,2025-02-19,,,,,,,,,,,6.55,93.6875,7.624722222222222,,,,,,,,93.47058823529412,-0.14095231155961968,,,,,,,,0.0023206419131529443,unknown,unknown,0.0,73.0
fb79f822bed4cd78a171fbd15d1108ca031fde41a38ae67a845158b44b8b2416,2025-02-20,,,,,,,,,,,,95.0,7.15,,,,,,,,93.47058823529412,,,,,,,,,0.016362492133417263,unknown,unknown,0.0,72.0
fb79f822bed4cd78a171fbd15d1108ca031fde41a38ae67a845158b44b8b2416,2025-02-21,,,,,,,,,,,14.983333333333333,95.92307692307692,7.625,,,,,,,,93.47058823529412,0.9650273224043715,,,,,,,,0.026238079101515207,unknown,unknown,0.0,82.0
fb79f822bed4cd78a171fbd15d1108ca031fde41a38ae67a845158b44b8b2416,2025-02-22,,,,,,,,,,,10.783333333333333,93.95238095238095,7.625,,,,,,,,93.6875,0.41420765027322404,,,,,,,,0.0028272816798500227,unknown,unknown,0.0,80.0
fb79f822bed4cd78a171fbd15d1108ca031fde41a38ae67a845158b44b8b2416,2025-02-23,,,,,,,,,,,6.65,93.28571428571429,7.625,,,,,,,,93.95238095238095,-0.12786885245901636,,,,,,,,-0.0070957932083121145,unknown,unknown,0.0,73.0
fb79f822bed4cd78a171fbd15d1108ca031fde41a38ae67a845158b44b8b2416,2025-02-24,,,,,,,,,,,6.85,93.75,6.9,,,,,,,,93.95238095238095,-0.007246376811594305,,,,,,,,-0.0021540800810947434,unknown,unknown,0.0,80.0
fb79f822bed4cd78a171fbd15d1108ca031fde41a38ae67a845158b44b8b2416,2025-02-25,,,,,,,,,,,5.866666666666666,93.45833333333333,7.0,,,,,,,,93.95238095238095,-0.16190476190476197,,,,,,,,-0.0052584896097313885,unknown,unknown,0.0,60.0
fb79f822bed4cd78a171fbd15d1108ca031fde41a38ae67a845158b44b8b2416,2025-02-26,,,,,,,,,,,6.966666666666667,93.0952380952381,6.75,,,,,,,,93.75,0.03209876543209878,,,,,,,,-0.006984126984126912,unknown,unknown,0.0,80.0
fb79f822bed4cd78a171fbd15d1108ca031fde41a38ae67a845158b44b8b2416,2025-02-27,,,,,,,,,,,7.916666666666667,93.3529411764706,6.908333333333333,,,,,,,,93.75,0.14595898673100127,,,,,,,,-0.004235294117646996,unknown,unknown,0.0,80.0
fb79f822bed4cd78a171fbd15d1108ca031fde41a38ae67a845158b44b8b2416,2025-02-28,,,,,,,,,,,6.5,92.77777777777777,6.966666666666667,,,,,,,,93.45833333333333,-0.06698564593301437,,,,,,,,-0.007281914103135698,unknown,unknown,0.0,73.0
fb79f822bed4cd78a171fbd15d1108ca031fde41a38ae67a845158b44b8b2416,2025-03-01,,,,,,,,,,,6.85,93.0,6.85,,,,,,,,93.3529411764706,0.0,,,,,,,,-0.0037807183364839945,unknown,unknown,0.0,80.0
fb79f822bed4cd78a171fbd15d1108ca031fde41a38ae67a845158b44b8b2416,2025-03-02,,,,,,,,,,,8.466666666666667,91.0952380952381,6.85,,,,,,,,93.28571428571429,0.2360097323600974,,,,,,,,-0.023481368044920868,unknown,unknown,0.0,75.0
fb79f822bed4cd78a171fbd15d1108ca031fde41a38ae67a845158b44b8b2416,2025-03-03,,,,,,,,,,,6.966666666666667,90.95238095238095,6.85,,,,,,,,93.0952380952381,0.01703163017031637,,,,,,,,-0.02301790281329934,unknown,unknown,0.0,75.0
fb79f822bed4cd78a171fbd15d1108ca031fde41a38ae67a845158b44b8b2416,2025-03-04,,,,,,,,,,,7.433333333333334,92.82352941176471,6.966666666666667,,,,,,,,93.0,0.06698564593301437,,,,,,,,-0.0018975332068310747,unknown,unknown,0.0,80.0
fb79f822bed4cd78a171fbd15d1108ca031fde41a38ae67a845158b44b8b2416,2025-03-05,,,,,,,,,,,8.333333333333334,93.5625,6.966666666666667,,,,,,,,92.82352941176471,0.1961722488038278,,,,,,,,0.007961026615969537,unknown,unknown,0.0,80.0
fb79f822bed4cd78a171fbd15d1108ca031fde41a38ae67a845158b44b8b2416,2025-03-06,,,,,,,,,,,6.816666666666666,92.11111111111111,7.433333333333334,,,,,,,,92.82352941176471,-0.08295964125560544,,,,,,,,-0.007674975355583731,unknown,unknown,0.0,73.0
fb79f822bed4cd78a171fbd15d1108ca031fde41a38ae67a845158b44b8b2416,2025-03-07,,,,,,,,,,,,94.0,6.966666666666667,,,,,,,,92.77777777777777,,,,,,,,,0.013173652694610847,unknown,unknown,0.0,70.0
fb79f822bed4cd78a171fbd15d1108ca031fde41a38ae67a845158b44b8b2416,2025-03-08,,,,,,,,,,,8.45,93.75,7.2,,,,,,,,92.82352941176471,0.173611111111111,,,,,,,,0.009980988593155849,unknown,unknown,0.0,80.0
fb79f822bed4cd78a171fbd15d1108ca031fde41a38ae67a845158b44b8b2416,2025-03-09,,,,,,,,,,,7.816666666666666,94.375,7.883333333333334,,,,,,,,92.82352941176471,-0.008456659619450399,,,,,,,,0.016714195183776887,unknown,unknown,0.0,80.0
fb79f822bed4cd78a171fbd15d1108ca031fde41a38ae67a845158b44b8b2416,2025-03-10,,,,,,,,,,,6.316666666666666,94.58823529411765,7.625,,,,,,,,93.5625,-0.17158469945355195,,,,,,,,0.010963102675940169,unknown,unknown,0.0,60.0
fb79f822bed4cd78a171fbd15d1108ca031fde41a38ae67a845158b44b8b2416,2025-03-11,,,,,,,,,,,7.066666666666666,94.47619047619048,7.625,,,,,,,,93.75,-0.07322404371584702,,,,,,,,0.007746031746031804,unknown,unknown,0.0,73.0
fb79f822bed4cd78a171fbd15d1108ca031fde41a38ae67a845158b44b8b2416,2025-03-12,,,,,,,,,,,6.866666666666666,93.125,7.441666666666666,,,,,,,,94.0,-0.07726763717805153,,,,,,,,-0.009308510638297872,unknown,unknown,0.0,73.0
fb79f822bed4cd78a171fbd15d1108ca031fde41a38ae67a845158b44b8b2416,2025-03-13,,,,,,,,,,,7.116666666666666,93.3,6.966666666666667,,,,,,,,94.0,0.02153110047846882,,,,,,,,-0.007446808510638328,unknown,unknown,0.0,80.0
fb79f822bed4cd78a171fbd15d1108ca031fde41a38ae67a845158b44b8b2416,2025-03-14,,,,,,,,,,,9.366666666666667,93.1875,7.091666666666667,,,,,,,,94.0,0.32079905992949476,,,,,,,,-0.008643617021276596,unknown,unknown,0.0,80.0
fb79f822bed4cd78a171fbd15d1108ca031fde41a38ae67a845158b44b8b2416,2025-03-15,,,,,,,,,,,11.2,92.875,7.116666666666666,,,,,,,,93.75,0.5737704918032787,,,,,,,,-0.009333333333333334,unknown,unknown,0.0,80.0
fb79f822bed4cd78a171fbd15d1108ca031fde41a38ae67a845158b44b8b2416,2025-03-16,,,,,,,,,,,8.666666666666666,93.79166666666667,7.116666666666666,,,,,,,,93.3,0.21779859484777517,,,,,,,,0.005269739192568856,unknown,unknown,0.0,80.0
fb79f822bed4cd78a171fbd15d1108ca031fde41a38ae67a845158b44b8b2416,2025-03-17,,,,,,,,,,,6.6,92.72222222222223,7.116666666666666,,,,,,,,93.3,-0.07259953161592506,,,,,,,,-0.006192687864713491,unknown,unknown,0.0,73.0
fb79f822bed4cd78a171fbd15d1108ca031fde41a38ae67a845158b44b8b2416,2025-03-18,,,,,,,,,,,9.6,94.0,7.116666666666666,,,,,,,,93.1875,0.3489461358313818,,,,,,,,0.008718980549966466,unknown,unknown,0.0,80.0
fb79f822bed4cd78a171fbd15d1108ca031fde41a38ae67a845158b44b8b2416,2025-03-19,,,,,,,,,,,6.55,93.66666666666667,8.666666666666666,,,,,,,,93.1875,-0.2442307692307692,,,,,,,,0.005141962888441812,unknown,unknown,0.0,60.0
fb79f822bed4cd78a171fbd15d1108ca031fde41a38ae67a845158b44b8b2416,2025-03-20,,,,,,,,,,,,93.47058823529412,8.666666666666666,,,,,,,,93.3,,,,,,,,,0.0018283840867536851,unknown,unknown,0.0,70.0
fb79f822bed4cd78a171fbd15d1108ca031fde41a38ae67a845158b44b8b2416,2025-03-21,,,,,,,,,,,15.066666666666666,93.25,9.016666666666666,,,,,,,,93.47058823529412,0.6709796672828098,,,,,,,,-0.0023599748269351613,unknown,unknown,0.0,80.0
fb79f822bed4cd78a171fbd15d1108ca031fde41a38ae67a845158b44b8b2416,2025-03-22,,,,,,,,,,,,92.65217391304348,9.133333333333333,,,,,,,,93.47058823529412,,,,,,,,,-0.008755848633266675,unknown,unknown,0.0,70.0
fb79f822bed4cd78a171fbd15d1108ca031fde41a38ae67a845158b44b8b2416,2025-03-23,,,,,,,,,,,7.1,93.56521739130434,8.666666666666666,,,,,,,,93.47058823529412,-0.18076923076923077,,,,,,,,0.0010123949982214465,unknown,unknown,0.0,60.0
fb79f822bed4cd78a171fbd15d1108ca031fde41a38ae67a845158b44b8b2416,2025-03-24,,,,,,,,,,,8.933333333333334,92.375,7.1,,,,,,,,93.47058823529412,0.2582159624413147,,,,,,,,-0.011721208307111373,unknown,unknown,0.0,80.0
fb79f822bed4cd78a171fbd15d1108ca031fde41a38ae67a845158b44b8b2416,2025-03-25,,,,,,,,,,,7.816666666666666,92.41666666666667,8.933333333333334,,,,,,,,93.47058823529412,-0.12500000000000006,,,,,,,,-0.011275435284245789,unknown,unknown,0.0,73.0
fb79f822bed4cd78a171fbd15d1108ca031fde41a38ae67a845158b44b8b2416,2025-03-26,,,,,,,,,,,6.8,93.0625,7.816666666666666,,,,,,,,93.25,-0.1300639658848614,,,,,,,,-0.0020107238605898124,unknown,unknown,0.0,73.0
fb79f822bed4cd78a171fbd15d1108ca031fde41a38ae67a845158b44b8b2416,2025-03-27,,,,,,,,,,,7.083333333333333,93.42105263157895,7.816666666666666,,,,,,,,93.0625,-0.09381663113006397,,,,,,,,0.003852815382983964,unknown,unknown,0.0,73.0
fb79f822bed4cd78a171fbd15d1108ca031fde41a38ae67a845158b44b8b2416,2025-03-28,,,,,,,,,,,8.15,92.89473684210526,7.458333333333333,,,,,,,,93.0625,0.09273743016759786,,,,,,,,-0.001802693436075109,unknown,unknown,0.0,80.0
fb79f822bed4cd78a171fbd15d1108ca031fde41a38ae67a845158b44b8b2416,2025-03-29,,,,,,,,,,,9.35,93.66666666666667,7.458333333333333,,,,,,,,92.89473684210526,0.2536312849162011,,,,,,,,0.008309726156751737,unknown,unknown,0.0,80.0
fb79f822bed4cd78a171fbd15d1108ca031fde41a38ae67a845158b44b8b2416,2025-03-30,,,,,,,,,,,7.866666666666666,94.25,7.816666666666666,,,,,,,,93.0625,0.006396588486140702,,,,,,,,0.012760241773002015,unknown,unknown,0.0,80.0
fb79f822bed4cd78a171fbd15d1108ca031fde41a38ae67a845158b44b8b2416,2025-03-31,,,,,,,,,,,5.133333333333334,,7.866666666666666,,,,,,,,93.0625,-0.347457627118644,,,,,,,,,unknown,unknown,0.0,50.0
fb79f822bed4cd78a171fbd15d1108ca031fde41a38ae67a845158b44b8b2416,2025-04-01,,,,,,,,,,,5.333333333333333,,7.816666666666666,,,,,,,,93.24177631578948,-0.31769722814498935,,,,,,,,,unknown,unknown,0.0,50.0
fb79f822bed4cd78a171fbd15d1108ca031fde41a38ae67a845158b44b8b2416,2025-04-02,,,,,,,,,,,7.966666666666667,,7.083333333333333,,,,,,,,93.42105263157895,0.12470588235294124,,,,,,,,,unknown,unknown,0.0,80.0
fb79f822bed4cd78a171fbd15d1108ca031fde41a38ae67a845158b44b8b2416,2025-04-03,,,,,,,,,,,5.733333333333333,,7.866666666666666,,,,,,,,93.54385964912281,-0.27118644067796605,,,,,,,,,unknown,unknown,0.0,60.0
fb79f822bed4cd78a171fbd15d1108ca031fde41a38ae67a845158b44b8b2416,2025-04-04,,,,,,,,,,,9.4,,7.866666666666666,,,,,,,,93.66666666666667,0.19491525423728825,,,,,,,,,unknown,unknown,0.0,80.0
fb79f822bed4cd78a171fbd15d1108ca031fde41a38ae67a845158b44b8b2416,2025-04-05,,,,,,,,,,,8.9,,7.866666666666666,,,,,,,,,0.13135593220338992,,,,,,,,,unknown,unknown,0.0,80.0
fb79f822bed4cd78a171fbd15d1108ca031fde41a38ae67a845158b44b8b2416,2025-04-06,,,,,,,,,,,7.066666666666666,,7.866666666666666,,,,,,,,,-0.10169491525423727,,,,,,,,,unknown,unknown,0.0,73.0
fb79f822bed4cd78a171fbd15d1108ca031fde41a38ae67a845158b44b8b2416,2025-04-07,,,,,,,,,,,7.016666666666667,,7.066666666666666,,,,,,,,,-0.0070754716981131826,,,,,,,,,unknown,unknown,0.0,80.0
fb79f822bed4cd78a171fbd15d1108ca031fde41a38ae67a845158b44b8b2416,2025-04-08,,,,,,,,,,,7.033333333333333,,7.066666666666666,,,,,,,,,-0.004716981132075455,,,,,,,,,unknown,unknown,0.0,80.0
fb79f822bed4cd78a171fbd15d1108ca031fde41a38ae67a845158b44b8b2416,2025-04-09,,,,,,,,,,,7.783333333333333,,7.066666666666666,,,,,,,,,0.10141509433962266,,,,,,,,,unknown,unknown,0.0,80.0
fb79f822bed4cd78a171fbd15d1108ca031fde41a38ae67a845158b44b8b2416,2025-04-11,,,,,,,,,,,16.75,,7.066666666666666,,,,,,,,,1.3702830188679247,,,,,,,,,unknown,unknown,0.0,80.0
fb79f822bed4cd78a171fbd15d1108ca031fde41a38ae67a845158b44b8b2416,2025-04-12,,,,,,,,,,,11.016666666666667,,7.783333333333333,,,,,,,,,0.4154175588865098,,,,,,,,,unknown,unknown,0.0,80.0
fb79f822bed4cd78a171fbd15d1108ca031fde41a38ae67a845158b44b8b2416,2025-04-14,,,,,,,,,,,8.45,,7.783333333333333,,,,,,,,,0.08565310492505346,,,,,,,,,unknown,unknown,0.0,80.0
fb79f822bed4cd78a171fbd15d1108ca031fde41a38ae67a845158b44b8b2416,2025-04-15,,,,,,,,,,,8.533333333333333,,7.783333333333333,,,,,,,,,0.09635974304068523,,,,,,,,,unknown,unknown,0.0,80.0
fb79f822bed4cd78a171fbd15d1108ca031fde41a38ae67a845158b44b8b2416,2025-04-16,,,,,,,,,,,6.383333333333334,,8.45,,,,,,,,,-0.24457593688362908,,,,,,,,,unknown,unknown,0.0,60.0
fb79f822bed4cd78a171fbd15d1108ca031fde41a38ae67a845158b44b8b2416,2025-04-17,,,,,,,,,,,6.1,,8.45,,,,,,,,,-0.2781065088757396,,,,,,,,,unknown,unknown,0.0,60.0
fb79f822bed4cd78a171fbd15d1108ca031fde41a38ae67a845158b44b8b2416,2025-04-18,,,,,,,,,,,6.533333333333333,,8.45,,,,,,,,,-0.2268244575936883,,,,,,,,,unknown,unknown,0.0,60.0
fb79f822bed4cd78a171fbd15d1108ca031fde41a38ae67a845158b44b8b2416,2025-04-19,,,,,,,,,,,7.216666666666667,,8.45,,,,,,,,,-0.14595660749506895,,,,,,,,,unknown,unknown,0.0,73.0
fb79f822bed4cd78a171fbd15d1108ca031fde41a38ae67a845158b44b8b2416,2025-04-20,,,,,,,,,,,6.5,,7.216666666666667,,,,,,,,,-0.09930715935334875,,,,,,,,,unknown,unknown,0.0,73.0
fb79f822bed4cd78a171fbd15d1108ca031fde41a38ae67a845158b44b8b2416,2025-04-21,,,,,,,,,,,8.883333333333333,,6.533333333333333,,,,,,,,,0.35969387755102034,,,,,,,,,unknown,unknown,0.0,80.0
fb79f822bed4cd78a171fbd15d1108ca031fde41a38ae67a845158b44b8b2416,2025-04-22,,,,,,,,,,,7.15,,6.533333333333333,,,,,,,,,0.0943877551020409,,,,,,,,,unknown,unknown,0.0,80.0
fb79f822bed4cd78a171fbd15d1108ca031fde41a38ae67a845158b44b8b2416,2025-04-23,,,,,,,,,,,8.516666666666667,,6.533333333333333,,,,,,,,,0.3035714285714287,,,,,,,,,unknown,unknown,0.0,80.0
fb79f822bed4cd78a171fbd15d1108ca031fde41a38ae67a845158b44b8b2416,2025-04-24,,,,,,,,,,,7.533333333333333,,7.15,,,,,,,,,0.053613053613053546,,,,,,,,,unknown,unknown,0.0,80.0
fb79f822bed4cd78a171fbd15d1108ca031fde41a38ae67a845158b44b8b2416,2025-04-26,,,,,,,,,,,7.866666666666666,,7.216666666666667,,,,,,,,,0.09006928406466505,,,,,,,,,unknown,unknown,0.0,80.0
fb79f822bed4cd78a171fbd15d1108ca031fde41a38ae67a845158b44b8b2416,2025-04-27,,,,,,,,,,,7.166666666666667,,7.533333333333333,,,,,,,,,-0.04867256637168136,,,,,,,,,unknown,unknown,0.0,80.0
fb79f822bed4cd78a171fbd15d1108ca031fde41a38ae67a845158b44b8b2416,2025-04-28,,,,,,,,,,,8.366666666666667,,7.533333333333333,,,,,,,,,0.11061946902654875,,,,,,,,,unknown,unknown,0.0,80.0
fb79f822bed4cd78a171fbd15d1108ca031fde41a38ae67a845158b44b8b2416,2025-04-29,,,,,,,,,,,5.833333333333333,,7.866666666666666,,,,,,,,,-0.2584745762711864,,,,,,,,,unknown,unknown,0.0,60.0
fb79f822bed4cd78a171fbd15d1108ca031fde41a38ae67a845158b44b8b2416,2025-04-30,,,,,,,,,,,9.35,,7.533333333333333,,,,,,,,,0.24115044247787606,,,,,,,,,unknown,unknown,0.0,80.0
fb79f822bed4cd78a171fbd15d1108ca031fde41a38ae67a845158b44b8b2416,2025-05-01,,,,,,,,,,,6.883333333333334,,7.866666666666666,,,,,,,,,-0.1249999999999999,,,,,,,,,unknown,unknown,0.0,73.0
fb79f822bed4cd78a171fbd15d1108ca031fde41a38ae67a845158b44b8b2416,2025-05-02,,,,,,,,,,,9.55,,7.533333333333333,,,,,,,,,0.2676991150442479,,,,,,,,,unknown,unknown,0.0,80.0
fb79f822bed4cd78a171fbd15d1108ca031fde41a38ae67a845158b44b8b2416,2025-05-04,,,,,,,,,,,6.833333333333333,,7.866666666666666,,,,,,,,,-0.1313559322033898,,,,,,,,,unknown,unknown,0.0,73.0
fb79f822bed4cd78a171fbd15d1108ca031fde41a38ae67a845158b44b8b2416,2025-05-05,,,,,,,,,,,7.316666666666666,,7.166666666666667,,,,,,,,,0.02093023255813946,,,,,,,,,unknown,unknown,0.0,80.0
fb79f822bed4cd78a171fbd15d1108ca031fde41a38ae67a845158b44b8b2416,2025-05-06,,,,,,,,,,,7.483333333333333,,7.316666666666666,,,,,,,,,0.022779043280182272,,,,,,,,,unknown,unknown,0.0,80.0
fb79f822bed4cd78a171fbd15d1108ca031fde41a38ae67a845158b44b8b2416,2025-05-07,,,,,,,,,,,7.4,92.78571428571429,7.316666666666666,,,,,,,,,0.011389521640091197,,,,,,,,,unknown,unknown,0.0,80.0
fb79f822bed4cd78a171fbd15d1108ca031fde41a38ae67a845158b44b8b2416,2025-05-08,,,,,,,,,,,5.433333333333334,91.0,7.4,,,,,,,,,-0.26576576576576577,,,,,,,,,unknown,unknown,0.0,55.0
fb79f822bed4cd78a171fbd15d1108ca031fde41a38ae67a845158b44b8b2416,2025-05-09,,,,,,,,,,,9.3,93.52631578947368,7.316666666666666,,,,,,,,,0.2710706150341687,,,,,,,,,unknown,unknown,0.0,80.0
fb79f822bed4cd78a171fbd15d1108ca031fde41a38ae67a845158b44b8b2416,2025-05-10,,,,,,,,,,,8.433333333333334,93.10526315789474,7.4,,,,,,,,92.78571428571429,0.13963963963963963,,,,,,,,0.0034439447348162218,unknown,unknown,0.0,80.0
fb79f822bed4cd78a171fbd15d1108ca031fde41a38ae67a845158b44b8b2416,2025-05-11,,,,,,,,,,,5.883333333333334,92.5,7.4,,,,,,,,92.94548872180451,-0.20495495495495494,,,,,,,,-0.00479301069832343,unknown,unknown,0.0,60.0
fb79f822bed4cd78a171fbd15d1108ca031fde41a38ae67a845158b44b8b2416,2025-05-12,,,,,,,,,,,6.783333333333333,94.625,7.4,,,,,,,,92.78571428571429,-0.0833333333333334,,,,,,,,0.019822940723633498,unknown,unknown,0.0,73.0
fb79f822bed4cd78a171fbd15d1108ca031fde41a38ae67a845158b44b8b2416,2025-05-13,,,,,,,,,,,7.3225,,7.4,,,,,,,,92.94548872180451,-0.01047297297297305,,,,,,,,,unknown,unknown,0.0,80.0
fb79f822bed4cd78a171fbd15d1108ca031fde41a38ae67a845158b44b8b2416,2025-05-14,,,,,,,,,,,6.4,,7.3225,,,,,,,,92.94548872180451,-0.12598156367360866,,,,,,,,,unknown,unknown,0.0,73.0
fb79f822bed4cd78a171fbd15d1108ca031fde41a38ae67a845158b44b8b2416,2025-05-15,,,,,,,,,,,8.133333333333333,,6.783333333333333,,,,,,,,93.10526315789474,0.19901719901719897,,,,,,,,,unknown,unknown,0.0,80.0
fb79f822bed4cd78a171fbd15d1108ca031fde41a38ae67a845158b44b8b2416,2025-05-16,,,,,,,,,,,7.533333333333333,,7.3225,,,,,,,,93.31578947368422,0.028792534425856393,,,,,,,,,unknown,unknown,0.0,80.0
fb79f822bed4cd78a171fbd15d1108ca031fde41a38ae67a845158b44b8b2416,2025-05-17,,,,,,,,,,,11.216666666666667,,7.3225,,,,,,,,93.10526315789474,0.5318083532491181,,,,,,,,,unknown,unknown,0.0,80.0
fb79f822bed4cd78a171fbd15d1108ca031fde41a38ae67a845158b44b8b2416,2025-05-18,,,,,,,,,,,6.2,,7.3225,,,,,,,,,-0.15329463980880842,,,,,,,,,unknown,unknown,0.0,60.0
fb79f822bed4cd78a171fbd15d1108ca031fde41a38ae67a845158b44b8b2416,2025-05-19,,,,,,,,,,,7.85,,7.3225,,,,,,,,,0.07203823830658926,,,,,,,,,unknown,unknown,0.0,80.0
fb79f822bed4cd78a171fbd15d1108ca031fde41a38ae67a845158b44b8b2416,2025-05-20,,,,,,,,,,,7.483333333333333,,7.533333333333333,,,,,,,,,-0.006637168141592897,,,,,,,,,unknown,unknown,0.0,80.0
fb79f822bed4cd78a171fbd15d1108ca031fde41a38ae67a845158b44b8b2416,2025-05-21,,,,,,,,,,,7.933333333333334,,7.533333333333333,,,,,,,,,0.05309734513274341,,,,,,,,,unknown,unknown,0.0,80.0
fb79f822bed4cd78a171fbd15d1108ca031fde41a38ae67a845158b44b8b2416,2025-05-22,,,,,,,,,,,5.683333333333334,,7.85,,,,,,,,,-0.27600849256900206,,,,,,,,,unknown,unknown,0.0,60.0
fb79f822bed4cd78a171fbd15d1108ca031fde41a38ae67a845158b44b8b2416,2025-05-23,,,,,,,,,,,8.383333333333333,,7.533333333333333,,,,,,,,,0.1128318584070796,,,,,,,,,unknown,unknown,0.0,80.0
fb79f822bed4cd78a171fbd15d1108ca031fde41a38ae67a845158b44b8b2416,2025-05-24,,,,,,,,,,,7.383333333333334,,7.85,,,,,,,,,-0.0594479830148619,,,,,,,,,unknown,unknown,0.0,73.0
fb79f822bed4cd78a171fbd15d1108ca031fde41a38ae67a845158b44b8b2416,2025-05-25,,,,,,,,,,,6.733333333333333,,7.483333333333333,,,,,,,,,-0.10022271714922049,,,,,,,,,unknown,unknown,0.0,73.0
fb79f822bed4cd78a171fbd15d1108ca031fde41a38ae67a845158b44b8b2416,2025-05-26,,,,,,,,,,,7.1,,7.483333333333333,,,,,,,,,-0.05122494432071275,,,,,,,,,unknown,unknown,0.0,73.0
fb79f822bed4cd78a171fbd15d1108ca031fde41a38ae67a845158b44b8b2416,2025-05-27,,,,,,,,,,,7.05,,7.383333333333334,,,,,,,,,-0.04514672686230256,,,,,,,,,unknown,unknown,0.0,80.0
fb79f822bed4cd78a171fbd15d1108ca031fde41a38ae67a845158b44b8b2416,2025-05-28,,,,,,,,,,,7.3,,7.1,,,,,,,,,0.028169014084507067,,,,,,,,,unknown,unknown,0.0,80.0
fb79f822bed4cd78a171fbd15d1108ca031fde41a38ae67a845158b44b8b2416,2025-05-29,,,,,,,,,,,7.683333333333334,,7.1,,,,,,,,,0.08215962441314563,,,,,,,,,unknown,unknown,0.0,80.0
fb79f822bed4cd78a171fbd15d1108ca031fde41a38ae67a845158b44b8b2416,2025-05-30,,,,,,,,,,,7.916666666666667,,7.3,,,,,,,,,0.08447488584474892,,,,,,,,,unknown,unknown,0.0,80.0
fb79f822bed4cd78a171fbd15d1108ca031fde41a38ae67a845158b44b8b2416,2025-05-31,,,,,,,,,,,9.15,,7.3,,,,,,,,,0.25342465753424664,,,,,,,,,unknown,unknown,0.0,80.0
fb79f822bed4cd78a171fbd15d1108ca031fde41a38ae67a845158b44b8b2416,2025-06-01,,,,,,,,,,,8.033333333333333,,7.3,,,,,,,,,0.10045662100456622,,,,,,,,,unknown,unknown,0.0,80.0
fb79f822bed4cd78a171fbd15d1108ca031fde41a38ae67a845158b44b8b2416,2025-06-02,,,,,,,,,,,8.2,,7.683333333333334,,,,,,,,,0.06724511930585671,,,,,,,,,unknown,unknown,0.0,80.0
fb79f822bed4cd78a171fbd15d1108ca031fde41a38ae67a845158b44b8b2416,2025-06-03,,,,,,,,,,,6.866666666666666,,7.916666666666667,,,,,,,,,-0.13263157894736852,,,,,,,,,unknown,unknown,0.0,73.0
fb79f822bed4cd78a171fbd15d1108ca031fde41a38ae67a845158b44b8b2416,2025-06-04,,,,,,,,,,,6.5,,7.916666666666667,,,,,,,,,-0.17894736842105266,,,,,,,,,unknown,unknown,0.0,60.0
fb79f822bed4cd78a171fbd15d1108ca031fde41a38ae67a845158b44b8b2416,2025-06-05,,,,,,,,,,,5.983333333333333,,7.916666666666667,,,,,,,,,-0.2442105263157895,,,,,,,,,unknown,unknown,0.0,60.0
fb79f822bed4cd78a171fbd15d1108ca031fde41a38ae67a845158b44b8b2416,2025-06-06,,,,,,,,,,,8.6,,7.916666666666667,,,,,,,,,0.08631578947368412,,,,,,,,,unknown,unknown,0.0,80.0
fb79f822bed4cd78a171fbd15d1108ca031fde41a38ae67a845158b44b8b2416,2025-06-07,,,,,,,,,,,6.65,,8.033333333333333,,,,,,,,,-0.17219917012448127,,,,,,,,,unknown,unknown,0.0,60.0
fb79f822bed4cd78a171fbd15d1108ca031fde41a38ae67a845158b44b8b2416,2025-06-08,,,,,,,,,,,7.2,,6.866666666666666,,,,,,,,,0.04854368932038844,,,,,,,,,unknown,unknown,0.0,80.0
fb79f822bed4cd78a171fbd15d1108ca031fde41a38ae67a845158b44b8b2416,2025-06-10,,,,,,,,,,,8.838055555555556,,6.866666666666666,,,,,,,,,0.2870954692556636,,,,,,,,,unknown,unknown,0.0,80.0
fb79f822bed4cd78a171fbd15d1108ca031fde41a38ae67a845158b44b8b2416,2025-06-11,,,,,,,,,,,6.616666666666666,,6.866666666666666,,,,,,,,,-0.03640776699029127,,,,,,,,,unknown,unknown,0.0,80.0
fb79f822bed4cd78a171fbd15d1108ca031fde41a38ae67a845158b44b8b2416,2025-06-12,,,,,,,,,,,6.65,,6.65,,,,,,,,,0.0,,,,,,,,,unknown,unknown,0.0,80.0
fb79f822bed4cd78a171fbd15d1108ca031fde41a38ae67a845158b44b8b2416,2025-06-13,,,,,,,,,,,8.516666666666667,,6.65,,,,,,,,,0.28070175438596495,,,,,,,,,unknown,unknown,0.0,80.0
fb79f822bed4cd78a171fbd15d1108ca031fde41a38ae67a845158b44b8b2416,2025-06-15,,,,,,,,,,,14.683333333333334,,7.2,,,,,,,,,1.0393518518518519,,,,,,,,,unknown,unknown,0.0,80.0
fb79f822bed4cd78a171fbd15d1108ca031fde41a38ae67a845158b44b8b2416,2025-06-16,,,,,,,,,,,7.15,,7.2,,,,,,,,,-0.00694444444444442,,,,,,,,,unknown,unknown,0.0,80.0
fb79f822bed4cd78a171fbd15d1108ca031fde41a38ae67a845158b44b8b2416,2025-06-17,,,,,,,,,,,5.8,,7.2,,,,,,,,,-0.19444444444444448,,,,,,,,,unknown,unknown,0.0,60.0
fb79f822bed4cd78a171fbd15d1108ca031fde41a38ae67a845158b44b8b2416,2025-06-18,,,,,,,,,,,6.433333333333334,,7.15,,,,,,,,,-0.10023310023310024,,,,,,,,,unknown,unknown,0.0,73.0
fb79f822bed4cd78a171fbd15d1108ca031fde41a38ae67a845158b44b8b2416,2025-06-19,,,,,,,,,,,6.916666666666667,,6.65,,,,,,,,,0.04010025062656641,,,,,,,,,unknown,unknown,0.0,80.0
fb79f822bed4cd78a171fbd15d1108ca031fde41a38ae67a845158b44b8b2416,2025-06-20,,,,,,,,,,,7.916666666666667,,6.916666666666667,,,,,,,,,0.14457831325301204,,,,,,,,,unknown,unknown,0.0,80.0
fb79f822bed4cd78a171fbd15d1108ca031fde41a38ae67a845158b44b8b2416,2025-06-21,,,,,,,,,,,7.183333333333334,,7.15,,,,,,,,,0.0046620046620046455,,,,,,,,,unknown,unknown,0.0,80.0
fb79f822bed4cd78a171fbd15d1108ca031fde41a38ae67a845158b44b8b2416,2025-06-22,,,,,,,,,,,6.55,,7.15,,,,,,,,,-0.08391608391608399,,,,,,,,,unknown,unknown,0.0,73.0
fb79f822bed4cd78a171fbd15d1108ca031fde41a38ae67a845158b44b8b2416,2025-06-23,,,,,,,,,,,8.783333333333333,,6.916666666666667,,,,,,,,,0.2698795180722891,,,,,,,,,unknown,unknown,0.0,80.0
fb79f822bed4cd78a171fbd15d1108ca031fde41a38ae67a845158b44b8b2416,2025-06-24,,,,,,,,,,,7.033333333333333,,6.916666666666667,,,,,,,,,0.01686746987951801,,,,,,,,,unknown,unknown,0.0,80.0
fb79f822bed4cd78a171fbd15d1108ca031fde41a38ae67a845158b44b8b2416,2025-06-25,,,,,,,,,,,7.35,,7.033333333333333,,,,,,,,,0.04502369668246442,,,,,,,,,unknown,unknown,0.0,80.0
fb79f822bed4cd78a171fbd15d1108ca031fde41a38ae67a845158b44b8b2416,2025-06-26,,,,,,,,,,,7.133333333333334,,7.183333333333334,,,,,,,,,-0.006960556844547539,,,,,,,,,unknown,unknown,0.0,80.0
fb79f822bed4cd78a171fbd15d1108ca031fde41a38ae67a845158b44b8b2416,2025-06-27,,,,,,,,,,,8.116666666666667,,7.183333333333334,,,,,,,,,0.12993039443155455,,,,,,,,,unknown,unknown,0.0,80.0
fb79f822bed4cd78a171fbd15d1108ca031fde41a38ae67a845158b44b8b2416,2025-06-28,,,,,,,,,,,8.216666666666667,,7.183333333333334,,,,,,,,,0.14385150812064962,,,,,,,,,unknown,unknown,0.0,80.0
fb79f822bed4cd78a171fbd15d1108ca031fde41a38ae67a845158b44b8b2416,2025-06-29,,,,,,,,,,,5.65,,7.35,,,,,,,,,-0.23129251700680264,,,,,,,,,unknown,unknown,0.0,60.0
fb79f822bed4cd78a171fbd15d1108ca031fde41a38ae67a845158b44b8b2416,2025-06-30,,,,,,,,,,,7.1,,7.35,,,,,,,,,-0.034013605442176874,,,,,,,,,unknown,unknown,0.0,80.0
fb79f822bed4cd78a171fbd15d1108ca031fde41a38ae67a845158b44b8b2416,2025-07-01,,,,,,,,,,,7.05,,7.133333333333334,,,,,,,,,-0.011682242990654288,,,,,,,,,unknown,unknown,0.0,80.0
fb79f822bed4cd78a171fbd15d1108ca031fde41a38ae67a845158b44b8b2416,2025-07-02,,,,,,,,,,,7.45,,7.133333333333334,,,,,,,,,0.044392523364485945,,,,,,,,,unknown,unknown,0.0,80.0
fb79f822bed4cd78a171fbd15d1108ca031fde41a38ae67a845158b44b8b2416,2025-07-03,,,,,,,,,,,6.55,,7.133333333333334,,,,,,,,,-0.08177570093457952,,,,,,,,,unknown,unknown,0.0,73.0
fb79f822bed4cd78a171fbd15d1108ca031fde41a38ae67a845158b44b8b2416,2025-07-04,,,,,,,,,,,7.95,,7.1,,,,,,,,,0.119718309859155,,,,,,,,,unknown,unknown,0.0,80.0
fb79f822bed4cd78a171fbd15d1108ca031fde41a38ae67a845158b44b8b2416,2025-07-05,,,,,,,,,,,5.8,,7.1,,,,,,,,,-0.18309859154929575,,,,,,,,,unknown,unknown,0.0,60.0
fb79f822bed4cd78a171fbd15d1108ca031fde41a38ae67a845158b44b8b2416,2025-07-06,,,,,,,,,,,7.683333333333334,,7.05,,,,,,,,,0.08983451536643032,,,,,,,,,unknown,unknown,0.0,80.0
fb79f822bed4cd78a171fbd15d1108ca031fde41a38ae67a845158b44b8b2416,2025-07-08,,,,,,,,,,,14.316666666666666,,7.1,,,,,,,,,1.0164319248826292,,,,,,,,,unknown,unknown,0.0,80.0
fb79f822bed4cd78a171fbd15d1108ca031fde41a38ae67a845158b44b8b2416,2025-07-09,,,,,,,,,,,8.183333333333334,,7.45,,,,,,,,,0.09843400447427293,,,,,,,,,unknown,unknown,0.0,80.0
fb79f822bed4cd78a171fbd15d1108ca031fde41a38ae67a845158b44b8b2416,2025-07-10,,,,,,,,,,,7.166666666666667,,7.683333333333334,,,,,,,,,-0.06724511930585682,,,,,,,,,unknown,unknown,0.0,73.0
fb79f822bed4cd78a171fbd15d1108ca031fde41a38ae67a845158b44b8b2416,2025-07-11,,,,,,,,,,,8.366666666666667,,7.683333333333334,,,,,,,,,0.0889370932754881,,,,,,,,,unknown,unknown,0.0,80.0
fb79f822bed4cd78a171fbd15d1108ca031fde41a38ae67a845158b44b8b2416,2025-07-12,,,,,,,,,,,6.683333333333334,,7.95,,,,,,,,,-0.15932914046121593,,,,,,,,,unknown,unknown,0.0,60.0
fb79f822bed4cd78a171fbd15d1108ca031fde41a38ae67a845158b44b8b2416,2025-07-13,,,,,,,,,,,6.8,,7.683333333333334,,,,,,,,,-0.1149674620390456,,,,,,,,,unknown,unknown,0.0,73.0
fb79f822bed4cd78a171fbd15d1108ca031fde41a38ae67a845158b44b8b2416,2025-07-14,,,,,,,,,,,6.7,,7.683333333333334,,,,,,,,,-0.1279826464208243,,,,,,,,,unknown,unknown,0.0,73.0
fb79f822bed4cd78a171fbd15d1108ca031fde41a38ae67a845158b44b8b2416,2025-07-15,,,,,,,,,,,9.1,,7.166666666666667,,,,,,,,,0.26976744186046503,,,,,,,,,unknown,unknown,0.0,80.0
fb79f822bed4cd78a171fbd15d1108ca031fde41a38ae67a845158b44b8b2416,2025-07-16,,,,,,,,,,,6.816666666666666,,7.166666666666667,,,,,,,,,-0.04883720930232566,,,,,,,,,unknown,unknown,0.0,80.0
fb79f822bed4cd78a171fbd15d1108ca031fde41a38ae67a845158b44b8b2416,2025-07-17,,,,,,,,,,,8.033333333333333,,6.816666666666666,,,,,,,,,0.17848410757946212,,,,,,,,,unknown,unknown,0.0,80.0
fb79f822bed4cd78a171fbd15d1108ca031fde41a38ae67a845158b44b8b2416,2025-07-18,,,,,,,,,,,7.5,,6.816666666666666,,,,,,,,,0.10024449877750614,,,,,,,,,unknown,unknown,0.0,80.0
fb79f822bed4cd78a171fbd15d1108ca031fde41a38ae67a845158b44b8b2416,2025-07-19,,,,,,,,,,,10.966666666666667,,6.816666666666666,,,,,,,,,0.6088019559902201,,,,,,,,,unknown,unknown,0.0,80.0
fb79f822bed4cd78a171fbd15d1108ca031fde41a38ae67a845158b44b8b2416,2025-07-20,,,,,,,,,,,5.816666666666666,,7.5,,,,,,,,,-0.22444444444444447,,,,,,,,,unknown,unknown,0.0,60.0
fb79f822bed4cd78a171fbd15d1108ca031fde41a38ae67a845158b44b8b2416,2025-07-21,,,,,,,,,,,7.866666666666666,,7.5,,,,,,,,,0.048888888888888836,,,,,,,,,unknown,unknown,0.0,80.0
fb79f822bed4cd78a171fbd15d1108ca031fde41a38ae67a845158b44b8b2416,2025-07-22,,,,,,,,,,,6.45,,7.866666666666666,,,,,,,,,-0.1800847457627118,,,,,,,,,unknown,unknown,0.0,60.0
fb79f822bed4cd78a171fbd15d1108ca031fde41a38ae67a845158b44b8b2416,2025-07-23,,,,,,,,,,,7.316666666666666,,7.5,,,,,,,,,-0.024444444444444477,,,,,,,,,unknown,unknown,0.0,80.0
fb79f822bed4cd78a171fbd15d1108ca031fde41a38ae67a845158b44b8b2416,2025-07-24,,,,,,,,,,,7.583333333333333,,7.5,,,,,,,,,0.011111111111111072,,,,,,,,,unknown,unknown,0.0,80.0
fb79f822bed4cd78a171fbd15d1108ca031fde41a38ae67a845158b44b8b2416,2025-07-25,,,,,,,,,,,9.183333333333334,,7.5,,,,,,,,,0.22444444444444447,,,,,,,,,unknown,unknown,0.0,80.0
fb79f822bed4cd78a171fbd15d1108ca031fde41a38ae67a845158b44b8b2416,2025-07-26,,,,,,,,,,,8.25,,7.583333333333333,,,,,,,,,0.08791208791208796,,,,,,,,,unknown,unknown,0.0,80.0
fb79f822bed4cd78a171fbd15d1108ca031fde41a38ae67a845158b44b8b2416,2025-07-27,,,,,,,,,,,5.95,,7.583333333333333,,,,,,,,,-0.21538461538461534,,,,,,,,,unknown,unknown,0.0,60.0
fb79f822bed4cd78a171fbd15d1108ca031fde41a38ae67a845158b44b8b2416,2025-07-28,,,,,,,,,,,7.983333333333333,,7.583333333333333,,,,,,,,,0.052747252747252796,,,,,,,,,unknown,unknown,0.0,80.0
fb79f822bed4cd78a171fbd15d1108ca031fde41a38ae67a845158b44b8b2416,2025-07-29,,,,,,,,,,,9.25,,7.583333333333333,,,,,,,,,0.21978021978021983,,,,,,,,,unknown,unknown,0.0,80.0
fb79f822bed4cd78a171fbd15d1108ca031fde41a38ae67a845158b44b8b2416,2025-07-30,,,,,,,,,,,5.816666666666666,,7.983333333333333,,,,,,,,,-0.2713987473903967,,,,,,,,,unknown,unknown,0.0,60.0
fb79f822bed4cd78a171fbd15d1108ca031fde41a38ae67a845158b44b8b2416,2025-07-31,,,,,,,,,,,7.716666666666667,,7.983333333333333,,,,,,,,,-0.03340292275574112,,,,,,,,,unknown,unknown,0.0,80.0
fb79f822bed4cd78a171fbd15d1108ca031fde41a38ae67a845158b44b8b2416,2025-08-01,,,,,,,,,,,8.483333333333333,,7.983333333333333,,,,,,,,,0.0626304801670145,,,,,,,,,unknown,unknown,0.0,80.0
fb79f822bed4cd78a171fbd15d1108ca031fde41a38ae67a845158b44b8b2416,2025-08-02,,,,,,,,,,,8.5,,7.983333333333333,,,,,,,,,0.06471816283924843,,,,,,,,,unknown,unknown,0.0,80.0
fb79f822bed4cd78a171fbd15d1108ca031fde41a38ae67a845158b44b8b2416,2025-08-03,,,,,,,,,,,6.45,,7.983333333333333,,,,,,,,,-0.19206680584551147,,,,,,,,,unknown,unknown,0.0,60.0
fb79f822bed4cd78a171fbd15d1108ca031fde41a38ae67a845158b44b8b2416,2025-08-04,,,,,,,,,,,6.916666666666667,,7.983333333333333,,,,,,,,,-0.13361169102296447,,,,,,,,,unknown,unknown,0.0,73.0
fb79f822bed4cd78a171fbd15d1108ca031fde41a38ae67a845158b44b8b2416,2025-08-06,,,,,,,,,,,8.3,,7.716666666666667,,,,,,,,,0.07559395248380137,,,,,,,,,unknown,unknown,0.0,80.0
fb79f822bed4cd78a171fbd15d1108ca031fde41a38ae67a845158b44b8b2416,2025-08-07,,,,,,,,,,,8.366666666666667,,7.716666666666667,,,,,,,,,0.08423326133909292,,,,,,,,,unknown,unknown,0.0,80.0
fb79f822bed4cd78a171fbd15d1108ca031fde41a38ae67a845158b44b8b2416,2025-08-09,,,,,,,,,,,11.15,,8.3,,,,,,,,,0.34337349397590355,,,,,,,,,unknown,unknown,0.0,80.0
fb79f822bed4cd78a171fbd15d1108ca031fde41a38ae67a845158b44b8b2416,2025-08-11,,,,,,,,,,,10.116666666666667,,8.366666666666667,,,,,,,,,0.2091633466135458,,,,,,,,,unknown,unknown,0.0,80.0
fb79f822bed4cd78a171fbd15d1108ca031fde41a38ae67a845158b44b8b2416,2025-08-12,,,,,,,,,,,8.4,,8.366666666666667,,,,,,,,,0.003984063745019906,,,,,,,,,unknown,unknown,0.0,80.0
fb79f822bed4cd78a171fbd15d1108ca031fde41a38ae67a845158b44b8b2416,2025-08-13,,,,,,,,,,,9.15,,8.366666666666667,,,,,,,,,0.09362549800796811,,,,,,,,,unknown,unknown,0.0,80.0
fb79f822bed4cd78a171fbd15d1108ca031fde41a38ae67a845158b44b8b2416,2025-08-14,,,,,,,,,,,10.333333333333334,,8.4,,,,,,,,,0.23015873015873017,,,,,,,,,unknown,unknown,0.0,80.0
fb79f822bed4cd78a171fbd15d1108ca031fde41a38ae67a845158b44b8b2416,2025-08-15,,,,,,,,,,,8.233333333333333,,9.15,,,,,,,,,-0.10018214936247735,,,,,,,,,unknown,unknown,0.0,73.0
fb79f822bed4cd78a171fbd15d1108ca031fde41a38ae67a845158b44b8b2416,2025-08-16,,,,,,,,,,,7.166666666666667,,9.15,,,,,,,,,-0.2167577413479053,,,,,,,,,unknown,unknown,0.0,60.0
fb79f822bed4cd78a171fbd15d1108ca031fde41a38ae67a845158b44b8b2416,2025-08-17,,,,,,,,,,,9.633333333333333,,9.15,,,,,,,,,0.052823315118396996,,,,,,,,,unknown,unknown,0.0,80.0
fb79f822bed4cd78a171fbd15d1108ca031fde41a38ae67a845158b44b8b2416,2025-08-18,,,,,,,,,,,10.933333333333334,,9.15,,,,,,,,,0.1948998178506375,,,,,,,,,unknown,unknown,0.0,80.0
fb79f822bed4cd78a171fbd15d1108ca031fde41a38ae67a845158b44b8b2416,2025-08-19,,,,,,,,,,,7.683333333333334,,9.15,,,,,,,,,-0.16029143897996356,,,,,,,,,unknown,unknown,0.0,60.0
fb79f822bed4cd78a171fbd15d1108ca031fde41a38ae67a845158b44b8b2416,2025-08-20,,,,,,,,,,,9.183333333333334,,9.15,,,,,,,,,0.0036429872495446136,,,,,,,,,unknown,unknown,0.0,80.0
fb79f822bed4cd78a171fbd15d1108ca031fde41a38ae67a845158b44b8b2416,2025-08-22,,,,,,,,,,,3.8,,9.183333333333334,,,,,,,,,-0.5862068965517242,,,,,,,,,unknown,unknown,0.0,50.0
fb79f822bed4cd78a171fbd15d1108ca031fde41a38ae67a845158b44b8b2416,2025-08-23,,,,,,,,,,,8.033333333333333,,8.233333333333333,,,,,,,,,-0.02429149797570842,,,,,,,,,unknown,unknown,0.0,80.0
fb79f822bed4cd78a171fbd15d1108ca031fde41a38ae67a845158b44b8b2416,2025-08-24,,,,,,,,,,,12.266666666666667,,8.033333333333333,,,,,,,,,0.5269709543568466,,,,,,,,,unknown,unknown,0.0,80.0
fb79f822bed4cd78a171fbd15d1108ca031fde41a38ae67a845158b44b8b2416,2025-08-25,,,,,,,,,,,7.166666666666667,,9.183333333333334,,,,,,,,,-0.21960072595281305,,,,,,,,,unknown,unknown,0.0,60.0
fb79f822bed4cd78a171fbd15d1108ca031fde41a38ae67a845158b44b8b2416,2025-08-26,,,,,,,,,,,7.9,,8.033333333333333,,,,,,,,,-0.016597510373443924,,,,,,,,,unknown,unknown,0.0,80.0
fb79f822bed4cd78a171fbd15d1108ca031fde41a38ae67a845158b44b8b2416,2025-08-27,,,,,,,,,,,7.35,,7.9,,,,,,,,,-0.06962025316455706,,,,,,,,,unknown,unknown,0.0,73.0
fb79f822bed4cd78a171fbd15d1108ca031fde41a38ae67a845158b44b8b2416,2025-08-28,,,,,,,,,,,6.766666666666667,,7.9,,,,,,,,,-0.1434599156118144,,,,,,,,,unknown,unknown,0.0,73.0
fb79f822bed4cd78a171fbd15d1108ca031fde41a38ae67a845158b44b8b2416,2025-08-29,,,,,,,,,,,9.133333333333333,,7.35,,,,,,,,,0.24263038548752833,,,,,,,,,unknown,unknown,0.0,80.0
fb79f822bed4cd78a171fbd15d1108ca031fde41a38ae67a845158b44b8b2416,2025-08-30,,,,,,,,,,,9.1,,7.9,,,,,,,,,0.15189873417721508,,,,,,,,,unknown,unknown,0.0,80.0
flamingo_1220,2025-02-13,1.9833333333333334,0.0,0.0,92.0,98.0,6.0,1.065217391304348,0.0,1.0,1.8246666666666667,,,,,,,,,,,,,,,,,,,,,unknown,unknown,0.0,70.0
flamingo_1220,2025-02-14,8.35,64.0,878.0,132.0,161.0,29.0,1.2196969696969697,760.02,1.0,11.022,,,,,,,,,,,,,,,,,,,,,unknown,unknown,0.0,70.0
flamingo_1220,2025-02-15,1.0333333333333334,6.0,0.0,106.0,114.0,8.0,1.0754716981132075,0.0,1.0,1.0953333333333335,,,,,,,,,,,,,,,,,,,,,unknown,unknown,0.0,70.0
flamingo_1220,2025-02-23,15.0,104.0,2216.0,120.66666666666667,152.0,15.0,1.1280770579599018,109.55,3.0,18.1,,,,0.0,106.0,114.0,8.0,1.0754716981132075,1.9833333333333334,1.8246666666666667,,,,0.1383647798742139,0.3333333333333333,0.875,0.04891375564692622,6.5630252100840325,8.919620021921814,,normal,high,3.3222993976097417,50.0
fox_1069,2024-10-09,72.6,900.0,0.0,141.0,185.0,44.0,1.3120567375886525,5550.0,1.0,102.36599999999999,,,,,,,,,,,,,,,,,,,,,unknown,unknown,0.0,70.0
fox_1069,2024-10-29,5.433333333333334,0.0,0.0,116.5,134.0,7.0,1.0639283047050037,0.0,2.0,6.329833333333333,,,,,,,,,,,,,,,,,,,,,unknown,unknown,0.0,70.0
gr_117,2025-03-04,0.38333333333333336,0.0,0.0,64.0,66.0,2.0,1.03125,0.0,1.0,0.24533333333333335,,,,,,,,,,,,,,,,,,,,,unknown,unknown,0.0,70.0
gr_128,2025-03-11,0.5833333333333334,0.0,0.0,77.0,83.0,6.0,1.077922077922078,0.0,1.0,0.4491666666666667,,,,,,,,,,,,,,,,,,,,,unknown,unknown,0.0,70.0
gr_137,2024-11-25,0.25,0.0,0.0,100.0,103.0,3.0,1.03,0.0,1.0,0.25,,,,,,,,,,,,,,,,,,,,,unknown,unknown,0.0,70.0
gr_137,2024-11-28,0.05,0.0,0.0,90.0,91.0,1.0,1.011111111111111,0.0,1.0,0.045,,,,,,,,,,,,,,,,,,,,,unknown,unknown,0.0,70.0
gr_137,2024-12-04,20.366666666666667,0.0,0.0,,,,,0.0,2.0,12.22,,,,,,,,,,,,,,,,,,,,,unknown,unknown,0.0,70.0
gr_137,2024-12-05,59.18333333333333,23.0,1966.0,,,,,740.72,3.0,35.51,,,,0.0,,,,,0.25,0.25,,,,,,,,235.73333333333332,141.04,,unknown,high,49.364,50.0
gr_137,2025-01-05,184.96666666666667,261.0,6234.0,95.0,138.0,43.0,1.4526315789473685,1165.25,1.0,175.71833333333333,,,,0.0,,,,,10.308333333333334,6.235,,,,,,,,16.94341147938561,27.182571504945198,,unknown,high,9.513900026730818,50.0
gr_137,2025-01-06,30.233333333333334,50.0,22.0,96.5,127.0,15.5,1.1584854994629432,0.49,2.0,29.17516666666667,,,,0.0,95.0,103.0,3.0,1.03,20.366666666666667,12.22,,,,0.015789473684210527,0.23300970873786409,4.166666666666667,0.12474320336208077,0.4844517184942717,1.3874931805782873,,normal,high,1.1185173500445058,55.0
gr_137,2025-01-07,13.783333333333333,26.0,128.0,98.5,111.0,11.0,1.111701030927835,1.33,2.0,13.576583333333334,,,,11.0,95.75,115.0,9.25,1.0942427497314715,25.3,20.697583333333334,,,10.636363636363637,0.028720626631853787,-0.034782608695652174,0.1891891891891892,0.01595466929129554,-0.4552042160737813,-0.34404982868370304,,normal,low,-0.07767874834499078,70.0
gr_137,2025-01-08,4.483333333333333,7.0,12.0,93.0,102.0,9.0,1.096774193548387,0.0,1.0,4.1695,,,,22.0,96.5,111.0,11.0,1.111701030927835,20.366666666666667,13.576583333333334,,,-0.45454545454545453,-0.03626943005181347,-0.08108108108108109,-0.18181818181818182,-0.013427024860262957,-0.7798690671031097,-0.692890332005475,,normal,low,-0.2879190585005503,73.0
gr_137,2025-01-09,27.55,63.0,672.0,105.5,137.0,19.0,1.1799909255898366,276.41,2.0,29.065250000000002,,,,22.0,95.0,111.0,11.0,1.111701030927835,20.366666666666667,13.576583333333334,,,29.545454545454547,0.11052631578947368,0.23423423423423423,0.7272727272727273,0.06142829120614048,0.35270049099836337,1.1408368575795336,,normal,high,0.5636469671384827,55.0
gr_137,2025-01-10,19.4,29.0,0.0,91.5,102.0,6.0,1.0650537634408601,0.0,2.0,17.750999999999998,,,,128.0,96.5,127.0,15.5,1.1584854994629432,27.55,29.065250000000002,,,-1.0,-0.05181347150259067,-0.1968503937007874,-0.6129032258064516,-0.08064989683979357,-0.29582577132486393,-0.38927069266564035,,normal,low,-0.2540869620552372,70.0
gr_137,2025-01-11,78.88333333333334,133.0,480.0,103.0,122.0,16.0,1.155731523378582,13.62,2.0,81.24983333333334,,,,128.0,95.75,119.0,13.25,1.1350932651953891,27.55,29.065250000000002,,,2.75,0.07571801566579635,0.025210084033613446,0.20754716981132076,0.01818199333571098,1.8632788868723535,1.795428676282961,,normal,high,0.6973911200036327,50.0
gr_137,2025-01-12,136.4,216.0,1540.0,97.5,128.0,28.0,1.2873684210526317,214.88,2.0,132.99,,,,128.0,96.5,122.0,15.5,1.155731523378582,27.55,29.065250000000002,,,11.03125,0.010362694300518135,0.04918032786885246,0.8064516129032258,0.11389920151111897,3.9509981851179674,3.5755670431185003,,normal,high,1.3775975541772179,50.0
gr_137,2025-01-13,26.416666666666668,47.0,536.0,101.0,120.0,19.0,1.188118811881188,53.64,1.0,26.680833333333336,,,,128.0,97.5,122.0,15.5,1.155731523378582,27.55,29.065250000000002,,,3.1875,0.035897435897435895,-0.01639344262295082,0.22580645161290322,0.028023193836512576,-0.041137326073805186,-0.08203668183369028,,normal,normal,0.02310684704886183,70.0
gr_137,2025-01-14,64.18333333333334,127.0,1396.0,110.0,159.0,25.5,1.2225000000000001,572.64,2.0,70.60166666666667,,,,480.0,98.5,120.0,16.0,1.155731523378582,26.416666666666668,26.680833333333336,,,1.9083333333333334,0.116751269035533,0.325,0.59375,0.05777161500815683,1.4296529968454257,1.6461567292375925,,normal,high,0.7235929897509239,50.0
gr_137,2025-01-15,18.0,30.0,12.0,99.33333333333333,115.0,12.0,1.1257541478129713,0.0,3.0,17.88,,,,536.0,101.0,122.0,19.0,1.1799909255898366,27.55,29.065250000000002,,,-0.9776119402985075,-0.01650165016501655,-0.05737704918032787,-0.3684210526315789,-0.045963724466570974,-0.34664246823956446,-0.3848324029554194,,normal,low,-0.1982053240116419,70.0
gr_137,2025-01-16,23.95,46.0,106.0,104.0,117.0,9.0,1.0877080331321205,2.94,3.0,24.907999999999998,,,,536.0,101.0,122.0,19.0,1.1799909255898366,27.55,29.065250000000002,,,-0.8022388059701493,0.0297029702970297,-0.040983606557377046,-0.5263157894736842,-0.07820644248733279,-0.13067150635208716,-0.1430316271148538,,normal,normal,-0.1141569527627366,70.0
gr_137,2025-01-17,11.85,20.0,4.0,97.0,110.0,13.0,1.134020618556701,0.0,1.0,11.4945,,,,480.0,101.0,120.0,16.0,1.155731523378582,26.416666666666668,26.680833333333336,,,-0.9916666666666667,-0.039603960396039604,-0.08333333333333333,-0.1875,-0.018785422377692877,-0.5514195583596215,-0.569185120404785,,normal,low,-0.24714177233969453,73.0
gr_137,2025-01-21,23.333333333333332,44.0,74.0,102.0,121.0,19.0,1.1862745098039216,6.19,1.0,23.8,,,,480.0,101.0,120.0,16.0,1.155731523378582,26.416666666666668,26.680833333333336,,,-0.8458333333333333,0.009900990099009901,0.008333333333333333,0.1875,0.026427406199021307,-0.11671924290220828,-0.10797388887153705,,normal,normal,-0.004715366055533021,70.0
gr_137,2025-01-22,103.3,163.0,768.0,94.0,124.0,23.666666666666668,1.2512560867238596,97.18,3.0,97.10199999999999,,,,106.0,101.0,120.0,19.0,1.1862745098039216,23.95,24.907999999999998,,,6.245283018867925,-0.06930693069306931,0.03333333333333333,0.24561403508771937,0.05477785823003038,3.313152400835073,2.898426208447085,,normal,high,1.016637812873103,50.0
gr_137,2025-01-23,40.4,74.0,192.0,103.0,126.0,23.0,1.2233009708737863,0.43,1.0,41.611999999999995,,,,106.0,101.0,120.0,19.0,1.1862745098039216,23.95,24.907999999999998,,,0.8113207547169812,0.019801980198019802,0.05,0.21052631578947367,0.031212388670464487,0.6868475991649269,0.6706279107114179,,normal,high,0.2761997062164272,55.0
gr_137,2025-02-04,16.583333333333332,28.0,10.0,96.0,111.0,15.0,1.15625,0.0,1.0,15.92,,,,106.0,102.0,121.0,19.0,1.1862745098039216,23.95,24.907999999999998,,,-0.9056603773584906,-0.058823529411764705,-0.08264462809917356,-0.21052631578947367,-0.025309917355371903,-0.30758524704244955,-0.36084792034687646,,normal,low,-0.18728748419571015,70.0
gr_137,2025-02-05,0.16666666666666666,0.0,0.0,98.0,99.0,1.0,1.010204081632653,0.0,1.0,0.16333333333333333,,,,74.0,99.33333333333333,117.0,15.0,1.15625,23.333333333333332,23.8,,,-1.0,-0.013422818791946262,-0.15384615384615385,-0.9333333333333333,-0.12630998345284067,-0.9928571428571428,-0.9931372549019608,,normal,low,-0.4943094486116594,73.0
gr_137,2025-02-20,7.85,8.0,34.0,81.0,92.0,11.0,1.1358024691358024,0.0,1.0,6.3585,,,,74.0,98.0,117.0,15.0,1.15625,23.333333333333332,23.8,,,-0.5405405405405406,-0.17346938775510204,-0.21367521367521367,-0.26666666666666666,-0.017684351017684407,-0.6635714285714286,-0.7328361344537816,,low,low,-0.3832273409363745,73.0
gr_137,2025-02-21,1.3833333333333333,3.0,0.0,106.0,110.0,4.0,1.0377358490566038,0.0,1.0,1.4663333333333333,,,,34.0,97.0,111.0,15.0,1.15625,16.583333333333332,15.92,,,-1.0,0.09278350515463918,-0.009009009009009009,-0.7333333333333333,-0.10249872514023459,-0.9165829145728643,-0.907893634840871,,normal,low,-0.3813710196169852,73.0
gr_137,2025-02-24,14.383333333333333,43.0,1338.0,121.0,171.0,16.5,1.138502581550834,1039.38,4.0,17.40383333333333,,,,34.0,98.0,111.0,15.0,1.15625,16.583333333333332,15.92,,,38.35294117647059,0.23469387755102042,0.5405405405405406,0.1,-0.015349118658738111,-0.13266331658291455,0.09320561139028463,,high,normal,0.16496890276210985,65.0
gr_137,2025-02-25,9.116666666666667,13.0,26.0,91.0,99.0,8.0,1.0879120879120878,0.0,1.0,8.296166666666666,,,,34.0,98.0,111.0,15.0,1.138502581550834,14.383333333333333,15.92,,,-0.23529411764705882,-0.07142857142857142,-0.10810810810810811,-0.4666666666666667,-0.044435993785656054,-0.3661645422943221,-0.4788840033500838,,normal,low,-0.273323686886815,70.0
gr_137,2025-02-26,1.0333333333333334,2.0,90.0,99.0,120.0,7.5,1.0722222222222224,35.27,2.0,1.0230000000000001,,,,26.0,98.0,110.0,11.0,1.1358024691358024,9.116666666666667,8.296166666666666,,,2.4615384615384617,0.01020408163265306,0.09090909090909091,-0.3181818181818182,-0.055978260869565,-0.8866544789762341,-0.8766900375675513,,normal,low,-0.34946674505958913,73.0
gr_137,2025-02-27,31.05,39.0,0.0,86.5,113.0,16.5,1.1891042780748664,0.0,2.0,26.85825,,,,26.0,98.0,110.0,8.0,1.0879120879120878,7.85,6.3585,,,-1.0,-0.11734693877551021,0.02727272727272727,1.0625,0.0930150434829581,2.955414012738854,3.223991507430998,,normal,high,1.2290985582130942,50.0
gr_137,2025-03-01,85.38333333333334,148.0,882.0,102.0,122.0,15.0,1.1465384615384617,60.120000000000005,2.0,87.09100000000001,,,,26.0,98.0,110.0,8.0,1.0879120879120878,7.85,6.3585,,,32.92307692307692,0.04081632653061224,0.10909090909090909,0.875,0.05388888888888915,9.876857749469217,12.696783832664936,,normal,high,4.595532504698033,50.0
gr_137,2025-03-02,19.283333333333335,34.0,106.0,99.0,121.0,22.0,1.2222222222222223,8.86,1.0,19.090500000000002,,,,34.0,99.0,113.0,11.0,1.1358024691358024,9.116666666666667,8.296166666666666,,,2.1176470588235294,0.0,0.07079646017699115,1.0,0.07608695652173927,1.1151736745886656,1.3011230086184387,,normal,high,0.6053930530164535,50.0
gr_137,2025-03-04,0.75,2.0,0.0,116.0,119.0,3.0,1.0258620689655173,0.0,1.0,0.87,,,,90.0,99.0,120.0,15.0,1.138502581550834,14.383333333333333,17.40383333333333,,,-1.0,0.1717171717171717,-0.008333333333333333,-0.8,-0.09893742395549177,-0.947856315179606,-0.950011012899457,,high,low,-0.36664526865622404,68.0
gr_137,2025-03-08,92.75,1029.0,3346.0,99.0,151.0,41.0,1.4233837970540097,1014.24,2.0,91.8225,,,,90.0,99.0,120.0,15.0,1.138502581550834,14.383333333333333,17.40383333333333,,,36.17777777777778,0.0,0.25833333333333336,1.7333333333333334,0.25022447917080615,5.448435689455389,4.275992836827136,,normal,high,1.7565974928894976,50.0
gr_137,2025-03-09,15.616666666666667,54.0,1768.0,133.0,150.0,17.0,1.1278195488721805,907.78,1.0,20.770166666666668,,,,90.0,99.0,120.0,15.0,1.1465384615384617,19.283333333333335,19.090500000000002,,,18.644444444444446,0.3434343434343434,0.25,0.13333333333333333,-0.01632645854824931,-0.19014693171996547,0.0879844250630767,,high,normal,0.22251172048924855,65.0
gr_137,2025-03-10,113.46666666666667,206.0,790.0,105.0,122.0,12.0,1.1140202041145437,109.85,3.0,119.14,,,,106.0,99.0,121.0,16.5,1.1465384615384617,19.283333333333335,20.770166666666668,,,6.452830188679245,0.06060606060606061,0.008264462809917356,-0.2727272727272727,-0.028362116505262262,4.884183232497839,4.736111891254283,,normal,high,1.6470331013329382,50.0
gr_137,2025-03-11,14.683333333333334,1.0,222.0,,,,,42.89,1.0,8.81,,,,790.0,102.0,122.0,16.5,1.1465384615384617,31.05,26.85825,,,-0.7189873417721518,,,,,-0.5271068169618894,-0.671981607141195,,unknown,low,-0.23519356249941825,73.0
gr_137,2025-03-13,92.71666666666667,2.0,646.0,,,,,71.52,2.0,55.63,,,,790.0,103.5,122.0,16.0,1.1371790052053212,19.283333333333335,20.770166666666668,,,-0.18227848101265823,,,,,3.808124459809853,1.6783607899150224,,unknown,high,0.5874262764702578,50.0
gr_137,2025-03-16,22.033333333333335,22.0,1324.0,,,,,726.82,2.0,13.22,,,,646.0,105.0,122.0,17.0,1.1278195488721805,19.283333333333335,20.770166666666668,,,1.0495356037151702,,,,,0.14261019878997405,-0.363510162813651,,unknown,low,-0.12722855698477784,70.0
gr_137,2025-03-27,79.7,166.0,730.0,102.33333333333333,147.0,20.0,1.1905306754864278,0.0,3.0,81.55966666666666,,,,790.0,110.5,136.0,14.5,1.120919876493362,22.033333333333335,20.770166666666668,,,-0.0759493670886076,-0.0739064856711916,0.08088235294117647,0.3793103448275862,0.06210149400761195,2.6172465960665656,2.926769966538544,,normal,high,1.0443127971770325,50.0
gr_137,2025-03-28,98.28333333333333,193.0,498.0,116.0,162.0,39.5,1.3530093457943924,0.0,2.0,114.00866666666667,,,,790.0,103.66666666666666,148.5,18.5,1.1591751121793041,79.7,55.63,,,-0.369620253164557,0.11897106109324769,0.09090909090909091,1.135135135135135,0.16721738724244234,0.23316603931409446,1.0494097908802205,,normal,high,0.5970492276249713,55.0
gr_137,2025-04-02,76.18333333333334,147.0,1762.0,110.0,134.0,24.0,1.2181818181818183,0.0,1.0,83.80166666666668,,,,730.0,110.5,148.5,18.5,1.1591751121793041,79.7,55.63,,,1.4136986301369863,-0.004524886877828055,-0.09764309764309764,0.2972972972972973,0.0509040483897025,-0.044123797574236706,0.5064114087123256,,normal,high,0.21957614420499455,55.0
gr_137,2025-04-03,130.71666666666667,263.0,2954.0,113.5,155.0,36.5,1.321417481757491,0.0,2.0,148.36341666666667,,,,730.0,107.5,140.5,22.0,1.2043562468341231,79.7,81.55966666666666,,,3.0465753424657533,0.05581395348837209,0.10320284697508897,0.6590909090909091,0.09719817971724348,0.6401087411125052,0.8190782617225019,,normal,high,0.4134480047106981,55.0
gr_137,2025-04-04,18.583333333333332,35.0,134.0,102.0,126.0,24.0,1.2352941176470589,0.0,1.0,18.955,,,,730.0,111.75,151.0,30.25,1.2697996499696547,79.7,81.55966666666666,,,-0.8164383561643835,-0.087248322147651,-0.16556291390728478,-0.2066115702479339,-0.027173997349440437,-0.7668339606859056,-0.7675934591852999,,normal,low,-0.34327360732587053,73.0
gr_137,2025-04-05,0.31666666666666665,1.0,16.0,107.0,109.0,2.0,1.0186915887850467,7.42,1.0,0.3388333333333333,,,,730.0,110.0,147.0,24.0,1.2352941176470589,79.7,81.55966666666666,,,-0.9780821917808219,-0.02727272727272727,-0.2585034013605442,-0.9166666666666666,-0.17534490431686697,-0.9960267670430782,-0.9958455772665411,,normal,low,-0.49968231567965293,73.0
gr_137,2025-04-06,144.76666666666668,208.0,1520.0,93.0,121.0,22.0,1.2360708907679834,96.89,2.0,134.633,,,,730.0,108.5,140.5,24.0,1.2267379679144386,76.18333333333334,81.55966666666666,,,1.082191780821918,-0.14285714285714285,-0.1387900355871886,-0.08333333333333333,0.007607918803892239,0.9002406475607089,0.6507301403062792,,normal,high,0.14382697767862626,55.0
gr_137,2025-04-07,66.68333333333334,92.0,602.0,92.0,114.0,22.0,1.2391304347826086,48.72,1.0,61.34866666666667,,,,730.0,107.0,134.0,24.0,1.2352941176470589,79.7,83.80166666666668,,,-0.17534246575342466,-0.14018691588785046,-0.14925373134328357,-0.08333333333333333,0.00310559006211172,-0.1633207862818904,-0.26793023209562267,,normal,low,-0.17636903917739316,70.0
gr_137,2025-04-08,,971.0,8186.0,103.0,156.0,53.0,1.5145631067961165,1620.75,1.0,0.0,,,,602.0,107.0,126.0,24.0,1.2360708907679834,76.18333333333334,83.80166666666668,,,12.598006644518273,-0.037383177570093455,0.23809523809523808,1.2083333333333333,0.22530440455167025,,-1.0,,normal,low,-0.18744158878504671,73.0
gr_137,2025-04-09,114.7,202.0,1082.0,108.0,122.0,14.0,1.1296296296296295,135.82,1.0,123.876,,,,1520.0,103.0,126.0,24.0,1.2360708907679834,71.43333333333334,61.34866666666667,,,-0.2881578947368421,0.04854368932038835,-0.031746031746031744,-0.4166666666666667,-0.08611258620629825,0.6056929538030797,1.0192125881573086,,normal,high,0.31849625051525216,55.0
gr_137,2025-04-10,,1096.0,11990.0,99.0,158.0,59.0,1.595959595959596,1678.01,1.0,0.0,,,,1082.0,103.0,122.0,22.0,1.2360708907679834,90.69166666666666,61.34866666666667,,,10.081330868761553,-0.038834951456310676,0.29508196721311475,1.6818181818181819,0.29115539236427623,,-1.0,,normal,low,-0.11714474845542805,73.0
gr_137,2025-04-11,2.3,0.0,0.0,96.0,103.0,7.0,1.0729166666666667,0.0,1.0,2.2079999999999997,,,,1082.0,102.0,122.0,22.0,1.2360708907679834,66.68333333333334,18.955,,,-1.0,-0.058823529411764705,-0.1557377049180328,-0.6818181818181818,-0.13199422890700652,-0.965508622844289,-0.8835135848061199,,normal,low,-0.4409142466607515,73.0
gr_137,2025-04-16,,1486.0,0.0,93.0,152.0,59.0,1.6344086021505377,0.0,1.0,0.0,,,,1082.0,99.0,121.0,22.0,1.2360708907679834,66.68333333333334,2.2079999999999997,,,-1.0,-0.06060606060606061,0.256198347107438,1.6818181818181819,0.32226121847676803,,-1.0,,normal,low,-0.128030303030303,73.0
gr_137,2025-04-19,4.3,3.0,0.0,90.5,107.0,12.5,1.1379120879120879,0.0,2.0,3.8914999999999997,,,,1082.0,96.0,122.0,22.0,1.2391304347826086,90.69166666666666,2.2079999999999997,,,-1.0,-0.057291666666666664,-0.12295081967213115,-0.4318181818181818,-0.08168498168498169,-0.952586602958743,0.7624547101449276,,normal,high,0.173440587944664,55.0
gr_137,2025-04-23,10.95,52.0,0.0,162.0,182.0,20.0,1.123456790123457,0.0,1.0,17.738999999999997,,,,602.0,96.0,122.0,22.0,1.2391304347826086,35.49166666666667,2.2079999999999997,,,-1.0,0.6875,0.4918032786885246,-0.09090909090909091,-0.09335066060212246,-0.691476872505283,7.033967391304348,,high,high,2.792002223320158,50.0
gr_137,2025-04-27,22.066666666666666,33.0,0.0,95.0,114.0,19.0,1.2,0.0,1.0,20.963333333333335,,,,0.0,99.0,152.0,20.0,1.1379120879120879,7.625,2.2079999999999997,,,,-0.04040404040404041,-0.25,-0.05,0.05456301303718011,1.8939890710382514,8.494263285024157,,normal,high,2.945290129556435,50.0
gr_137,2025-04-28,20.2,511.0,2440.0,104.0,131.0,20.5,1.1963079485518646,404.64,2.0,21.007999999999996,,,,0.0,96.0,122.0,19.0,1.1379120879120879,10.95,3.8914999999999997,,,,0.08333333333333333,0.07377049180327869,0.07894736842105263,0.05131842895431854,0.8447488584474886,4.398432481048438,,normal,high,1.592960140296778,55.0
gr_137,2025-05-02,110.38333333333334,161.0,326.0,97.5,138.0,25.0,1.2572585735325057,32.76,2.0,107.62375,,,,0.0,96.0,131.0,20.0,1.1963079485518646,10.95,3.8914999999999997,,,,0.015625,0.05343511450381679,0.25,0.05094894258156693,9.080669710806697,26.65610946935629,,normal,high,9.374950814274701,50.0
gr_137,2025-05-06,0.6833333333333333,1.0,0.0,104.0,112.0,8.0,1.0769230769230769,0.0,1.0,0.7106666666666667,,,,0.0,96.0,131.0,20.0,1.1963079485518646,15.575,17.738999999999997,,,,0.08333333333333333,-0.1450381679389313,-0.6,-0.09979443150344658,-0.9561262707330123,-0.9599376139203637,,normal,low,-0.3843114982054606,73.0
gr_137,2025-05-12,0.06666666666666667,0.0,0.0,90.0,91.0,1.0,1.011111111111111,0.0,1.0,0.06,,,,0.0,97.5,131.0,20.0,1.1963079485518646,15.575,17.738999999999997,,,,-0.07692307692307693,-0.3053435114503817,-0.95,-0.1548069940226804,-0.9957196361690744,-0.9966176221883986,,normal,low,-0.5297777062274779,73.0
gr_137,2025-05-13,20.633333333333333,36.0,52.0,100.0,117.0,17.0,1.17,0.49,1.0,20.633333333333336,,,,0.0,97.5,114.0,19.0,1.1379120879120879,10.95,17.738999999999997,,,,0.02564102564102564,0.02631578947368421,-0.10526315789473684,0.028198937711250583,0.8843226788432269,0.16316214743409096,,normal,high,0.05413779073823413,70.0
gr_137,2025-05-15,161.43333333333334,243.0,1082.0,100.0,124.0,24.0,1.24,155.64,1.0,161.43333333333334,,,,0.0,100.0,117.0,19.0,1.17,20.2,20.633333333333336,,,,0.0,0.05982905982905983,0.2631578947368421,0.05982905982905989,6.9917491749174925,6.823909531502423,,normal,high,2.427842020236374,50.0
gr_137,2025-05-20,319.65,481.0,4832.0,99.0,144.0,36.5,1.3686868686868687,1023.81,2.0,316.45349999999996,,,,52.0,100.0,117.0,19.0,1.1963079485518646,20.633333333333333,20.963333333333335,,,91.92307692307692,-0.01,0.23076923076923078,0.9210526315789473,0.14409243066859956,14.491922455573505,14.095571633010016,,normal,high,5.066607966290348,50.0
gr_137,2025-08-03,3.75,9.0,54.0,111.5,128.0,11.5,1.103126007089913,0.0,2.0,4.18125,,,,326.0,100.0,124.0,20.5,1.1963079485518646,20.633333333333333,21.007999999999996,,,-0.8343558282208589,0.115,0.03225806451612903,-0.43902439024390244,-0.07789126668827101,-0.8182552504038773,-0.8009686785986291,,normal,low,-0.28869269604610553,73.0
gr_176,2025-01-17,5.383333333333334,0.0,0.0,82.0,88.0,6.0,1.0731707317073171,0.0,1.0,4.414333333333334,,,,,,,,,,,,,,,,,,,,,unknown,unknown,0.0,70.0
gr_176,2025-01-18,10.2,0.0,86.0,99.5,133.0,17.5,1.1706857956857957,0.0,2.0,10.149,,,,,,,,,,,,,,,,,,,,,unknown,unknown,0.0,70.0
gr_176,2025-01-19,5.133333333333334,0.0,58.0,103.0,119.0,16.0,1.1553398058252426,0.0,1.0,5.287333333333334,,,,,,,,,,,,,,,,,,,,,unknown,unknown,0.0,70.0
gr_176,2025-01-20,5.1,0.0,0.0,88.0,103.0,15.0,1.1704545454545454,0.0,1.0,4.4879999999999995,,,,58.0,99.5,119.0,16.0,1.1553398058252426,5.383333333333334,5.287333333333334,,,-1.0,-0.11557788944723618,-0.13445378151260504,-0.0625,0.013082505729564578,-0.05263157894736856,-0.15117891816920956,,normal,low,-0.12007656608284142,70.0
gr_176,2025-01-25,5.15,0.0,0.0,91.0,106.0,15.0,1.164835164835165,0.0,1.0,4.6865000000000006,,,,29.0,93.75,111.0,15.5,1.162897175639894,5.258333333333334,4.887666666666666,,,-1.0,-0.029333333333333333,-0.04504504504504504,-0.03225806451612903,0.0016665181031198988,-0.020602218700475447,-0.04115801677692129,,normal,normal,-0.03391068221600847,70.0
gr_176,2025-01-26,5.1,0.0,12.0,95.0,105.0,10.0,1.105263157894737,0.0,1.0,4.845,,,,0.0,91.0,106.0,15.0,1.164835164835165,5.15,4.6865000000000006,,,,0.04395604395604396,-0.009433962264150943,-0.3333333333333333,-0.05114200595829193,-0.009708737864077808,0.033820548383655,,normal,normal,-0.016184786087698765,70.0
gr_176,2025-01-27,5.1,0.0,0.0,94.0,102.0,8.0,1.0851063829787233,0.0,1.0,4.794,,,,6.0,93.0,105.5,15.0,1.160087485330204,5.1416666666666675,4.765750000000001,,,-1.0,0.010752688172043012,-0.03317535545023697,-0.4666666666666667,-0.06463400674487768,-0.008103727714749013,0.005927713371452341,,normal,normal,-0.06254895623397017,70.0
gr_176,2025-02-09,5.566666666666666,0.0,0.0,75.0,95.0,20.0,1.2666666666666666,0.0,1.0,4.175,,,,0.0,94.0,105.0,15.0,1.1553398058252426,5.133333333333334,4.794,,,,-0.20212765957446807,-0.09523809523809523,0.3333333333333333,0.09635854341736697,0.08441558441558428,-0.12911973299958276,,low,normal,-0.096255736337088,70.0
gr_176,2025-02-12,5.1,0.0,0.0,73.0,73.0,0.0,1.0,0.0,1.0,3.7229999999999994,,,,0.0,94.0,105.0,15.0,1.164835164835165,5.133333333333334,4.794,,,,-0.22340425531914893,-0.3047619047619048,-1.0,-0.1415094339622642,-0.006493506493506643,-0.22340425531914898,,low,low,-0.33989361702127663,70.0
gr_176,2025-02-14,5.216666666666667,0.0,0.0,71.0,77.0,6.0,1.0845070422535212,0.0,1.0,3.7038333333333333,,,,0.0,91.0,103.0,15.0,1.1553398058252426,5.1,4.6865000000000006,,,,-0.21978021978021978,-0.2524271844660194,-0.6,-0.06130903065451518,0.022875816993464148,-0.20968028735019037,,low,low,-0.27327821046267653,70.0
gr_176,2025-02-17,5.566666666666666,0.0,0.0,75.0,83.0,8.0,1.1066666666666667,0.0,1.0,4.175,,,,0.0,88.0,102.0,10.0,1.105263157894737,5.1,4.4879999999999995,,,,-0.14772727272727273,-0.18627450980392157,-0.2,0.0012698412698411933,0.09150326797385624,-0.06974153297682704,,normal,normal,-0.1282731729055258,70.0
gr_248,2025-06-18,5.233333333333333,0.0,6.0,98.0,109.0,11.0,1.1122448979591837,0.0,1.0,5.128666666666667,,,,,,,,,,,,,,,,,,,,,unknown,unknown,0.0,70.0
gr_359,2025-04-13,34.28333333333333,422.0,5462.0,154.0,174.0,20.0,1.12987012987013,5676.44,1.0,52.79633333333333,,,,,,,,,,,,,,,,,,,,,unknown,unknown,0.0,70.0
gr_359,2025-04-20,32.083333333333336,385.0,4994.0,151.0,173.0,22.0,1.1456953642384107,5414.58,1.0,48.44583333333334,,,,,,,,,,,,,,,,,,,,,unknown,unknown,0.0,70.0
gr_359,2025-04-22,39.983333333333334,486.0,6332.0,150.0,172.0,14.5,1.0962180200222469,6822.98,2.0,59.975,,,,,,,,,,,,,,,,,,,,,unknown,unknown,0.0,70.0
gr_359,2025-04-25,28.933333333333334,343.0,4684.0,149.0,167.0,18.0,1.1208053691275168,5019.37,1.0,43.11066666666667,,,,5462.0,151.0,173.0,20.0,1.12987012987013,34.28333333333333,52.79633333333333,,,-0.14243866715488832,-0.013245033112582781,-0.03468208092485549,-0.1,-0.008022834220473651,-0.15605250364608647,-0.1834533963848499,,normal,low,-0.08583120529098885,70.0
gr_359,2025-04-27,28.583333333333332,346.0,4606.0,153.0,167.0,14.0,1.091503267973856,5013.08,1.0,43.7325,,,,5228.0,150.5,172.5,19.0,1.1253377494988235,33.18333333333334,50.62108333333333,,,-0.11897475133894414,0.016611295681063124,-0.03188405797101449,-0.2631578947368421,-0.030066068200445405,-0.13862380713209455,-0.13608130999435342,,normal,normal,-0.07879649486801844,70.0
gr_359,2025-04-29,72.45,479.0,6274.0,120.33333333333333,164.0,31.333333333333332,1.2641385727331127,5885.8,3.0,87.1815,,,,4994.0,151.0,172.0,18.0,1.1208053691275168,32.083333333333336,48.44583333333334,,,0.2563075690828995,-0.20309050772626935,-0.046511627906976744,0.7407407407407407,0.12788411579181908,1.258181818181818,0.7995665261890424,,low,high,0.2894141414141413,50.0
gr_359,2025-05-03,67.98333333333333,442.0,4982.0,116.0,160.0,44.0,1.3793103448275863,4293.16,1.0,78.86066666666666,,,,5228.0,150.5,169.5,19.0,1.1253377494988235,33.18333333333334,50.62108333333333,,,-0.047054322876817135,-0.2292358803986711,-0.05604719764011799,1.3157894736842106,0.2256856623194869,1.0487192365645401,0.5578620897419223,,low,high,0.27800221226296884,50.0
gr_359,2025-05-04,31.95,427.0,5182.0,165.0,185.0,20.0,1.121212121212121,5496.73,1.0,52.7175,,,,4994.0,150.0,167.0,20.0,1.12987012987013,34.28333333333333,52.79633333333333,,,0.03764517420905086,0.1,0.10778443113772455,0.0,-0.007662835249042279,-0.06806028196402525,-0.0014931592471698495,,normal,normal,0.04947739426349056,70.0
gr_359,2025-05-06,89.18333333333334,542.0,5184.0,114.0,169.0,55.0,1.4824561403508771,5090.74,1.0,101.669,,,,4994.0,150.0,167.0,20.0,1.121212121212121,32.083333333333336,52.7175,,,0.03804565478574289,-0.24,0.011976047904191617,1.75,0.32219061166429597,1.7797402597402596,0.928562621520368,,low,high,0.4674969175321288,50.0
gr_359,2025-05-11,40.88333333333333,495.0,6654.0,149.0,169.0,16.0,1.1072909156452777,7039.120000000001,2.0,60.91616666666667,,,,5182.0,149.0,167.0,20.0,1.121212121212121,39.983333333333334,59.975,,,0.28406020841373986,0.0,0.011976047904191617,-0.2,-0.012416210370427897,0.022509378907878245,0.01569264971515911,,normal,normal,-0.024507572599694313,70.0
gr_359,2025-05-13,79.23333333333333,444.0,5310.0,108.0,152.0,44.0,1.4074074074074074,5003.87,1.0,85.572,,,,5182.0,149.0,167.0,20.0,1.121212121212121,40.88333333333333,60.91616666666667,,,0.024700887688151294,-0.2751677852348993,-0.08982035928143713,1.2,0.2552552552552554,0.9380350591112924,0.4047502441880508,,low,high,0.1840786928483681,63.0
gr_359,2025-05-17,67.78333333333333,494.0,4980.0,126.0,172.0,46.0,1.3650793650793651,4462.34,1.0,85.40699999999998,,,,5184.0,120.33333333333333,167.0,31.333333333333332,1.2641385727331127,67.98333333333333,78.86066666666666,,,-0.03935185185185185,0.047091412742382315,0.029940119760479042,0.4680851063829788,0.07984946786966149,-0.002941897523902959,0.08301138717231221,,normal,normal,0.12281245783894724,70.0
gr_359,2025-05-18,33.916666666666664,412.0,5158.0,145.0,173.0,16.0,1.109916367980884,5528.15,2.0,49.17916666666666,,,,5184.0,120.33333333333333,169.0,44.0,1.3650793650793651,67.98333333333333,85.40699999999998,,,-0.005015432098765432,0.20498614958448758,0.023668639053254437,-0.6363636363636364,-0.18692173043260818,-0.5011032115714636,-0.42417873632528164,,high,low,-0.1414240283761502,65.0
gr_359,2025-05-22,72.65,592.0,5964.0,126.0,173.0,37.0,1.2928030303030302,5165.71,2.0,91.53900000000002,,,,5182.0,126.0,169.0,44.0,1.3650793650793651,67.78333333333333,78.86066666666666,,,0.1509069857197993,0.0,0.023668639053254437,-0.1590909090909091,-0.052946617336152295,0.0717973936562578,0.16076878207133286,,normal,high,0.03240543736133013,70.0
gr_359,2025-05-25,27.95,356.0,4622.0,158.0,178.0,20.0,1.1265822784810127,5012.92,1.0,44.160999999999994,,,,5184.0,126.0,172.0,37.0,1.2928030303030302,67.78333333333333,85.40699999999998,,,-0.10841049382716049,0.25396825396825395,0.03488372093023256,-0.4594594594594595,-0.128573918784098,-0.5876567494467666,-0.48293465406816766,,high,low,-0.11096192085865063,65.0
gr_359,2025-05-27,68.65,520.0,5608.0,124.0,160.0,36.0,1.2903225806451613,5424.32,1.0,85.126,,,,5184.0,126.0,172.0,37.0,1.2928030303030302,67.78333333333333,85.40699999999998,,,0.08179012345679013,-0.015873015873015872,-0.06976744186046512,-0.02702702702702703,-0.0019186601514134486,0.01278583722645696,-0.003290128443804109,,normal,normal,-0.013142106945893428,70.0
gr_359,2025-05-29,74.31666666666666,529.0,6586.0,120.0,163.0,43.0,1.3583333333333334,6299.76,1.0,89.18,,,,5310.0,126.0,172.0,36.0,1.2903225806451613,67.78333333333333,85.126,,,0.24030131826741996,-0.047619047619047616,-0.05232558139534884,0.19444444444444445,0.052708333333333406,0.09638554216867468,0.047623522777999694,,normal,normal,0.02202537582944275,70.0
gr_359,2025-05-31,68.43333333333334,541.0,5680.0,129.0,176.0,47.0,1.3643410852713178,5561.42,1.0,88.279,,,,5310.0,126.0,172.0,37.0,1.2928030303030302,68.65,85.40699999999998,,,0.0696798493408663,0.023809523809523808,0.023255813953488372,0.2702702702702703,0.055335618258505484,-0.00315610585093472,0.03362722025126763,,normal,normal,0.06421482953324611,70.0
gr_359,2025-06-05,57.733333333333334,504.0,4638.0,134.0,166.0,32.0,1.2388059701492538,4030.0,1.0,77.36266666666667,,,,5608.0,126.0,173.0,37.0,1.2928030303030302,68.43333333333334,85.40699999999998,,,-0.17296718972895864,0.06349206349206349,-0.04046242774566474,-0.13513513513513514,-0.04176743006327861,-0.15635655138821242,-0.09418822032542197,,normal,normal,-0.021490115638136215,70.0
gr_359,2025-06-07,26.233333333333334,330.0,4060.0,150.5,176.0,20.0,1.1344450349898132,4679.2699999999995,2.0,39.48116666666667,,,,5608.0,129.0,173.0,36.0,1.2903225806451613,68.43333333333334,85.126,,,-0.2760342368045649,0.16666666666666666,0.017341040462427744,-0.4444444444444444,-0.12080509788289474,-0.61665854846566,-0.5362031968297974,,high,low,-0.17100445222376243,68.0
gr_359,2025-06-10,66.95,468.0,4512.0,119.0,165.0,46.0,1.3865546218487395,3903.45,1.0,79.6705,,,,5608.0,129.0,173.0,36.0,1.2903225806451613,68.43333333333334,85.126,,,-0.19543509272467904,-0.07751937984496124,-0.046242774566473986,0.2777777777777778,0.07457983193277311,-0.021675596687774003,-0.06408735286516458,,normal,normal,-0.01952359675862155,70.0
gr_359,2025-06-12,136.96666666666667,694.0,5854.0,110.0,156.0,46.0,1.4181818181818182,4480.38,1.0,150.66333333333333,,,,4638.0,129.0,166.0,36.0,1.2903225806451613,66.95,79.6705,,,0.26218197498921947,-0.14728682170542637,-0.060240963855421686,0.2777777777777778,0.09909090909090915,1.0458053273587253,0.8910805547013426,,normal,high,0.2799014499594234,50.0
gr_359,2025-06-14,65.71666666666667,457.0,4772.0,124.0,169.0,45.0,1.3629032258064515,4265.23,1.0,81.48866666666667,,,,5608.0,124.0,165.0,43.0,1.3583333333333334,68.43333333333334,85.126,,,-0.14907275320970043,0.0,0.024242424242424242,0.046511627906976744,0.003364338017019475,-0.039698002922552385,-0.04272881767419273,,normal,normal,-0.007978341999920943,70.0
gr_359,2025-06-17,73.46666666666667,457.0,4994.0,113.0,150.0,37.0,1.3274336283185841,4962.78,1.0,83.01733333333334,,,,4772.0,124.0,166.0,45.0,1.3629032258064515,66.95,81.48866666666667,,,0.04652137468566639,-0.08870967741935484,-0.0963855421686747,-0.17777777777777778,-0.026025030109441155,0.09733632063729149,0.01875925486570729,,normal,normal,-0.06445576617334654,70.0
gr_359,2025-06-19,24.4,300.0,3776.0,156.5,170.0,12.5,1.0798628123468887,4376.81,2.0,38.186,,,,4772.0,124.0,166.0,45.0,1.3629032258064515,66.95,81.48866666666667,,,-0.20871751886001677,0.2620967741935484,0.024096385542168676,-0.7222222222222222,-0.20767462289340702,-0.6355489171023152,-0.5313949588081779,,high,low,-0.1632731818194214,68.0
gr_359,2025-06-21,51.0,465.0,5002.0,139.0,172.0,33.0,1.2374100719424461,4478.34,1.0,70.89,,,,4638.0,124.0,166.0,37.0,1.3274336283185841,65.71666666666667,79.6705,,,0.07848210435532557,0.12096774193548387,0.03614457831325301,-0.10810810810810811,-0.0678177458033573,-0.2239411615521177,-0.11021017817134326,,normal,normal,0.0056940923915555774,70.0
gr_359,2025-06-24,153.01666666666668,642.0,5554.0,97.0,153.0,56.0,1.577319587628866,3550.64,1.0,148.4261666666667,,,,4772.0,124.0,169.0,37.0,1.3274336283185841,65.71666666666667,79.6705,,,0.16387259010896899,-0.21774193548387097,-0.09467455621301775,0.5135135135135135,0.18824742268041228,1.32843012934314,0.8630003158843823,,low,high,0.2702061698446253,50.0
gr_359,2025-06-26,95.61666666666666,495.0,4992.0,105.0,152.0,47.0,1.4476190476190476,4015.87,1.0,100.3975,,,,4994.0,119.0,165.0,45.0,1.3629032258064515,66.95,81.48866666666667,,,-0.00040048057669203043,-0.11764705882352941,-0.07878787878787878,0.044444444444444446,0.062158354466046825,0.42818023400547656,0.23204249261656,,normal,high,0.02905800967069795,70.0
gr_359,2025-07-03,30.85,407.0,4928.0,163.0,179.0,16.0,1.098159509202454,5011.58,1.0,50.2855,,,,4994.0,113.0,156.0,45.0,1.3629032258064515,73.46666666666667,83.01733333333334,,,-0.013215859030837005,0.4424778761061947,0.14743589743589744,-0.6444444444444445,-0.1942498275674301,-0.58008166969147,-0.39427709875849226,,high,low,-0.013424713179041578,65.0
gr_359,2025-07-05,38.1,464.0,6106.0,162.0,178.0,13.0,1.0802744425385935,5981.58,2.0,61.722,,,,4992.0,124.0,169.0,37.0,1.3274336283185841,65.71666666666667,81.48866666666667,,,0.2231570512820513,0.3064516129032258,0.05325443786982249,-0.6486486486486487,-0.18619325328759292,-0.4202383971595232,-0.2425695188696997,,high,low,-0.028970822450079287,65.0
gr_359,2025-07-13,28.05,357.0,4520.0,159.0,178.0,19.0,1.119496855345912,4780.44,1.0,44.5995,,,,4994.0,139.0,170.0,33.0,1.2374100719424461,51.0,70.89,,,-0.09491389667601122,0.14388489208633093,0.047058823529411764,-0.42424242424242425,-0.09529033201696659,-0.45,-0.370863309352518,,normal,low,-0.12149607586657946,70.0
gr_359,2025-07-15,17.116666666666667,215.0,2822.0,158.0,180.0,22.0,1.139240506329114,3021.51,1.0,27.044333333333334,,,,4992.0,156.5,172.0,19.0,1.119496855345912,38.1,61.722,,,-0.43469551282051283,0.009584664536741214,0.046511627906976744,0.15789473684210525,0.017636182619826576,-0.5507436570428696,-0.5618364062516876,,normal,low,-0.16816619939340427,73.0
gr_359,2025-08-03,31.366666666666667,422.0,4938.0,165.0,185.0,20.0,1.121212121212121,5014.53,1.0,51.755,,,,4992.0,158.0,178.0,22.0,1.139240506329114,38.1,61.722,,,-0.010817307692307692,0.04430379746835443,0.03932584269662921,-0.09090909090909091,-0.015824915824915985,-0.17672790901137359,-0.1614821295486212,,normal,low,-0.048003210244203835,70.0
gr_359,2025-08-05,31.316666666666666,433.0,5006.0,169.0,183.0,14.0,1.0828402366863905,5013.76,1.0,52.92516666666666,,,,4938.0,159.0,178.0,20.0,1.121212121212121,31.366666666666667,51.755,,,0.01377075739165654,0.06289308176100629,0.028089887640449437,-0.3,-0.03422357268511107,-0.0015940488841658038,0.022609731748945216,,normal,normal,-0.0056400530073660304,70.0
gr_359,2025-08-07,32.63333333333333,456.0,5206.0,170.33333333333334,182.0,11.0,1.064833335222865,5183.9400000000005,3.0,55.58544444444445,,,,4938.0,162.0,179.0,19.0,1.119496855345912,31.316666666666666,51.755,,,0.05427298501417578,0.05144032921810705,0.01675977653631285,-0.42105263157894735,-0.0488286499975532,0.0420436402341671,0.07401109930334161,,normal,normal,-0.011533845371619,70.0
gr_359,2025-08-08,44.65,580.0,6910.0,163.33333333333334,180.0,16.0,1.09810810728096,6627.24,3.0,72.92833333333334,,,,4938.0,163.0,180.0,16.0,1.098159509202454,31.316666666666666,51.755,,,0.3993519643580397,0.002044989775051183,0.0,0.0,-4.680733633262504e-05,0.4257583821181479,0.40910701059478966,,normal,high,0.14420994859570196,63.0
gr_359,2025-08-10,32.0,426.0,5152.0,165.33333333333334,182.0,15.333333333333334,1.0927345746622856,5422.17,3.0,52.906666666666666,,,,5006.0,163.33333333333334,180.0,16.0,1.09810810728096,31.366666666666667,52.92516666666666,,,0.029165001997602878,0.012244897959183673,0.011111111111111112,-0.04166666666666663,-0.00489344590304485,0.02019128586609988,-0.00034955015099929083,,normal,normal,-0.00024989357325791006,70.0
gr_359,2025-08-11,32.13333333333333,414.0,5116.0,162.5,180.0,14.5,1.089494016058173,5247.29,2.0,52.21666666666667,,,,5006.0,165.0,182.0,16.0,1.09810810728096,31.366666666666667,52.906666666666666,,,0.021973631642029565,-0.015151515151515152,-0.01098901098901099,-0.09375,-0.007844483767738011,0.024442082890541946,-0.013041834677419312,,normal,normal,-0.026202899712854333,70.0
gr_359,2025-08-15,31.683333333333334,411.0,5190.0,163.5,179.0,14.0,1.0857404774377013,5878.12,2.0,51.80225,,,,5116.0,165.0,182.0,15.333333333333334,1.0927345746622856,32.0,52.906666666666666,,,0.014464425332290852,-0.00909090909090909,-0.016483516483516484,-0.08695652173913047,-0.006400545371913288,-0.009895833333333326,-0.020874810987903204,,normal,normal,-0.024895116652090238,70.0
gr_359,2025-08-21,31.9,366.0,3526.0,138.0,184.0,11.5,1.0769441401971522,4016.04,2.0,44.022,,,,5152.0,165.0,182.0,14.5,1.089494016058173,32.0,52.906666666666666,,,-0.3156055900621118,-0.16363636363636364,0.01098901098901099,-0.20689655172413793,-0.011518994759077823,-0.0031250000000000444,-0.1679309475806452,,low,low,-0.17162849623002832,70.0
gr_359,2025-08-23,29.416666666666668,367.0,4704.0,160.5,184.0,18.5,1.1150500893065156,5039.06,2.0,47.21375,,,,5152.0,163.5,182.0,14.0,1.0857404774377013,32.0,52.906666666666666,,,-0.08695652173913043,-0.01834862385321101,0.01098901098901099,0.32142857142857145,0.026995043915083353,-0.08072916666666663,-0.10760301159274198,,normal,normal,0.0013789197302205222,70.0
gr_359,2025-08-24,26.733333333333334,338.0,4276.0,160.0,176.0,16.0,1.1,4342.26,1.0,42.77333333333334,,,,5152.0,163.33333333333334,182.0,14.5,1.089494016058173,32.0,52.21666666666667,,,-0.17003105590062112,-0.02040816326530618,-0.03296703296703297,0.10344827586206896,0.00964299370806838,-0.1645833333333333,-0.1808490264921799,,normal,low,-0.057983999525605706,70.0
gr_87,2025-03-18,1.3833333333333333,0.0,0.0,81.0,88.0,7.0,1.0864197530864197,0.0,1.0,1.1205,,,,,,,,,,,,,,,,,,,,,unknown,unknown,0.0,70.0
gr_87,2025-04-03,11.583333333333334,34.0,824.0,112.0,124.0,12.0,1.1071428571428572,316.79,1.0,12.973333333333334,,,,,,,,,,,,,,,,,,,,,unknown,unknown,0.0,70.0
gr_87,2025-04-06,5.116666666666666,0.0,0.0,110.0,115.0,5.0,1.0454545454545454,0.0,1.0,5.628333333333333,,,,,,,,,,,,,,,,,,,,,unknown,unknown,0.0,70.0
gr_87,2025-04-08,1.2166666666666666,1.0,0.0,70.5,77.0,4.0,1.056809024979855,0.0,2.0,0.8577499999999999,,,,0.0,110.0,115.0,7.0,1.0864197530864197,5.116666666666666,5.628333333333333,,,,-0.35909090909090907,-0.33043478260869563,-0.42857142857142855,-0.027255329279906176,-0.762214983713355,-0.847601421379923,,low,low,-0.5404916663141418,73.0
gr_87,2025-04-19,,337.0,1648.0,113.0,169.0,56.0,1.4955752212389382,67.28,1.0,0.0,,,,0.0,95.5,101.5,6.0,1.0716143890331373,3.25,3.3744166666666664,,,,0.18324607329842932,0.6650246305418719,8.333333333333334,0.3956281630263652,,-1.0,,high,low,0.9916230366492147,68.0
gr_87,2025-05-02,5.166666666666667,0.0,20.0,112.0,124.0,12.0,1.1071428571428572,0.0,1.0,5.786666666666667,,,,0.0,110.0,115.0,7.0,1.0864197530864197,3.25,1.1205,,,,0.01818181818181818,0.0782608695652174,0.7142857142857143,0.01907467532467544,0.5897435897435899,4.164361148296892,,normal,high,1.5737601681376783,55.0
gr_87,2025-06-12,47.25,84.0,0.0,139.0,180.0,41.0,1.2949640287769784,950.0,1.0,65.6775,,,,10.0,111.0,119.5,9.5,1.0967813051146384,5.116666666666666,3.3744166666666664,,,-1.0,0.25225225225225223,0.5062761506276151,3.3157894736842106,0.18069484111203493,8.234527687296417,18.46336403822883,,high,high,7.085671960558847,45.0
gr_87,2025-06-16,0.1,0.0,0.0,78.0,79.0,1.0,1.0128205128205128,0.0,1.0,0.07800000000000001,,,,0.0,112.0,124.0,12.0,1.1071428571428572,5.141666666666667,5.628333333333333,,,,-0.30357142857142855,-0.3629032258064516,-0.9166666666666666,-0.08519437551695626,-0.980551053484603,-0.9861415457506663,,low,low,-0.6344352552984474,73.0
gr_87,2025-06-17,47.36666666666667,99.0,0.0,143.0,183.0,40.0,1.2797202797202798,1075.0,1.0,67.73433333333334,,,,0.0,112.0,124.0,12.0,1.1071428571428572,5.141666666666667,5.628333333333333,,,,0.2767857142857143,0.47580645161290325,2.3333333333333335,0.1558763816828333,8.212317666126419,11.03452768729642,,high,high,4.350477547696603,45.0
gr_94,2025-03-16,2.8833333333333333,16.0,138.0,102.5,122.0,10.5,1.1009523809523811,26.48,2.0,2.955416666666667,,,,,,,,,,,,,,,,,,,,,unknown,unknown,0.0,70.0
gr_94,2025-03-17,4.383333333333334,34.0,420.0,109.66666666666667,134.0,4.333333333333333,1.0368278419626302,225.2,3.0,4.807055555555556,,,,,,,,,,,,,,,,,,,,,unknown,unknown,0.0,70.0
gr_96,2025-04-03,0.36666666666666664,1.0,0.0,82.0,88.0,6.0,1.0731707317073171,0.0,1.0,0.30066666666666664,,,,,,,,,,,,,,,,,,,,,unknown,unknown,0.0,70.0
gr_96,2025-04-07,5.133333333333334,15.0,572.0,104.0,126.0,22.0,1.2115384615384615,101.21,1.0,5.338666666666667,,,,,,,,,,,,,,,,,,,,,unknown,unknown,0.0,70.0
gr_96,2025-04-08,0.21666666666666667,0.0,0.0,,,,,0.0,1.0,0.13,,,,,,,,,,,,,,,,,,,,,unknown,unknown,0.0,70.0
hare_1160,2024-09-06,5.15,0.0,10.0,109.0,115.0,6.0,1.055045871559633,0.0,1.0,5.6135,,,,,,,,,,,,,,,,,,,,,unknown,unknown,0.0,70.0
hare_1160,2024-09-09,5.116666666666666,0.0,18.0,98.0,112.0,14.0,1.1428571428571428,0.0,1.0,5.014333333333333,,,,,,,,,,,,,,,,,,,,,unknown,unknown,0.0,70.0
hare_1160,2024-09-13,,736.0,3830.0,104.0,147.0,43.0,1.4134615384615385,676.98,1.0,0.0,,,,,,,,,,,,,,,,,,,,,unknown,unknown,0.0,70.0
hare_1160,2024-10-14,16.283333333333335,101.0,1660.0,136.0,150.0,14.0,1.1029411764705883,1022.99,1.0,22.145333333333337,,,,18.0,104.0,115.0,14.0,1.1428571428571428,,5.014333333333333,,,91.22222222222223,0.3076923076923077,0.30434782608695654,0.0,-0.03492647058823517,,3.4164063019344555,,high,high,1.3495883595232132,50.0
hare_1160,2024-10-17,20.65,89.0,1976.0,121.0,151.0,30.0,1.2479338842975207,1302.56,1.0,24.986499999999996,,,,839.0,106.5,131.0,14.0,1.1228991596638656,5.15,5.313916666666667,,,1.3551847437425506,0.13615023474178403,0.15267175572519084,1.1428571428571428,0.11134991379910171,3.009708737864077,3.7020872865275134,,normal,high,1.5352342390840932,50.0
hare_1160,2024-12-05,15.016666666666667,55.0,1152.0,104.0,127.0,23.0,1.2211538461538463,442.52,1.0,15.617333333333333,,,,1660.0,109.0,147.0,14.0,1.1428571428571428,10.716666666666669,5.6135,,,-0.3060240963855422,-0.045871559633027525,-0.1360544217687075,0.6428571428571429,0.06850961538461553,0.4012441679626748,1.7821026691606543,,normal,high,0.6972287258182867,55.0
hare_1160,2025-02-04,5.133333333333334,0.0,0.0,92.0,107.0,15.0,1.1630434782608696,0.0,1.0,4.722666666666667,,,,1406.0,106.5,137.0,18.5,1.1820054945054945,15.016666666666667,10.615416666666667,,,-1.0,-0.13615023474178403,-0.21897810218978103,-0.1891891891891892,-0.016042240355708226,-0.6581576026637069,-0.5551124543706087,,normal,low,-0.29074285477898343,73.0
hare_1160,2025-02-16,5.083333333333333,0.0,0.0,108.0,126.0,18.0,1.1666666666666667,0.0,1.0,5.49,,,,1152.0,104.0,127.0,15.0,1.1630434782608696,10.083333333333334,5.6135,,,-1.0,0.038461538461538464,-0.007874015748031496,0.2,0.003115264797507802,-0.4958677685950414,-0.02200053442593746,,normal,normal,0.04153058218169112,70.0
hare_1160,2025-02-17,5.1,0.0,48.0,106.0,114.0,8.0,1.0754716981132075,0.0,1.0,5.405999999999999,,,,1152.0,104.0,127.0,18.0,1.1666666666666667,10.075000000000001,5.49,,,-0.9583333333333334,0.019230769230769232,-0.10236220472440945,-0.5555555555555556,-0.07816711590296503,-0.4937965260545907,-0.015300546448087687,,normal,normal,-0.0790731399747794,70.0
hare_1160,2025-02-27,0.9,0.0,0.0,99.0,103.0,4.0,1.0404040404040404,0.0,1.0,0.8910000000000001,,,,1152.0,106.0,127.0,18.0,1.1666666666666667,10.075000000000001,5.49,,,-1.0,-0.0660377358490566,-0.1889763779527559,-0.7777777777777778,-0.10822510822510825,-0.9106699751861042,-0.8377049180327869,,normal,low,-0.4428822559026704,73.0
hare_1160,2025-03-02,57.9,163.0,1514.0,101.0,131.0,30.0,1.297029702970297,213.74,1.0,58.479,,,,48.0,106.0,126.0,15.0,1.1630434782608696,5.133333333333334,5.49,,,30.541666666666668,-0.04716981132075472,0.03968253968253968,1.0,0.11520310909595631,10.279220779220779,9.65191256830601,,normal,high,3.5045844932467256,50.0
hare_1160,2025-03-06,5.1,0.0,0.0,93.0,102.0,9.0,1.096774193548387,0.0,1.0,4.742999999999999,,,,48.0,104.0,126.0,18.0,1.1666666666666667,5.133333333333334,5.49,,,-1.0,-0.10576923076923077,-0.19047619047619047,-0.5,-0.059907834101382625,-0.006493506493506643,-0.13606557377049194,,normal,normal,-0.17550756620428754,70.0
hare_1160,2025-03-31,2.2,0.0,0.0,85.0,93.0,4.0,1.0466500553709857,0.0,2.0,1.8700000000000003,,,,0.0,101.0,114.0,15.0,1.1630434782608696,5.1,5.405999999999999,,,,-0.15841584158415842,-0.18421052631578946,-0.7333333333333333,-0.10007658790532079,-0.5686274509803921,-0.6540880503144653,,low,low,-0.418138738402142,73.0
hare_1160,2025-04-01,130.33333333333334,323.0,1114.0,96.0,120.0,22.0,1.2304347826086957,281.84,2.0,125.12,,,,0.0,99.0,107.0,9.0,1.096774193548387,5.1,4.742999999999999,,,,-0.030303030303030304,0.12149532710280374,1.4444444444444444,0.12186700767263436,24.55555555555556,25.37992831541219,,normal,high,9.084490061909417,50.0
hare_1160,2025-04-10,,87.0,2146.0,111.0,137.0,26.0,1.2342342342342343,699.3,1.0,0.0,,,,0.0,99.0,114.0,9.0,1.096774193548387,5.1,5.405999999999999,,,,0.12121212121212122,0.20175438596491227,1.8888888888888888,0.1253312135665078,,-1.0,,normal,low,-0.006060606060606044,73.0
hare_1160,2025-05-12,96.05,316.0,1258.0,113.0,132.0,19.0,1.168141592920354,220.05,1.0,108.53649999999999,,,,48.0,99.0,114.0,9.0,1.096774193548387,5.1,4.742999999999999,,,25.208333333333332,0.1414141414141414,0.15789473684210525,1.1111111111111112,0.06507027589796993,17.833333333333336,21.88351254480287,,normal,high,7.896603128054742,50.0
hare_1163,2024-09-17,5.15,0.0,0.0,109.0,120.0,11.0,1.1009174311926606,0.0,1.0,5.6135,,,,,,,,,,,,,,,,,,,,,unknown,unknown,0.0,70.0
lion_1208,2024-10-01,0.2,0.0,0.0,105.0,107.0,2.0,1.019047619047619,0.0,1.0,0.21,,,,,,,,,,,,,,,,,,,,,unknown,unknown,0.0,70.0
lion_1208,2025-06-15,35.983333333333334,171.0,0.0,114.0,143.0,29.0,1.2543859649122806,1475.0,1.0,41.021,,,,,,,,,,,,,,,,,,,,,unknown,unknown,0.0,70.0
lion_1208,2025-06-16,1.1333333333333333,0.0,0.0,93.0,99.0,6.0,1.064516129032258,0.0,1.0,1.0539999999999998,,,,,,,,,,,,,,,,,,,,,unknown,unknown,0.0,70.0
lion_1208,2025-06-26,0.23333333333333334,0.0,0.0,,,,,0.0,1.0,0.14,,,,0.0,105.0,107.0,6.0,1.064516129032258,1.1333333333333333,1.0539999999999998,,,,,,,,-0.7941176470588235,-0.8671726755218216,,unknown,low,-0.30351043643263753,73.0
lion_1208,2025-07-02,0.35,0.0,8.0,76.0,87.0,11.0,1.144736842105263,0.0,1.0,0.26599999999999996,,,,0.0,105.0,107.0,6.0,1.064516129032258,0.6833333333333333,0.6319999999999999,,,,-0.2761904761904762,-0.18691588785046728,0.8333333333333334,0.07535885167464111,-0.48780487804878053,-0.5791139240506329,,low,low,-0.2157851115129596,73.0
okapi_1196,2024-09-13,5.116666666666666,0.0,0.0,101.0,107.0,6.0,1.0594059405940595,0.0,1.0,5.167833333333333,,,,,,,,,,,,,,,,,,,,,unknown,unknown,0.0,70.0
okapi_1196,2024-09-14,10.183333333333334,0.0,22.0,107.0,125.0,18.0,1.1682242990654206,0.0,1.0,10.896166666666668,,,,,,,,,,,,,,,,,,,,,unknown,unknown,0.0,70.0
possum_1076,2025-01-26,0.45,0.0,6.0,89.0,92.0,3.0,1.0337078651685394,0.0,1.0,0.4005,,,,,,,,,,,,,,,,,,,,,unknown,unknown,0.0,70.0
possum_1076,2025-01-27,0.13333333333333333,0.0,0.0,112.0,113.0,1.0,1.0089285714285714,0.0,1.0,0.14933333333333335,,,,,,,,,,,,,,,,,,,,,unknown,unknown,0.0,70.0
possum_1076,2025-03-22,7.216666666666667,2.0,0.0,80.0,95.0,6.666666666666667,1.0831689987769844,4.41,3.0,5.773333333333333,,,,,,,,,,,,,,,,,,,,,unknown,unknown,0.0,70.0
possum_1076,2025-03-28,5.1,0.0,0.0,86.0,96.0,10.0,1.1162790697674418,0.0,1.0,4.385999999999999,,,,0.0,89.0,95.0,3.0,1.0337078651685394,0.45,0.4005,,,,-0.033707865168539325,0.010526315789473684,2.3333333333333335,0.07987866531850343,10.333333333333332,9.951310861423218,,normal,high,3.8161048689138566,50.0
possum_1076,2025-04-02,1.1333333333333333,0.0,0.0,82.0,91.0,9.0,1.1097560975609757,0.0,1.0,0.9293333333333333,,,,0.0,87.5,95.5,4.833333333333334,1.0584384319727618,2.775,2.3932499999999997,,,,-0.06285714285714286,-0.04712041884816754,0.8620689655172411,0.04848431806521417,-0.5915915915915916,-0.6116856436505449,,normal,low,-0.11620820187867595,73.0
sparrow_1000,2024-10-28,0.9833333333333333,2.0,0.0,80.0,92.0,12.0,1.15,0.0,1.0,0.7866666666666666,,,,,,,,,,,,,,,,,,,,,unknown,unknown,0.0,70.0
sparrow_1068,2024-10-15,88.5,269.0,4578.0,133.0,175.0,42.0,1.3157894736842106,1007.83,1.0,117.705,,,,,,,,,,,,,,,,,,,,,unknown,unknown,0.0,70.0
sparrow_1068,2024-10-30,23.233333333333334,85.0,1666.0,126.0,161.0,35.0,1.2777777777777777,378.84,1.0,29.274,,,,,,,,,,,,,,,,,,,,,unknown,unknown,0.0,70.0
sparrow_1068,2025-01-16,5.1,0.0,0.0,74.0,82.0,8.0,1.1081081081081081,0.0,1.0,3.7739999999999996,,,,,,,,,,,,,,,,,,,,,unknown,unknown,0.0,70.0
sparrow_1068,2025-03-19,9.066666666666666,17.0,470.0,93.0,110.0,17.0,1.1827956989247312,72.13,1.0,8.431999999999999,,,,1666.0,126.0,161.0,35.0,1.2777777777777777,23.233333333333334,29.274,,,-0.7178871548619448,-0.2619047619047619,-0.3167701863354037,-0.5142857142857142,-0.07433380084151461,-0.6097560975609756,-0.7119628339140535,,low,low,-0.4572822299651568,73.0
sparrow_1068,2025-05-04,4.2,0.0,0.0,59.0,82.0,23.0,1.3898305084745763,0.0,1.0,2.52,,,,1068.0,109.5,135.5,26.0,1.2302867383512543,16.15,18.853,,,-1.0,-0.4611872146118721,-0.3948339483394834,-0.11538461538461539,0.12968015109805342,-0.739938080495356,-0.8663342704078927,,low,low,-0.5511182942563908,73.0
sparrow_1068,2025-05-25,0.55,1.0,0.0,95.0,97.0,2.0,1.0210526315789474,0.0,1.0,0.5225000000000001,,,,470.0,93.0,110.0,23.0,1.2777777777777777,9.066666666666666,8.431999999999999,,,-1.0,0.021505376344086023,-0.11818181818181818,-0.9130434782608695,-0.2009153318077802,-0.9393382352941175,-0.9380336812144212,,normal,low,-0.4545156219921348,73.0
