username,date,activity_minutes,active_kcal,steps,avg_hr,sessions,load,sleep_hours,stress,energy,spo2
e2a6dadf73b5ad51941db3003518425e8f8fe2506c48b6e5eab913d8f6fa4696,2025-07-01,,,,,,,,,,
e4e73910225a57fda5e3ec05f258da5e1e108f956c8eac80c09785b64f538905,2025-01-26,,,,,,,7.116666666666666,19.666666666666668,56.166666666666664,95.0
e4e73910225a57fda5e3ec05f258da5e1e108f956c8eac80c09785b64f538905,2025-01-27,,,,,,,7.043888888888889,40.61904761904762,36.0,96.0
e4e73910225a57fda5e3ec05f258da5e1e108f956c8eac80c09785b64f538905,2025-01-28,,,,,,,,22.625,20.88888888888889,
e4e73910225a57fda5e3ec05f258da5e1e108f956c8eac80c09785b64f538905,2025-01-29,,,,,,,,,,
e4e73910225a57fda5e3ec05f258da5e1e108f956c8eac80c09785b64f538905,2025-01-30,,,,,,,,,,
e4e73910225a57fda5e3ec05f258da5e1e108f956c8eac80c09785b64f538905,2025-01-31,,,,,,,,,,
e4e73910225a57fda5e3ec05f258da5e1e108f956c8eac80c09785b64f538905,2025-02-01,,,,,,,,,,
e4e73910225a57fda5e3ec05f258da5e1e108f956c8eac80c09785b64f538905,2025-02-02,,,,,,,,,,
e4e73910225a57fda5e3ec05f258da5e1e108f956c8eac80c09785b64f538905,2025-03-21,,,,,,,,38.0,46.0,95.0
e4e73910225a57fda5e3ec05f258da5e1e108f956c8eac80c09785b64f538905,2025-03-22,,,,,,,,21.0,53.57142857142857,92.5
e4e73910225a57fda5e3ec05f258da5e1e108f956c8eac80c09785b64f538905,2025-03-23,,,,,,,7.966666666666667,33.0,35.53333333333333,94.33333333333333
e4e73910225a57fda5e3ec05f258da5e1e108f956c8eac80c09785b64f538905,2025-03-24,,,,,,,,14.9,52.69230769230769,
e4e73910225a57fda5e3ec05f258da5e1e108f956c8eac80c09785b64f538905,2025-03-25,,,,,,,,,,
e4e73910225a57fda5e3ec05f258da5e1e108f956c8eac80c09785b64f538905,2025-03-26,,,,,,,,,,
e4e73910225a57fda5e3ec05f258da5e1e108f956c8eac80c09785b64f538905,2025-03-27,,,,,,,7.616666666666666,60.2,21.0,95.0
e4e73910225a57fda5e3ec05f258da5e1e108f956c8eac80c09785b64f538905,2025-03-28,,,,,,,,35.2,20.736842105263158,95.0
e4e73910225a57fda5e3ec05f258da5e1e108f956c8eac80c09785b64f538905,2025-03-29,,,,,,,,,,
e4e73910225a57fda5e3ec05f258da5e1e108f956c8eac80c09785b64f538905,2025-03-30,,,,,,,,,60.0,
e4e73910225a57fda5e3ec05f258da5e1e108f956c8eac80c09785b64f538905,2025-03-31,,,,,,,,,,
e4e73910225a57fda5e3ec05f258da5e1e108f956c8eac80c09785b64f538905,2025-04-01,,,,,,,,,,
e4e73910225a57fda5e3ec05f258da5e1e108f956c8eac80c09785b64f538905,2025-04-02,,,,,,,,30.2,65.33333333333333,
e4e73910225a57fda5e3ec05f258da5e1e108f956c8eac80c09785b64f538905,2025-04-03,,,,,,,,,74.0,
e98fd95cc87b768b8ffad6f87d34e20a838f3b1e298b9bdc11571feaf5fbca4c,2025-04-14,,,,,,,,,,
e98fd95cc87b768b8ffad6f87d34e20a838f3b1e298b9bdc11571feaf5fbca4c,2025-04-15,,,,,,,,,,
e98fd95cc87b768b8ffad6f87d34e20a838f3b1e298b9bdc11571feaf5fbca4c,2025-04-16,,,,,,,,,69.0,
e98fd95cc87b768b8ffad6f87d34e20a838f3b1e298b9bdc11571feaf5fbca4c,2025-04-17,,,,,,,,,,
e98fd95cc87b768b8ffad6f87d34e20a838f3b1e298b9bdc11571feaf5fbca4c,2025-04-18,,,,,,,,,,
e98fd95cc87b768b8ffad6f87d34e20a838f3b1e298b9bdc11571feaf5fbca4c,2025-04-19,,,,,,,,,,
e98fd95cc87b768b8ffad6f87d34e20a838f3b1e298b9bdc11571feaf5fbca4c,2025-04-20,,,,,,,,,,
e98fd95cc87b768b8ffad6f87d34e20a838f3b1e298b9bdc11571feaf5fbca4c,2025-04-21,,,,,,,,,,
e98fd95cc87b768b8ffad6f87d34e20a838f3b1e298b9bdc11571feaf5fbca4c,2025-04-22,,,,,,,,,,
e98fd95cc87b768b8ffad6f87d34e20a838f3b1e298b9bdc11571feaf5fbca4c,2025-04-23,,,,,,,,,,
ed0e1c91d8158e1864aaf7457fd647092c6dc452a4661bb2a78e72c9c25c2d98,2024-09-01,,,,,,,,,13.0,
ed0e1c91d8158e1864aaf7457fd647092c6dc452a4661bb2a78e72c9c25c2d98,2024-09-02,,,,,,,,36.05263157894737,24.35,
ed0e1c91d8158e1864aaf7457fd647092c6dc452a4661bb2a78e72c9c25c2d98,2024-09-03,,,,,,,,33.958333333333336,13.375,
ed0e1c91d8158e1864aaf7457fd647092c6dc452a4661bb2a78e72c9c25c2d98,2024-09-04,,,,,,,,35.78260869565217,17.708333333333332,
ed0e1c91d8158e1864aaf7457fd647092c6dc452a4661bb2a78e72c9c25c2d98,2024-09-05,,,,,,,,34.22222222222222,31.789473684210527,
ed0e1c91d8158e1864aaf7457fd647092c6dc452a4661bb2a78e72c9c25c2d98,2024-09-06,,,,,,,,28.875,14.25,
ed0e1c91d8158e1864aaf7457fd647092c6dc452a4661bb2a78e72c9c25c2d98,2024-09-07,,,,,,,,43.583333333333336,17.041666666666668,
ed0e1c91d8158e1864aaf7457fd647092c6dc452a4661bb2a78e72c9c25c2d98,2024-09-08,,,,,,,,35.75,9.125,
ed0e1c91d8158e1864aaf7457fd647092c6dc452a4661bb2a78e72c9c25c2d98,2024-09-09,,,,,,,,28.166666666666668,22.75,
ed0e1c91d8158e1864aaf7457fd647092c6dc452a4661bb2a78e72c9c25c2d98,2024-09-10,,,,,,,,34.285714285714285,33.93333333333333,
ed0e1c91d8158e1864aaf7457fd647092c6dc452a4661bb2a78e72c9c25c2d98,2024-09-11,,,,,,,,,,
ed0e1c91d8158e1864aaf7457fd647092c6dc452a4661bb2a78e72c9c25c2d98,2024-09-12,,,,,,,,,,
ed0e1c91d8158e1864aaf7457fd647092c6dc452a4661bb2a78e72c9c25c2d98,2024-09-13,,,,,,,,,,
ed0e1c91d8158e1864aaf7457fd647092c6dc452a4661bb2a78e72c9c25c2d98,2024-09-14,,,,,,,,,,
ed0e1c91d8158e1864aaf7457fd647092c6dc452a4661bb2a78e72c9c25c2d98,2024-09-15,,,,,,,,26.833333333333332,27.416666666666668,
ed0e1c91d8158e1864aaf7457fd647092c6dc452a4661bb2a78e72c9c25c2d98,2024-09-16,,,,,,,,32.083333333333336,26.458333333333332,
ed0e1c91d8158e1864aaf7457fd647092c6dc452a4661bb2a78e72c9c25c2d98,2024-09-17,,,,,,,,33.625,25.916666666666668,
ed0e1c91d8158e1864aaf7457fd647092c6dc452a4661bb2a78e72c9c25c2d98,2024-09-18,,,,,,,,32.208333333333336,21.75,
ed0e1c91d8158e1864aaf7457fd647092c6dc452a4661bb2a78e72c9c25c2d98,2024-09-19,,,,,,,,32.583333333333336,17.583333333333332,
ed0e1c91d8158e1864aaf7457fd647092c6dc452a4661bb2a78e72c9c25c2d98,2024-09-20,,,,,,,,35.416666666666664,20.375,
ed0e1c91d8158e1864aaf7457fd647092c6dc452a4661bb2a78e72c9c25c2d98,2024-09-21,,,,,,,,43.13636363636363,11.590909090909092,
ed0e1c91d8158e1864aaf7457fd647092c6dc452a4661bb2a78e72c9c25c2d98,2024-09-23,,,,,,,,31.9,15.904761904761905,
ed0e1c91d8158e1864aaf7457fd647092c6dc452a4661bb2a78e72c9c25c2d98,2024-09-24,,,,,,,,36.416666666666664,10.041666666666666,
ed0e1c91d8158e1864aaf7457fd647092c6dc452a4661bb2a78e72c9c25c2d98,2024-09-25,,,,,,,,35.17391304347826,12.375,
ed0e1c91d8158e1864aaf7457fd647092c6dc452a4661bb2a78e72c9c25c2d98,2024-09-26,,,,,,,,30.0,21.291666666666668,
ed0e1c91d8158e1864aaf7457fd647092c6dc452a4661bb2a78e72c9c25c2d98,2024-09-27,,,,,,,,32.208333333333336,26.166666666666668,
ed0e1c91d8158e1864aaf7457fd647092c6dc452a4661bb2a78e72c9c25c2d98,2024-09-28,,,,,,,,35.75,22.1,
ed0e1c91d8158e1864aaf7457fd647092c6dc452a4661bb2a78e72c9c25c2d98,2024-09-29,,,,,,,,32.86666666666667,24.75,
ed0e1c91d8158e1864aaf7457fd647092c6dc452a4661bb2a78e72c9c25c2d98,2024-09-30,,,,,,,,31.833333333333332,24.458333333333332,
ed0e1c91d8158e1864aaf7457fd647092c6dc452a4661bb2a78e72c9c25c2d98,2024-10-01,,,,,,,,34.791666666666664,11.625,
ed0e1c91d8158e1864aaf7457fd647092c6dc452a4661bb2a78e72c9c25c2d98,2024-10-02,,,,,,,,29.583333333333332,30.833333333333332,
ed0e1c91d8158e1864aaf7457fd647092c6dc452a4661bb2a78e72c9c25c2d98,2024-10-03,,,,,,,,26.0,29.791666666666668,
ed0e1c91d8158e1864aaf7457fd647092c6dc452a4661bb2a78e72c9c25c2d98,2024-10-04,,,,,,,,28.571428571428573,35.714285714285715,
ed0e1c91d8158e1864aaf7457fd647092c6dc452a4661bb2a78e72c9c25c2d98,2024-10-05,,,,,,,,20.642857142857142,29.8,
ed0e1c91d8158e1864aaf7457fd647092c6dc452a4661bb2a78e72c9c25c2d98,2024-10-06,,,,,,,,31.08695652173913,33.583333333333336,
ed0e1c91d8158e1864aaf7457fd647092c6dc452a4661bb2a78e72c9c25c2d98,2024-10-07,,,,,,,,28.625,31.75,
ed0e1c91d8158e1864aaf7457fd647092c6dc452a4661bb2a78e72c9c25c2d98,2024-10-08,,,,,,,,25.75,29.333333333333332,
ed0e1c91d8158e1864aaf7457fd647092c6dc452a4661bb2a78e72c9c25c2d98,2024-10-09,,,,,,,,32.541666666666664,30.041666666666668,
ed0e1c91d8158e1864aaf7457fd647092c6dc452a4661bb2a78e72c9c25c2d98,2024-10-10,,,,,,,,37.0,33.111111111111114,
ed0e1c91d8158e1864aaf7457fd647092c6dc452a4661bb2a78e72c9c25c2d98,2024-10-11,,,,,,,,16.666666666666668,22.833333333333332,
ed0e1c91d8158e1864aaf7457fd647092c6dc452a4661bb2a78e72c9c25c2d98,2024-10-12,,,,,,,,24.708333333333332,30.708333333333332,
ed0e1c91d8158e1864aaf7457fd647092c6dc452a4661bb2a78e72c9c25c2d98,2024-10-13,,,,,,,,30.333333333333332,27.5,
ed0e1c91d8158e1864aaf7457fd647092c6dc452a4661bb2a78e72c9c25c2d98,2024-10-14,,,,,,,,30.541666666666668,30.916666666666668,
ed0e1c91d8158e1864aaf7457fd647092c6dc452a4661bb2a78e72c9c25c2d98,2024-10-15,,,,,,,,37.666666666666664,23.791666666666668,
ed0e1c91d8158e1864aaf7457fd647092c6dc452a4661bb2a78e72c9c25c2d98,2024-10-16,,,,,,,,36.7,49.7,
ed0e1c91d8158e1864aaf7457fd647092c6dc452a4661bb2a78e72c9c25c2d98,2024-10-17,,,,,,,,9.428571428571429,39.285714285714285,
ed0e1c91d8158e1864aaf7457fd647092c6dc452a4661bb2a78e72c9c25c2d98,2024-10-18,,,,,,,,36.916666666666664,36.208333333333336,
ed0e1c91d8158e1864aaf7457fd647092c6dc452a4661bb2a78e72c9c25c2d98,2024-10-19,,,,,,,,37.541666666666664,9.625,
ed0e1c91d8158e1864aaf7457fd647092c6dc452a4661bb2a78e72c9c25c2d98,2024-10-20,,,,,,,,42.583333333333336,8.541666666666666,
ed0e1c91d8158e1864aaf7457fd647092c6dc452a4661bb2a78e72c9c25c2d98,2024-10-21,,,,,,,,39.0,9.125,
ed0e1c91d8158e1864aaf7457fd647092c6dc452a4661bb2a78e72c9c25c2d98,2024-10-22,,,,,,,,35.541666666666664,14.25,
ed0e1c91d8158e1864aaf7457fd647092c6dc452a4661bb2a78e72c9c25c2d98,2024-10-23,,,,,,,,43.666666666666664,18.666666666666668,
ed0e1c91d8158e1864aaf7457fd647092c6dc452a4661bb2a78e72c9c25c2d98,2024-10-24,,,,,,,,,,
ed0e1c91d8158e1864aaf7457fd647092c6dc452a4661bb2a78e72c9c25c2d98,2024-10-25,,,,,,,,,,
ed0e1c91d8158e1864aaf7457fd647092c6dc452a4661bb2a78e72c9c25c2d98,2024-10-26,,,,,,,,31.333333333333332,15.666666666666666,
ed0e1c91d8158e1864aaf7457fd647092c6dc452a4661bb2a78e72c9c25c2d98,2024-10-27,,,,,,,,31.458333333333332,12.375,
ed0e1c91d8158e1864aaf7457fd647092c6dc452a4661bb2a78e72c9c25c2d98,2024-10-28,,,,,,,,39.083333333333336,11.083333333333334,
ed0e1c91d8158e1864aaf7457fd647092c6dc452a4661bb2a78e72c9c25c2d98,2024-10-29,,,,,,,,40.625,9.333333333333334,
ed0e1c91d8158e1864aaf7457fd647092c6dc452a4661bb2a78e72c9c25c2d98,2024-10-30,,,,,,,,42.6875,13.944444444444445,
ed0e1c91d8158e1864aaf7457fd647092c6dc452a4661bb2a78e72c9c25c2d98,2024-10-31,,,,,,,,42.65,6.2,
ed0e1c91d8158e1864aaf7457fd647092c6dc452a4661bb2a78e72c9c25c2d98,2024-11-01,,,,,,,,45.3,10.9,
ed0e1c91d8158e1864aaf7457fd647092c6dc452a4661bb2a78e72c9c25c2d98,2024-11-02,,,,,,,,37.0,17.058823529411764,
ed0e1c91d8158e1864aaf7457fd647092c6dc452a4661bb2a78e72c9c25c2d98,2024-11-03,,,,,,,,38.041666666666664,10.375,
ed0e1c91d8158e1864aaf7457fd647092c6dc452a4661bb2a78e72c9c25c2d98,2024-11-04,,,,,,,,33.958333333333336,7.958333333333333,
ed0e1c91d8158e1864aaf7457fd647092c6dc452a4661bb2a78e72c9c25c2d98,2024-11-05,,,,,,,,31.36842105263158,10.25,
ed0e1c91d8158e1864aaf7457fd647092c6dc452a4661bb2a78e72c9c25c2d98,2024-11-06,,,,,,,,33.833333333333336,10.75,
ed0e1c91d8158e1864aaf7457fd647092c6dc452a4661bb2a78e72c9c25c2d98,2024-11-07,,,,,,,,36.541666666666664,12.083333333333334,
ed0e1c91d8158e1864aaf7457fd647092c6dc452a4661bb2a78e72c9c25c2d98,2024-11-08,,,,,,,,35.05882352941177,13.294117647058824,
ed0e1c91d8158e1864aaf7457fd647092c6dc452a4661bb2a78e72c9c25c2d98,2024-11-09,,,,,,,,35.1,16.714285714285715,
ed0e1c91d8158e1864aaf7457fd647092c6dc452a4661bb2a78e72c9c25c2d98,2024-11-10,,,,,,,,26.25,13.041666666666666,
ed0e1c91d8158e1864aaf7457fd647092c6dc452a4661bb2a78e72c9c25c2d98,2024-11-11,,,,,,,,31.916666666666668,25.875,
ed0e1c91d8158e1864aaf7457fd647092c6dc452a4661bb2a78e72c9c25c2d98,2024-11-12,,,,,,,,27.625,26.5,
ed0e1c91d8158e1864aaf7457fd647092c6dc452a4661bb2a78e72c9c25c2d98,2024-11-13,,,,,,,,28.125,34.416666666666664,
ed0e1c91d8158e1864aaf7457fd647092c6dc452a4661bb2a78e72c9c25c2d98,2024-11-14,,,,,,,,34.458333333333336,24.416666666666668,
ed0e1c91d8158e1864aaf7457fd647092c6dc452a4661bb2a78e72c9c25c2d98,2024-11-15,,,,,,,,31.19047619047619,18.40909090909091,
ed0e1c91d8158e1864aaf7457fd647092c6dc452a4661bb2a78e72c9c25c2d98,2024-11-16,,,,,,,,27.652173913043477,27.958333333333332,
ed0e1c91d8158e1864aaf7457fd647092c6dc452a4661bb2a78e72c9c25c2d98,2024-11-17,,,,,,,,34.25,12.5,
ed0e1c91d8158e1864aaf7457fd647092c6dc452a4661bb2a78e72c9c25c2d98,2024-11-18,,,,,,,,29.416666666666668,27.291666666666668,
ed0e1c91d8158e1864aaf7457fd647092c6dc452a4661bb2a78e72c9c25c2d98,2024-11-19,,,,,,,,35.375,23.875,
ed0e1c91d8158e1864aaf7457fd647092c6dc452a4661bb2a78e72c9c25c2d98,2024-11-20,,,,,,,,32.608695652173914,11.791666666666666,
ed0e1c91d8158e1864aaf7457fd647092c6dc452a4661bb2a78e72c9c25c2d98,2024-11-21,,,,,,,,39.2,20.142857142857142,
ed0e1c91d8158e1864aaf7457fd647092c6dc452a4661bb2a78e72c9c25c2d98,2024-11-22,,,,,,,,53.21052631578947,19.789473684210527,
ed0e1c91d8158e1864aaf7457fd647092c6dc452a4661bb2a78e72c9c25c2d98,2024-11-23,,,,,,,,56.833333333333336,8.125,
ed0e1c91d8158e1864aaf7457fd647092c6dc452a4661bb2a78e72c9c25c2d98,2024-11-24,,,,,,,,49.75,8.75,
ed0e1c91d8158e1864aaf7457fd647092c6dc452a4661bb2a78e72c9c25c2d98,2024-11-25,,,,,,,,42.92307692307692,12.615384615384615,
ed0e1c91d8158e1864aaf7457fd647092c6dc452a4661bb2a78e72c9c25c2d98,2024-11-26,,,,,,,,40.333333333333336,16.555555555555557,
ed0e1c91d8158e1864aaf7457fd647092c6dc452a4661bb2a78e72c9c25c2d98,2024-11-27,,,,,,,,38.0,11.291666666666666,
ed0e1c91d8158e1864aaf7457fd647092c6dc452a4661bb2a78e72c9c25c2d98,2024-11-28,,,,,,,,38.125,9.875,
ed0e1c91d8158e1864aaf7457fd647092c6dc452a4661bb2a78e72c9c25c2d98,2024-11-29,,,,,,,,37.625,13.541666666666666,
ed0e1c91d8158e1864aaf7457fd647092c6dc452a4661bb2a78e72c9c25c2d98,2024-11-30,,,,,,,,41.0,8.291666666666666,
ed0e1c91d8158e1864aaf7457fd647092c6dc452a4661bb2a78e72c9c25c2d98,2024-12-01,,,,,,,,35.95652173913044,18.875,
ed0e1c91d8158e1864aaf7457fd647092c6dc452a4661bb2a78e72c9c25c2d98,2024-12-02,,,,,,,,35.642857142857146,24.714285714285715,
ed0e1c91d8158e1864aaf7457fd647092c6dc452a4661bb2a78e72c9c25c2d98,2024-12-03,,,,,,,,40.21052631578947,17.105263157894736,
ed0e1c91d8158e1864aaf7457fd647092c6dc452a4661bb2a78e72c9c25c2d98,2024-12-04,,,,,,,,33.625,20.125,
ed0e1c91d8158e1864aaf7457fd647092c6dc452a4661bb2a78e72c9c25c2d98,2024-12-05,,,,,,,,32.166666666666664,22.416666666666668,
ed0e1c91d8158e1864aaf7457fd647092c6dc452a4661bb2a78e72c9c25c2d98,2024-12-06,,,,,,,,35.208333333333336,13.625,
ed0e1c91d8158e1864aaf7457fd647092c6dc452a4661bb2a78e72c9c25c2d98,2024-12-07,,,,,,,,40.0,16.833333333333332,
ed0e1c91d8158e1864aaf7457fd647092c6dc452a4661bb2a78e72c9c25c2d98,2024-12-08,,,,,,,,44.583333333333336,8.25,
ed0e1c91d8158e1864aaf7457fd647092c6dc452a4661bb2a78e72c9c25c2d98,2024-12-09,,,,,,,,41.25,18.1,
ed0e1c91d8158e1864aaf7457fd647092c6dc452a4661bb2a78e72c9c25c2d98,2024-12-10,,,,,,,,16.666666666666668,16.166666666666668,
ed0e1c91d8158e1864aaf7457fd647092c6dc452a4661bb2a78e72c9c25c2d98,2024-12-11,,,,,,,,36.791666666666664,23.041666666666668,
ed0e1c91d8158e1864aaf7457fd647092c6dc452a4661bb2a78e72c9c25c2d98,2024-12-12,,,,,,,,34.208333333333336,9.25,
ed0e1c91d8158e1864aaf7457fd647092c6dc452a4661bb2a78e72c9c25c2d98,2024-12-13,,,,,,,,37.541666666666664,7.625,
ed0e1c91d8158e1864aaf7457fd647092c6dc452a4661bb2a78e72c9c25c2d98,2024-12-14,,,,,,,,27.869565217391305,15.375,
ed0e1c91d8158e1864aaf7457fd647092c6dc452a4661bb2a78e72c9c25c2d98,2024-12-15,,,,,,,,46.958333333333336,13.458333333333334,
ed0e1c91d8158e1864aaf7457fd647092c6dc452a4661bb2a78e72c9c25c2d98,2024-12-16,,,,,,,,35.36842105263158,11.526315789473685,
ed0e1c91d8158e1864aaf7457fd647092c6dc452a4661bb2a78e72c9c25c2d98,2024-12-17,,,,,,,,,,
ed0e1c91d8158e1864aaf7457fd647092c6dc452a4661bb2a78e72c9c25c2d98,2024-12-18,,,,,,,,,,
ed0e1c91d8158e1864aaf7457fd647092c6dc452a4661bb2a78e72c9c25c2d98,2024-12-19,,,,,,,,,,
ed0e1c91d8158e1864aaf7457fd647092c6dc452a4661bb2a78e72c9c25c2d98,2024-12-20,,,,,,,,,,
ed0e1c91d8158e1864aaf7457fd647092c6dc452a4661bb2a78e72c9c25c2d98,2024-12-21,,,,,,,,13.0,53.0,
ed0e1c91d8158e1864aaf7457fd647092c6dc452a4661bb2a78e72c9c25c2d98,2025-01-09,,,,,,,,21.333333333333332,53.5,
ed0e1c91d8158e1864aaf7457fd647092c6dc452a4661bb2a78e72c9c25c2d98,2025-01-10,,,,,,,,43.73684210526316,37.1578947368421,
ed0e1c91d8158e1864aaf7457fd647092c6dc452a4661bb2a78e72c9c25c2d98,2025-01-11,,,,,,,,32.75,49.875,
ed0e1c91d8158e1864aaf7457fd647092c6dc452a4661bb2a78e72c9c25c2d98,2025-01-12,,,,,,,,31.75,30.11111111111111,
ed0e1c91d8158e1864aaf7457fd647092c6dc452a4661bb2a78e72c9c25c2d98,2025-01-13,,,,,,,,37.416666666666664,30.208333333333332,
ed0e1c91d8158e1864aaf7457fd647092c6dc452a4661bb2a78e72c9c25c2d98,2025-01-14,,,,,,,,37.583333333333336,9.166666666666666,
ed0e1c91d8158e1864aaf7457fd647092c6dc452a4661bb2a78e72c9c25c2d98,2025-01-15,,,,,,,,33.333333333333336,17.5,
ed0e1c91d8158e1864aaf7457fd647092c6dc452a4661bb2a78e72c9c25c2d98,2025-01-16,,,,,,,,35.2,21.75,
ed0e1c91d8158e1864aaf7457fd647092c6dc452a4661bb2a78e72c9c25c2d98,2025-01-17,,,,,,,,44.8421052631579,23.4,
ed0e1c91d8158e1864aaf7457fd647092c6dc452a4661bb2a78e72c9c25c2d98,2025-01-18,,,,,,,,36.541666666666664,9.541666666666666,
ed0e1c91d8158e1864aaf7457fd647092c6dc452a4661bb2a78e72c9c25c2d98,2025-01-19,,,,,,,,37.72727272727273,21.5,
ed0e1c91d8158e1864aaf7457fd647092c6dc452a4661bb2a78e72c9c25c2d98,2025-01-20,,,,,,,,34.78260869565217,11.347826086956522,
ed0e1c91d8158e1864aaf7457fd647092c6dc452a4661bb2a78e72c9c25c2d98,2025-01-21,,,,,,,,37.166666666666664,19.708333333333332,
ed0e1c91d8158e1864aaf7457fd647092c6dc452a4661bb2a78e72c9c25c2d98,2025-01-22,,,,,,,,37.285714285714285,20.333333333333332,
ed0e1c91d8158e1864aaf7457fd647092c6dc452a4661bb2a78e72c9c25c2d98,2025-01-23,,,,,,,,,,
ed0e1c91d8158e1864aaf7457fd647092c6dc452a4661bb2a78e72c9c25c2d98,2025-01-24,,,,,,,,,,
ed0e1c91d8158e1864aaf7457fd647092c6dc452a4661bb2a78e72c9c25c2d98,2025-01-25,,,,,,,,,,
ed0e1c91d8158e1864aaf7457fd647092c6dc452a4661bb2a78e72c9c25c2d98,2025-01-26,,,,,,,,,,
ed0e1c91d8158e1864aaf7457fd647092c6dc452a4661bb2a78e72c9c25c2d98,2025-01-27,,,,,,,,,,
ed0e1c91d8158e1864aaf7457fd647092c6dc452a4661bb2a78e72c9c25c2d98,2025-01-28,,,,,,,,,,
ed0e1c91d8158e1864aaf7457fd647092c6dc452a4661bb2a78e72c9c25c2d98,2025-01-29,,,,,,,,,,
ed0e1c91d8158e1864aaf7457fd647092c6dc452a4661bb2a78e72c9c25c2d98,2025-01-30,,,,,,,,,,
ed0e1c91d8158e1864aaf7457fd647092c6dc452a4661bb2a78e72c9c25c2d98,2025-01-31,,,,,,,,,,
ed0e1c91d8158e1864aaf7457fd647092c6dc452a4661bb2a78e72c9c25c2d98,2025-02-01,,,,,,,,,,
ed0e1c91d8158e1864aaf7457fd647092c6dc452a4661bb2a78e72c9c25c2d98,2025-02-02,,,,,,,,,,
ed0e1c91d8158e1864aaf7457fd647092c6dc452a4661bb2a78e72c9c25c2d98,2025-02-03,,,,,,,,,,
ed0e1c91d8158e1864aaf7457fd647092c6dc452a4661bb2a78e72c9c25c2d98,2025-02-04,,,,,,,,,,
ed0e1c91d8158e1864aaf7457fd647092c6dc452a4661bb2a78e72c9c25c2d98,2025-02-05,,,,,,,,,,
ed0e1c91d8158e1864aaf7457fd647092c6dc452a4661bb2a78e72c9c25c2d98,2025-02-06,,,,,,,,,,
ed0e1c91d8158e1864aaf7457fd647092c6dc452a4661bb2a78e72c9c25c2d98,2025-02-07,,,,,,,,,,
ed0e1c91d8158e1864aaf7457fd647092c6dc452a4661bb2a78e72c9c25c2d98,2025-05-24,,,,,,,,32.35294117647059,20.58823529411765,
ed0e1c91d8158e1864aaf7457fd647092c6dc452a4661bb2a78e72c9c25c2d98,2025-05-25,,,,,,,,41.0625,16.9375,
ed0e1c91d8158e1864aaf7457fd647092c6dc452a4661bb2a78e72c9c25c2d98,2025-05-26,,,,,,,,30.105263157894736,26.4,
ed0e1c91d8158e1864aaf7457fd647092c6dc452a4661bb2a78e72c9c25c2d98,2025-05-27,,,,,,,,28.125,32.458333333333336,
ed0e1c91d8158e1864aaf7457fd647092c6dc452a4661bb2a78e72c9c25c2d98,2025-05-28,,,,,,,,32.166666666666664,25.791666666666668,
ed0e1c91d8158e1864aaf7457fd647092c6dc452a4661bb2a78e72c9c25c2d98,2025-05-29,,,,,,,,38.1875,27.352941176470587,
ed0e1c91d8158e1864aaf7457fd647092c6dc452a4661bb2a78e72c9c25c2d98,2025-05-30,,,,,,,,30.35,21.666666666666668,
ed0e1c91d8158e1864aaf7457fd647092c6dc452a4661bb2a78e72c9c25c2d98,2025-05-31,,,,,,,,37.458333333333336,15.0,
ed0e1c91d8158e1864aaf7457fd647092c6dc452a4661bb2a78e72c9c25c2d98,2025-06-01,,,,,,,8.45,39.458333333333336,27.458333333333332,
ed0e1c91d8158e1864aaf7457fd647092c6dc452a4661bb2a78e72c9c25c2d98,2025-06-02,,,,,,,8.15,26.565217391304348,23.375,
ed0e1c91d8158e1864aaf7457fd647092c6dc452a4661bb2a78e72c9c25c2d98,2025-06-03,,,,,,,7.5,31.25,13.583333333333334,
ed0e1c91d8158e1864aaf7457fd647092c6dc452a4661bb2a78e72c9c25c2d98,2025-06-04,,,,,,,6.883333333333334,31.90909090909091,18.25,
ed0e1c91d8158e1864aaf7457fd647092c6dc452a4661bb2a78e72c9c25c2d98,2025-06-05,,,,,,,7.266666666666667,31.25,9.75,
ed0e1c91d8158e1864aaf7457fd647092c6dc452a4661bb2a78e72c9c25c2d98,2025-06-06,,,,,,,7.733333333333333,33.416666666666664,7.708333333333333,
ed0e1c91d8158e1864aaf7457fd647092c6dc452a4661bb2a78e72c9c25c2d98,2025-06-07,,,,,,,7.283333333333333,38.458333333333336,9.208333333333334,
ed0e1c91d8158e1864aaf7457fd647092c6dc452a4661bb2a78e72c9c25c2d98,2025-06-08,,,,,,,6.966666666666667,40.458333333333336,16.125,
ed0e1c91d8158e1864aaf7457fd647092c6dc452a4661bb2a78e72c9c25c2d98,2025-06-09,,,,,,,,39.294117647058826,24.352941176470587,
ed0e1c91d8158e1864aaf7457fd647092c6dc452a4661bb2a78e72c9c25c2d98,2025-06-15,,,,,,,,,,
ed0e1c91d8158e1864aaf7457fd647092c6dc452a4661bb2a78e72c9c25c2d98,2025-06-16,,,,,,,,,,
ed0e1c91d8158e1864aaf7457fd647092c6dc452a4661bb2a78e72c9c25c2d98,2025-06-17,,,,,,,,,,
ed0e1c91d8158e1864aaf7457fd647092c6dc452a4661bb2a78e72c9c25c2d98,2025-06-18,,,,,,,,,,
ed0e1c91d8158e1864aaf7457fd647092c6dc452a4661bb2a78e72c9c25c2d98,2025-06-19,,,,,,,,,,
ed0e1c91d8158e1864aaf7457fd647092c6dc452a4661bb2a78e72c9c25c2d98,2025-06-20,,,,,,,,,,
ed0e1c91d8158e1864aaf7457fd647092c6dc452a4661bb2a78e72c9c25c2d98,2025-06-21,,,,,,,,32.833333333333336,14.833333333333334,
ed0e1c91d8158e1864aaf7457fd647092c6dc452a4661bb2a78e72c9c25c2d98,2025-06-22,,,,,,,,,,
ed0e1c91d8158e1864aaf7457fd647092c6dc452a4661bb2a78e72c9c25c2d98,2025-06-23,,,,,,,,,,
ed0e1c91d8158e1864aaf7457fd647092c6dc452a4661bb2a78e72c9c25c2d98,2025-06-24,,,,,,,,,,
ed0e1c91d8158e1864aaf7457fd647092c6dc452a4661bb2a78e72c9c25c2d98,2025-06-25,,,,,,,,,,
ee450e41b750270fa5060204c31e68bfced47893f94f0b50fc2b055d653f4262,2024-10-14,,,,,,,,,,95.0
ee450e41b750270fa5060204c31e68bfced47893f94f0b50fc2b055d653f4262,2024-10-15,,,,,,,,,,94.6
ee450e41b750270fa5060204c31e68bfced47893f94f0b50fc2b055d653f4262,2024-10-16,,,,,,,,,,96.2
ee450e41b750270fa5060204c31e68bfced47893f94f0b50fc2b055d653f4262,2024-10-17,,,,,,,,,,95.2
ee450e41b750270fa5060204c31e68bfced47893f94f0b50fc2b055d653f4262,2024-10-18,,,,,,,,,,96.25
ee450e41b750270fa5060204c31e68bfced47893f94f0b50fc2b055d653f4262,2025-01-15,,,,,,,,,,95.5
ee450e41b750270fa5060204c31e68bfced47893f94f0b50fc2b055d653f4262,2025-01-16,,,,,,,,,,96.0
ee450e41b750270fa5060204c31e68bfced47893f94f0b50fc2b055d653f4262,2025-01-17,,,,,,,,,,96.33333333333333
ee450e41b750270fa5060204c31e68bfced47893f94f0b50fc2b055d653f4262,2025-01-20,,,,,,,,,,95.0
ee450e41b750270fa5060204c31e68bfced47893f94f0b50fc2b055d653f4262,2025-01-21,,,,,,,,,,95.8
ee450e41b750270fa5060204c31e68bfced47893f94f0b50fc2b055d653f4262,2025-01-22,,,,,,,,,,96.0
ee450e41b750270fa5060204c31e68bfced47893f94f0b50fc2b055d653f4262,2025-01-23,,,,,,,,,,94.8
ee450e41b750270fa5060204c31e68bfced47893f94f0b50fc2b055d653f4262,2025-01-24,,,,,,,,,,95.33333333333333
ee450e41b750270fa5060204c31e68bfced47893f94f0b50fc2b055d653f4262,2025-01-26,,,,,,,,,,93.5
ee450e41b750270fa5060204c31e68bfced47893f94f0b50fc2b055d653f4262,2025-01-27,,,,,,,,,,95.33333333333333
ee450e41b750270fa5060204c31e68bfced47893f94f0b50fc2b055d653f4262,2025-02-19,,,,,,,,,,97.5
ee450e41b750270fa5060204c31e68bfced47893f94f0b50fc2b055d653f4262,2025-02-20,,,,,,,,,,96.33333333333333
ee450e41b750270fa5060204c31e68bfced47893f94f0b50fc2b055d653f4262,2025-03-12,,,,,,,,,,95.5
ee450e41b750270fa5060204c31e68bfced47893f94f0b50fc2b055d653f4262,2025-03-13,,,,,,,,,,96.66666666666667
ee450e41b750270fa5060204c31e68bfced47893f94f0b50fc2b055d653f4262,2025-03-16,,,,,,,,,,95.0
ee450e41b750270fa5060204c31e68bfced47893f94f0b50fc2b055d653f4262,2025-03-17,,,,,,,,,,94.4
ee450e41b750270fa5060204c31e68bfced47893f94f0b50fc2b055d653f4262,2025-03-18,,,,,,,,,,95.8
ee450e41b750270fa5060204c31e68bfced47893f94f0b50fc2b055d653f4262,2025-03-19,,,,,,,,,,95.4
ee450e41b750270fa5060204c31e68bfced47893f94f0b50fc2b055d653f4262,2025-03-20,,,,,,,,,,97.0
ee450e41b750270fa5060204c31e68bfced47893f94f0b50fc2b055d653f4262,2025-04-09,,,,,,,,,,97.0
ee450e41b750270fa5060204c31e68bfced47893f94f0b50fc2b055d653f4262,2025-04-10,,,,,,,,,,95.4
ee450e41b750270fa5060204c31e68bfced47893f94f0b50fc2b055d653f4262,2025-04-11,,,,,,,,,,95.5
ee450e41b750270fa5060204c31e68bfced47893f94f0b50fc2b055d653f4262,2025-04-14,,,,,,,,,,95.5
ee450e41b750270fa5060204c31e68bfced47893f94f0b50fc2b055d653f4262,2025-04-15,,,,,,,,,,96.0
ee450e41b750270fa5060204c31e68bfced47893f94f0b50fc2b055d653f4262,2025-04-16,,,,,,,,,,96.5
f0a3eda2d0fce3f9840ef09c85a6721ae252ac7d31f7fc03764f4ea4a06d5f4f,2025-03-16,,,,,,,,,,
f0a3eda2d0fce3f9840ef09c85a6721ae252ac7d31f7fc03764f4ea4a06d5f4f,2025-03-17,,,,,,,,34.09090909090909,43.92857142857143,
f0a3eda2d0fce3f9840ef09c85a6721ae252ac7d31f7fc03764f4ea4a06d5f4f,2025-03-18,,,,,,,7.9475,21.75,50.916666666666664,93.25
f0a3eda2d0fce3f9840ef09c85a6721ae252ac7d31f7fc03764f4ea4a06d5f4f,2025-03-19,,,,,,,,27.0,47.38461538461539,93.9
f0a3eda2d0fce3f9840ef09c85a6721ae252ac7d31f7fc03764f4ea4a06d5f4f,2025-03-20,,,,,,,,,,
f0a3eda2d0fce3f9840ef09c85a6721ae252ac7d31f7fc03764f4ea4a06d5f4f,2025-03-21,,,,,,,,29.4,44.583333333333336,92.0
f0a3eda2d0fce3f9840ef09c85a6721ae252ac7d31f7fc03764f4ea4a06d5f4f,2025-03-22,,,,,,,7.383333333333334,13.142857142857142,35.166666666666664,90.5
f0a3eda2d0fce3f9840ef09c85a6721ae252ac7d31f7fc03764f4ea4a06d5f4f,2025-03-23,,,,,,,,25.454545454545453,,90.6
f0a3eda2d0fce3f9840ef09c85a6721ae252ac7d31f7fc03764f4ea4a06d5f4f,2025-03-24,,,,,,,,,,
f0a3eda2d0fce3f9840ef09c85a6721ae252ac7d31f7fc03764f4ea4a06d5f4f,2025-03-25,,,,,,,,,,
f0a3eda2d0fce3f9840ef09c85a6721ae252ac7d31f7fc03764f4ea4a06d5f4f,2025-03-26,,,,,,,,,,
f0a3eda2d0fce3f9840ef09c85a6721ae252ac7d31f7fc03764f4ea4a06d5f4f,2025-03-27,,,,,,,,,,
f0a3eda2d0fce3f9840ef09c85a6721ae252ac7d31f7fc03764f4ea4a06d5f4f,2025-03-28,,,,,,,,,,
f0a3eda2d0fce3f9840ef09c85a6721ae252ac7d31f7fc03764f4ea4a06d5f4f,2025-03-29,,,,,,,,,,
f0a3eda2d0fce3f9840ef09c85a6721ae252ac7d31f7fc03764f4ea4a06d5f4f,2025-03-30,,,,,,,,,,
f0a3eda2d0fce3f9840ef09c85a6721ae252ac7d31f7fc03764f4ea4a06d5f4f,2025-03-31,,,,,,,8.05,27.0,34.22222222222222,91.2
f0a3eda2d0fce3f9840ef09c85a6721ae252ac7d31f7fc03764f4ea4a06d5f4f,2025-04-01,,,,,,,,33.833333333333336,39.77777777777778,91.0
f0a3eda2d0fce3f9840ef09c85a6721ae252ac7d31f7fc03764f4ea4a06d5f4f,2025-04-02,,,,,,,8.833333333333334,38.23529411764706,40.5,89.5
f0a3eda2d0fce3f9840ef09c85a6721ae252ac7d31f7fc03764f4ea4a06d5f4f,2025-04-03,,,,,,,7.7,36.76190476190476,34.23529411764706,91.08333333333333
f0a3eda2d0fce3f9840ef09c85a6721ae252ac7d31f7fc03764f4ea4a06d5f4f,2025-04-04,,,,,,,17.35,41.875,19.176470588235293,90.33333333333333
f0a3eda2d0fce3f9840ef09c85a6721ae252ac7d31f7fc03764f4ea4a06d5f4f,2025-04-05,,,,,,,8.6,35.36363636363637,16.944444444444443,88.3
f0a3eda2d0fce3f9840ef09c85a6721ae252ac7d31f7fc03764f4ea4a06d5f4f,2025-04-06,,,,,,,8.316666666666666,50.65,16.285714285714285,90.92857142857143
f0a3eda2d0fce3f9840ef09c85a6721ae252ac7d31f7fc03764f4ea4a06d5f4f,2025-04-07,,,,,,,,36.583333333333336,21.8,89.0
f0a3eda2d0fce3f9840ef09c85a6721ae252ac7d31f7fc03764f4ea4a06d5f4f,2025-04-08,,,,,,,7.966666666666667,14.875,86.0,
f0a3eda2d0fce3f9840ef09c85a6721ae252ac7d31f7fc03764f4ea4a06d5f4f,2025-04-09,,,,,,,8.4,37.8,53.72727272727273,89.8
f0a3eda2d0fce3f9840ef09c85a6721ae252ac7d31f7fc03764f4ea4a06d5f4f,2025-04-10,,,,,,,,40.76923076923077,30.75,92.57142857142857
f0a3eda2d0fce3f9840ef09c85a6721ae252ac7d31f7fc03764f4ea4a06d5f4f,2025-04-11,,,,,,,,42.125,56.25,90.33333333333333
f0a3eda2d0fce3f9840ef09c85a6721ae252ac7d31f7fc03764f4ea4a06d5f4f,2025-04-12,,,,,,,,,,
f0a3eda2d0fce3f9840ef09c85a6721ae252ac7d31f7fc03764f4ea4a06d5f4f,2025-04-13,,,,,,,,,,
f0a3eda2d0fce3f9840ef09c85a6721ae252ac7d31f7fc03764f4ea4a06d5f4f,2025-04-14,,,,,,,,,,
f0a3eda2d0fce3f9840ef09c85a6721ae252ac7d31f7fc03764f4ea4a06d5f4f,2025-04-15,,,,,,,,48.285714285714285,31.285714285714285,90.0
f0a3eda2d0fce3f9840ef09c85a6721ae252ac7d31f7fc03764f4ea4a06d5f4f,2025-04-16,,,,,,,,,,
f0a3eda2d0fce3f9840ef09c85a6721ae252ac7d31f7fc03764f4ea4a06d5f4f,2025-04-17,,,,,,,,43.833333333333336,,
f0a3eda2d0fce3f9840ef09c85a6721ae252ac7d31f7fc03764f4ea4a06d5f4f,2025-04-18,,,,,,,,,50.0,
f0a3eda2d0fce3f9840ef09c85a6721ae252ac7d31f7fc03764f4ea4a06d5f4f,2025-04-19,,,,,,,,,,
f0a3eda2d0fce3f9840ef09c85a6721ae252ac7d31f7fc03764f4ea4a06d5f4f,2025-04-20,,,,,,,,,,
f0a3eda2d0fce3f9840ef09c85a6721ae252ac7d31f7fc03764f4ea4a06d5f4f,2025-04-21,,,,,,,,,,
f0a3eda2d0fce3f9840ef09c85a6721ae252ac7d31f7fc03764f4ea4a06d5f4f,2025-04-22,,,,,,,,36.666666666666664,,
f0a3eda2d0fce3f9840ef09c85a6721ae252ac7d31f7fc03764f4ea4a06d5f4f,2025-04-23,,,,,,,8.083333333333334,30.444444444444443,65.0,
f0a3eda2d0fce3f9840ef09c85a6721ae252ac7d31f7fc03764f4ea4a06d5f4f,2025-04-24,,,,,,,,17.375,,
f0a3eda2d0fce3f9840ef09c85a6721ae252ac7d31f7fc03764f4ea4a06d5f4f,2025-04-25,,,,,,,,,,
f0a3eda2d0fce3f9840ef09c85a6721ae252ac7d31f7fc03764f4ea4a06d5f4f,2025-04-26,,,,,,,,30.75,59.0,
f0a3eda2d0fce3f9840ef09c85a6721ae252ac7d31f7fc03764f4ea4a06d5f4f,2025-04-27,,,,,,,,,,
f0a3eda2d0fce3f9840ef09c85a6721ae252ac7d31f7fc03764f4ea4a06d5f4f,2025-04-28,,,,,,,,47.333333333333336,64.85714285714286,90.5
f0a3eda2d0fce3f9840ef09c85a6721ae252ac7d31f7fc03764f4ea4a06d5f4f,2025-04-29,,,,,,,,35.6,,
f0a3eda2d0fce3f9840ef09c85a6721ae252ac7d31f7fc03764f4ea4a06d5f4f,2025-04-30,,,,,,,,47.25,,
f0a3eda2d0fce3f9840ef09c85a6721ae252ac7d31f7fc03764f4ea4a06d5f4f,2025-05-01,,,,,,,,6.0,,
f0a3eda2d0fce3f9840ef09c85a6721ae252ac7d31f7fc03764f4ea4a06d5f4f,2025-05-02,,,,,,,,37.57142857142857,76.0,93.0
f0a3eda2d0fce3f9840ef09c85a6721ae252ac7d31f7fc03764f4ea4a06d5f4f,2025-05-03,,,,,,,,,,
f0a3eda2d0fce3f9840ef09c85a6721ae252ac7d31f7fc03764f4ea4a06d5f4f,2025-05-04,,,,,,,,20.0,46.5,
f0a3eda2d0fce3f9840ef09c85a6721ae252ac7d31f7fc03764f4ea4a06d5f4f,2025-05-05,,,,,,,,,,
f0a3eda2d0fce3f9840ef09c85a6721ae252ac7d31f7fc03764f4ea4a06d5f4f,2025-05-06,,,,,,,,,,
f0a3eda2d0fce3f9840ef09c85a6721ae252ac7d31f7fc03764f4ea4a06d5f4f,2025-05-07,,,,,,,,,,
f0a3eda2d0fce3f9840ef09c85a6721ae252ac7d31f7fc03764f4ea4a06d5f4f,2025-05-08,,,,,,,,,,
f0a3eda2d0fce3f9840ef09c85a6721ae252ac7d31f7fc03764f4ea4a06d5f4f,2025-05-09,,,,,,,,28.75,79.75,94.0
f0a3eda2d0fce3f9840ef09c85a6721ae252ac7d31f7fc03764f4ea4a06d5f4f,2025-05-10,,,,,,,,,,
f0a3eda2d0fce3f9840ef09c85a6721ae252ac7d31f7fc03764f4ea4a06d5f4f,2025-05-11,,,,,,,,,,
f0a3eda2d0fce3f9840ef09c85a6721ae252ac7d31f7fc03764f4ea4a06d5f4f,2025-05-19,,,,,,,,,,
f0a3eda2d0fce3f9840ef09c85a6721ae252ac7d31f7fc03764f4ea4a06d5f4f,2025-05-20,,,,,,,,31.583333333333332,,
f0a3eda2d0fce3f9840ef09c85a6721ae252ac7d31f7fc03764f4ea4a06d5f4f,2025-05-21,,,,,,,9.1,24.11111111111111,,
f0a3eda2d0fce3f9840ef09c85a6721ae252ac7d31f7fc03764f4ea4a06d5f4f,2025-05-22,,,,,,,,20.666666666666668,,
f0a3eda2d0fce3f9840ef09c85a6721ae252ac7d31f7fc03764f4ea4a06d5f4f,2025-05-23,,,,,,,,32.0,22.636363636363637,90.5
f0a3eda2d0fce3f9840ef09c85a6721ae252ac7d31f7fc03764f4ea4a06d5f4f,2025-05-24,,,,,,,,5.0,43.0,
f0a3eda2d0fce3f9840ef09c85a6721ae252ac7d31f7fc03764f4ea4a06d5f4f,2025-05-25,,,,,,,,32.0,63.0,89.0
f0a3eda2d0fce3f9840ef09c85a6721ae252ac7d31f7fc03764f4ea4a06d5f4f,2025-05-26,,,,,,,8.72861111111111,27.727272727272727,32.6,89.0
f0a3eda2d0fce3f9840ef09c85a6721ae252ac7d31f7fc03764f4ea4a06d5f4f,2025-05-27,,,,,,,8.2,14.6875,,
f0a3eda2d0fce3f9840ef09c85a6721ae252ac7d31f7fc03764f4ea4a06d5f4f,2025-05-28,,,,,,,,37.5625,44.0,87.5
f0a3eda2d0fce3f9840ef09c85a6721ae252ac7d31f7fc03764f4ea4a06d5f4f,2025-05-29,,,,,,,,,,
f0a3eda2d0fce3f9840ef09c85a6721ae252ac7d31f7fc03764f4ea4a06d5f4f,2025-05-30,,,,,,,,28.5,30.0,
f0a3eda2d0fce3f9840ef09c85a6721ae252ac7d31f7fc03764f4ea4a06d5f4f,2025-05-31,,,,,,,,,85.0,
f0a3eda2d0fce3f9840ef09c85a6721ae252ac7d31f7fc03764f4ea4a06d5f4f,2025-06-01,,,,,,,,,,
f0a3eda2d0fce3f9840ef09c85a6721ae252ac7d31f7fc03764f4ea4a06d5f4f,2025-06-02,,,,,,,,,,
f0a3eda2d0fce3f9840ef09c85a6721ae252ac7d31f7fc03764f4ea4a06d5f4f,2025-06-03,,,,,,,,22.8,,
f0a3eda2d0fce3f9840ef09c85a6721ae252ac7d31f7fc03764f4ea4a06d5f4f,2025-06-04,,,,,,,,,,
f0a3eda2d0fce3f9840ef09c85a6721ae252ac7d31f7fc03764f4ea4a06d5f4f,2025-06-05,,,,,,,8.6,19.166666666666668,46.4,91.8
f0a3eda2d0fce3f9840ef09c85a6721ae252ac7d31f7fc03764f4ea4a06d5f4f,2025-06-06,,,,,,,,29.666666666666668,41.30769230769231,92.125
f0a3eda2d0fce3f9840ef09c85a6721ae252ac7d31f7fc03764f4ea4a06d5f4f,2025-06-07,,,,,,,,1.0,58.0,
f0a3eda2d0fce3f9840ef09c85a6721ae252ac7d31f7fc03764f4ea4a06d5f4f,2025-06-08,,,,,,,,,,
f0a3eda2d0fce3f9840ef09c85a6721ae252ac7d31f7fc03764f4ea4a06d5f4f,2025-06-09,,,,,,,,,,
f0a3eda2d0fce3f9840ef09c85a6721ae252ac7d31f7fc03764f4ea4a06d5f4f,2025-06-10,,,,,,,,,,
f0a3eda2d0fce3f9840ef09c85a6721ae252ac7d31f7fc03764f4ea4a06d5f4f,2025-06-11,,,,,,,8.233333333333333,27.90909090909091,,
f0a3eda2d0fce3f9840ef09c85a6721ae252ac7d31f7fc03764f4ea4a06d5f4f,2025-06-12,,,,,,,7.8,21.866666666666667,,
f0a3eda2d0fce3f9840ef09c85a6721ae252ac7d31f7fc03764f4ea4a06d5f4f,2025-06-13,,,,,,,,10.8,,
f0a3eda2d0fce3f9840ef09c85a6721ae252ac7d31f7fc03764f4ea4a06d5f4f,2025-06-14,,,,,,,,,,
f0a3eda2d0fce3f9840ef09c85a6721ae252ac7d31f7fc03764f4ea4a06d5f4f,2025-06-15,,,,,,,,,,
f0a3eda2d0fce3f9840ef09c85a6721ae252ac7d31f7fc03764f4ea4a06d5f4f,2025-06-16,,,,,,,15.45,52.666666666666664,11.833333333333334,94.0
f0a3eda2d0fce3f9840ef09c85a6721ae252ac7d31f7fc03764f4ea4a06d5f4f,2025-06-17,,,,,,,9.033333333333333,51.21739130434783,15.333333333333334,91.53333333333333
f0a3eda2d0fce3f9840ef09c85a6721ae252ac7d31f7fc03764f4ea4a06d5f4f,2025-06-18,,,,,,,,47.285714285714285,21.285714285714285,93.85714285714286
f0a3eda2d0fce3f9840ef09c85a6721ae252ac7d31f7fc03764f4ea4a06d5f4f,2025-06-19,,,,,,,,,,
f0a3eda2d0fce3f9840ef09c85a6721ae252ac7d31f7fc03764f4ea4a06d5f4f,2025-06-20,,,,,,,,11.0,,
f0a3eda2d0fce3f9840ef09c85a6721ae252ac7d31f7fc03764f4ea4a06d5f4f,2025-06-21,,,,,,,,,,
f0a3eda2d0fce3f9840ef09c85a6721ae252ac7d31f7fc03764f4ea4a06d5f4f,2025-06-22,,,,,,,,,,
f0a3eda2d0fce3f9840ef09c85a6721ae252ac7d31f7fc03764f4ea4a06d5f4f,2025-06-23,,,,,,,6.95,39.733333333333334,,
f0a3eda2d0fce3f9840ef09c85a6721ae252ac7d31f7fc03764f4ea4a06d5f4f,2025-06-24,,,,,,,,23.875,,
f0a3eda2d0fce3f9840ef09c85a6721ae252ac7d31f7fc03764f4ea4a06d5f4f,2025-06-25,,,,,,,,,,
f0a3eda2d0fce3f9840ef09c85a6721ae252ac7d31f7fc03764f4ea4a06d5f4f,2025-06-26,,,,,,,,,,
f0a3eda2d0fce3f9840ef09c85a6721ae252ac7d31f7fc03764f4ea4a06d5f4f,2025-06-27,,,,,,,,33.90909090909091,,
f0a3eda2d0fce3f9840ef09c85a6721ae252ac7d31f7fc03764f4ea4a06d5f4f,2025-06-28,,,,,,,,,,
f0a3eda2d0fce3f9840ef09c85a6721ae252ac7d31f7fc03764f4ea4a06d5f4f,2025-06-29,,,,,,,,15.4,,
f0a3eda2d0fce3f9840ef09c85a6721ae252ac7d31f7fc03764f4ea4a06d5f4f,2025-06-30,,,,,,,,,,
f0a3eda2d0fce3f9840ef09c85a6721ae252ac7d31f7fc03764f4ea4a06d5f4f,2025-07-01,,,,,,,,,,
f0a3eda2d0fce3f9840ef09c85a6721ae252ac7d31f7fc03764f4ea4a06d5f4f,2025-07-02,,,,,,,,,,
f0a3eda2d0fce3f9840ef09c85a6721ae252ac7d31f7fc03764f4ea4a06d5f4f,2025-07-03,,,,,,,,,,
f0a3eda2d0fce3f9840ef09c85a6721ae252ac7d31f7fc03764f4ea4a06d5f4f,2025-07-04,,,,,,,,,,
f0a3eda2d0fce3f9840ef09c85a6721ae252ac7d31f7fc03764f4ea4a06d5f4f,2025-07-05,,,,,,,,,,
f0a3eda2d0fce3f9840ef09c85a6721ae252ac7d31f7fc03764f4ea4a06d5f4f,2025-07-06,,,,,,,,,,
f0a3eda2d0fce3f9840ef09c85a6721ae252ac7d31f7fc03764f4ea4a06d5f4f,2025-07-07,,,,,,,,,,
f0a3eda2d0fce3f9840ef09c85a6721ae252ac7d31f7fc03764f4ea4a06d5f4f,2025-07-08,,,,,,,,,,
f0a3eda2d0fce3f9840ef09c85a6721ae252ac7d31f7fc03764f4ea4a06d5f4f,2025-07-09,,,,,,,,,,
f0a3eda2d0fce3f9840ef09c85a6721ae252ac7d31f7fc03764f4ea4a06d5f4f,2025-07-10,,,,,,,,,,
f0a3eda2d0fce3f9840ef09c85a6721ae252ac7d31f7fc03764f4ea4a06d5f4f,2025-07-11,,,,,,,,,,
f0a3eda2d0fce3f9840ef09c85a6721ae252ac7d31f7fc03764f4ea4a06d5f4f,2025-07-12,,,,,,,,,,
f0a3eda2d0fce3f9840ef09c85a6721ae252ac7d31f7fc03764f4ea4a06d5f4f,2025-07-13,,,,,,,,,,
f0a3eda2d0fce3f9840ef09c85a6721ae252ac7d31f7fc03764f4ea4a06d5f4f,2025-07-14,,,,,,,,,,
f0a3eda2d0fce3f9840ef09c85a6721ae252ac7d31f7fc03764f4ea4a06d5f4f,2025-07-15,,,,,,,,,,
f0a3eda2d0fce3f9840ef09c85a6721ae252ac7d31f7fc03764f4ea4a06d5f4f,2025-07-16,,,,,,,,,,
f0a3eda2d0fce3f9840ef09c85a6721ae252ac7d31f7fc03764f4ea4a06d5f4f,2025-07-17,,,,,,,,,,
f0a3eda2d0fce3f9840ef09c85a6721ae252ac7d31f7fc03764f4ea4a06d5f4f,2025-07-18,,,,,,,,,,
f0a3eda2d0fce3f9840ef09c85a6721ae252ac7d31f7fc03764f4ea4a06d5f4f,2025-07-19,,,,,,,,,,
f0a3eda2d0fce3f9840ef09c85a6721ae252ac7d31f7fc03764f4ea4a06d5f4f,2025-07-20,,,,,,,,,,
f0a3eda2d0fce3f9840ef09c85a6721ae252ac7d31f7fc03764f4ea4a06d5f4f,2025-07-21,,,,,,,,,,
f0a3eda2d0fce3f9840ef09c85a6721ae252ac7d31f7fc03764f4ea4a06d5f4f,2025-07-22,,,,,,,,,,
f0a3eda2d0fce3f9840ef09c85a6721ae252ac7d31f7fc03764f4ea4a06d5f4f,2025-07-23,,,,,,,,,,
f0a3eda2d0fce3f9840ef09c85a6721ae252ac7d31f7fc03764f4ea4a06d5f4f,2025-08-22,,,,,,,,,,
f0a3eda2d0fce3f9840ef09c85a6721ae252ac7d31f7fc03764f4ea4a06d5f4f,2025-08-23,,,,,,,,34.5,32.25,
f0a3eda2d0fce3f9840ef09c85a6721ae252ac7d31f7fc03764f4ea4a06d5f4f,2025-08-24,,,,,,,,34.55555555555556,24.9,
f0a3eda2d0fce3f9840ef09c85a6721ae252ac7d31f7fc03764f4ea4a06d5f4f,2025-08-25,,,,,,,,,,
f0a3eda2d0fce3f9840ef09c85a6721ae252ac7d31f7fc03764f4ea4a06d5f4f,2025-08-26,,,,,,,,,,
f0a3eda2d0fce3f9840ef09c85a6721ae252ac7d31f7fc03764f4ea4a06d5f4f,2025-08-27,,,,,,,,,,
f0a3eda2d0fce3f9840ef09c85a6721ae252ac7d31f7fc03764f4ea4a06d5f4f,2025-08-28,,,,,,,,,,
f0a3eda2d0fce3f9840ef09c85a6721ae252ac7d31f7fc03764f4ea4a06d5f4f,2025-08-29,,,,,,,,,,
f5dae2e7f37045518259d57d951fac391bed4edddbd8b8ae2734f192c77a2037,2024-09-01,,,,,,,,,,
f5dae2e7f37045518259d57d951fac391bed4edddbd8b8ae2734f192c77a2037,2024-09-02,,,,,,,,,,
f5dae2e7f37045518259d57d951fac391bed4edddbd8b8ae2734f192c77a2037,2024-09-03,,,,,,,,,,
f5dae2e7f37045518259d57d951fac391bed4edddbd8b8ae2734f192c77a2037,2024-09-04,,,,,,,,31.5,39.5,
f5dae2e7f37045518259d57d951fac391bed4edddbd8b8ae2734f192c77a2037,2024-09-05,,,,,,,,,,
f5dae2e7f37045518259d57d951fac391bed4edddbd8b8ae2734f192c77a2037,2024-09-06,,,,,,,,,,
f5dae2e7f37045518259d57d951fac391bed4edddbd8b8ae2734f192c77a2037,2024-09-07,,,,,,,,,,
f5dae2e7f37045518259d57d951fac391bed4edddbd8b8ae2734f192c77a2037,2024-09-08,,,,,,,,,,
f5dae2e7f37045518259d57d951fac391bed4edddbd8b8ae2734f192c77a2037,2024-09-09,,,,,,,,,,
f5dae2e7f37045518259d57d951fac391bed4edddbd8b8ae2734f192c77a2037,2024-09-10,,,,,,,,,39.0,
f5dae2e7f37045518259d57d951fac391bed4edddbd8b8ae2734f192c77a2037,2024-09-11,,,,,,,,,,
f5dae2e7f37045518259d57d951fac391bed4edddbd8b8ae2734f192c77a2037,2024-09-12,,,,,,,,,,
f5dae2e7f37045518259d57d951fac391bed4edddbd8b8ae2734f192c77a2037,2024-09-13,,,,,,,,,,
f5dae2e7f37045518259d57d951fac391bed4edddbd8b8ae2734f192c77a2037,2024-09-14,,,,,,,,,,
f5dae2e7f37045518259d57d951fac391bed4edddbd8b8ae2734f192c77a2037,2024-09-15,,,,,,,,,,
f5dae2e7f37045518259d57d951fac391bed4edddbd8b8ae2734f192c77a2037,2024-09-16,,,,,,,,,,
f5dae2e7f37045518259d57d951fac391bed4edddbd8b8ae2734f192c77a2037,2024-09-17,,,,,,,,32.142857142857146,25.75,
f5dae2e7f37045518259d57d951fac391bed4edddbd8b8ae2734f192c77a2037,2024-09-18,,,,,,,,,,
f5dae2e7f37045518259d57d951fac391bed4edddbd8b8ae2734f192c77a2037,2024-09-19,,,,,,,,4.5,36.5,
f5dae2e7f37045518259d57d951fac391bed4edddbd8b8ae2734f192c77a2037,2024-09-20,,,,,,,,39.25,29.5,
f5dae2e7f37045518259d57d951fac391bed4edddbd8b8ae2734f192c77a2037,2024-09-21,,,,,,,,,,
f5dae2e7f37045518259d57d951fac391bed4edddbd8b8ae2734f192c77a2037,2024-09-22,,,,,,,,,,
f5dae2e7f37045518259d57d951fac391bed4edddbd8b8ae2734f192c77a2037,2024-09-23,,,,,,,,36.5,28.75,
f5dae2e7f37045518259d57d951fac391bed4edddbd8b8ae2734f192c77a2037,2024-09-24,,,,,,,,,,
f5dae2e7f37045518259d57d951fac391bed4edddbd8b8ae2734f192c77a2037,2024-09-25,,,,,,,,46.2,23.5,
f5dae2e7f37045518259d57d951fac391bed4edddbd8b8ae2734f192c77a2037,2024-09-26,,,,,,,,,,
f5dae2e7f37045518259d57d951fac391bed4edddbd8b8ae2734f192c77a2037,2024-09-27,,,,,,,,,,
f5dae2e7f37045518259d57d951fac391bed4edddbd8b8ae2734f192c77a2037,2024-09-28,,,,,,,,,,
f5dae2e7f37045518259d57d951fac391bed4edddbd8b8ae2734f192c77a2037,2024-09-29,,,,,,,,3.0,34.666666666666664,
f5dae2e7f37045518259d57d951fac391bed4edddbd8b8ae2734f192c77a2037,2024-09-30,,,,,,,,,,
f5dae2e7f37045518259d57d951fac391bed4edddbd8b8ae2734f192c77a2037,2024-10-01,,,,,,,,,,
f5dae2e7f37045518259d57d951fac391bed4edddbd8b8ae2734f192c77a2037,2024-10-02,,,,,,,,,,
f5dae2e7f37045518259d57d951fac391bed4edddbd8b8ae2734f192c77a2037,2024-10-04,,,,,,,,,,
f5dae2e7f37045518259d57d951fac391bed4edddbd8b8ae2734f192c77a2037,2024-10-05,,,,,,,,,,
f5dae2e7f37045518259d57d951fac391bed4edddbd8b8ae2734f192c77a2037,2024-10-06,,,,,,,,,,
f5dae2e7f37045518259d57d951fac391bed4edddbd8b8ae2734f192c77a2037,2024-10-07,,,,,,,,,,
f5dae2e7f37045518259d57d951fac391bed4edddbd8b8ae2734f192c77a2037,2024-10-08,,,,,,,,,25.5,
f5dae2e7f37045518259d57d951fac391bed4edddbd8b8ae2734f192c77a2037,2024-10-09,,,,,,,,,,
f5dae2e7f37045518259d57d951fac391bed4edddbd8b8ae2734f192c77a2037,2024-10-10,,,,,,,,,,
f5dae2e7f37045518259d57d951fac391bed4edddbd8b8ae2734f192c77a2037,2024-10-11,,,,,,,,,,
f5dae2e7f37045518259d57d951fac391bed4edddbd8b8ae2734f192c77a2037,2024-10-12,,,,,,,,,,
f5dae2e7f37045518259d57d951fac391bed4edddbd8b8ae2734f192c77a2037,2024-10-13,,,,,,,,,,
f5dae2e7f37045518259d57d951fac391bed4edddbd8b8ae2734f192c77a2037,2024-10-14,,,,,,,,19.5,31.75,
f5dae2e7f37045518259d57d951fac391bed4edddbd8b8ae2734f192c77a2037,2024-10-15,,,,,,,,,,
f5dae2e7f37045518259d57d951fac391bed4edddbd8b8ae2734f192c77a2037,2024-10-16,,,,,,,,20.666666666666668,46.75,
f5dae2e7f37045518259d57d951fac391bed4edddbd8b8ae2734f192c77a2037,2024-10-17,,,,,,,,,36.0,
f5dae2e7f37045518259d57d951fac391bed4edddbd8b8ae2734f192c77a2037,2024-10-18,,,,,,,,,,
f5dae2e7f37045518259d57d951fac391bed4edddbd8b8ae2734f192c77a2037,2024-10-19,,,,,,,,,,
f5dae2e7f37045518259d57d951fac391bed4edddbd8b8ae2734f192c77a2037,2024-10-20,,,,,,,,,,
f5dae2e7f37045518259d57d951fac391bed4edddbd8b8ae2734f192c77a2037,2024-10-21,,,,,,,,,,
f5dae2e7f37045518259d57d951fac391bed4edddbd8b8ae2734f192c77a2037,2025-04-13,,,,,,,,,,
f5dae2e7f37045518259d57d951fac391bed4edddbd8b8ae2734f192c77a2037,2025-04-14,,,,,,,,,,
f5dae2e7f37045518259d57d951fac391bed4edddbd8b8ae2734f192c77a2037,2025-04-15,,,,,,,,,,
f5dae2e7f37045518259d57d951fac391bed4edddbd8b8ae2734f192c77a2037,2025-04-16,,,,,,,9.316666666666666,21.2,19.857142857142858,
f5dae2e7f37045518259d57d951fac391bed4edddbd8b8ae2734f192c77a2037,2025-04-17,,,,,,,,16.571428571428573,66.0,
f5dae2e7f37045518259d57d951fac391bed4edddbd8b8ae2734f192c77a2037,2025-04-18,,,,,,,,,,
f5dae2e7f37045518259d57d951fac391bed4edddbd8b8ae2734f192c77a2037,2025-04-19,,,,,,,,,,
f5dae2e7f37045518259d57d951fac391bed4edddbd8b8ae2734f192c77a2037,2025-04-20,,,,,,,,,,
f5dae2e7f37045518259d57d951fac391bed4edddbd8b8ae2734f192c77a2037,2025-04-21,,,,,,,,,,
f5dae2e7f37045518259d57d951fac391bed4edddbd8b8ae2734f192c77a2037,2025-04-22,,,,,,,,,,
f5dae2e7f37045518259d57d951fac391bed4edddbd8b8ae2734f192c77a2037,2025-04-23,,,,,,,,,,
f5dae2e7f37045518259d57d951fac391bed4edddbd8b8ae2734f192c77a2037,2025-04-24,,,,,,,,,,
f5dae2e7f37045518259d57d951fac391bed4edddbd8b8ae2734f192c77a2037,2025-04-25,,,,,,,,,,
f5dae2e7f37045518259d57d951fac391bed4edddbd8b8ae2734f192c77a2037,2025-04-26,,,,,,,,,,
f5dae2e7f37045518259d57d951fac391bed4edddbd8b8ae2734f192c77a2037,2025-04-27,,,,,,,,,,
f5dae2e7f37045518259d57d951fac391bed4edddbd8b8ae2734f192c77a2037,2025-04-28,,,,,,,,,,
f5dae2e7f37045518259d57d951fac391bed4edddbd8b8ae2734f192c77a2037,2025-04-29,,,,,,,,,,
f5dae2e7f37045518259d57d951fac391bed4edddbd8b8ae2734f192c77a2037,2025-04-30,,,,,,,,,,
f5dae2e7f37045518259d57d951fac391bed4edddbd8b8ae2734f192c77a2037,2025-05-01,,,,,,,,,,
f5dae2e7f37045518259d57d951fac391bed4edddbd8b8ae2734f192c77a2037,2025-05-02,,,,,,,,,,
f5dae2e7f37045518259d57d951fac391bed4edddbd8b8ae2734f192c77a2037,2025-06-18,,,,,,,,,,
f5dae2e7f37045518259d57d951fac391bed4edddbd8b8ae2734f192c77a2037,2025-06-19,,,,,,,,,,
f5dae2e7f37045518259d57d951fac391bed4edddbd8b8ae2734f192c77a2037,2025-06-20,,,,,,,,,,
f5dae2e7f37045518259d57d951fac391bed4edddbd8b8ae2734f192c77a2037,2025-06-21,,,,,,,,,,
f5dae2e7f37045518259d57d951fac391bed4edddbd8b8ae2734f192c77a2037,2025-06-22,,,,,,,,,,
f5dae2e7f37045518259d57d951fac391bed4edddbd8b8ae2734f192c77a2037,2025-06-23,,,,,,,,,,
f5dae2e7f37045518259d57d951fac391bed4edddbd8b8ae2734f192c77a2037,2025-06-24,,,,,,,,,,
f5dae2e7f37045518259d57d951fac391bed4edddbd8b8ae2734f192c77a2037,2025-06-25,,,,,,,,,,
f5dae2e7f37045518259d57d951fac391bed4edddbd8b8ae2734f192c77a2037,2025-06-26,,,,,,,,,,
f5dae2e7f37045518259d57d951fac391bed4edddbd8b8ae2734f192c77a2037,2025-06-27,,,,,,,,,,
f5dae2e7f37045518259d57d951fac391bed4edddbd8b8ae2734f192c77a2037,2025-06-28,,,,,,,,,,
f5dae2e7f37045518259d57d951fac391bed4edddbd8b8ae2734f192c77a2037,2025-06-29,,,,,,,,,,
f5dae2e7f37045518259d57d951fac391bed4edddbd8b8ae2734f192c77a2037,2025-06-30,,,,,,,,,,
f5dae2e7f37045518259d57d951fac391bed4edddbd8b8ae2734f192c77a2037,2025-07-01,,,,,,,,,,
f5dae2e7f37045518259d57d951fac391bed4edddbd8b8ae2734f192c77a2037,2025-07-02,,,,,,,,,,
f5dae2e7f37045518259d57d951fac391bed4edddbd8b8ae2734f192c77a2037,2025-07-03,,,,,,,,,,
f5dae2e7f37045518259d57d951fac391bed4edddbd8b8ae2734f192c77a2037,2025-07-04,,,,,,,,,,
f5dae2e7f37045518259d57d951fac391bed4edddbd8b8ae2734f192c77a2037,2025-07-05,,,,,,,,,,
f5dae2e7f37045518259d57d951fac391bed4edddbd8b8ae2734f192c77a2037,2025-07-06,,,,,,,,,,
f5dae2e7f37045518259d57d951fac391bed4edddbd8b8ae2734f192c77a2037,2025-07-07,,,,,,,,,,
f6bd8fa019290b1f09a7bf11822dce88355aeadee00e0f032e31cf8e2123afcd,2024-09-02,,,,,,,,,,
f6bd8fa019290b1f09a7bf11822dce88355aeadee00e0f032e31cf8e2123afcd,2024-09-03,,,,,,,,34.0,42.0,
f6bd8fa019290b1f09a7bf11822dce88355aeadee00e0f032e31cf8e2123afcd,2024-09-04,,,,,,,,34.5,45.0,
f6bd8fa019290b1f09a7bf11822dce88355aeadee00e0f032e31cf8e2123afcd,2024-09-05,,,,,,,,,,
f6bd8fa019290b1f09a7bf11822dce88355aeadee00e0f032e31cf8e2123afcd,2024-09-06,,,,,,,,,,
f6bd8fa019290b1f09a7bf11822dce88355aeadee00e0f032e31cf8e2123afcd,2024-09-07,,,,,,,,,,
f6bd8fa019290b1f09a7bf11822dce88355aeadee00e0f032e31cf8e2123afcd,2024-09-08,,,,,,,,,,
f6bd8fa019290b1f09a7bf11822dce88355aeadee00e0f032e31cf8e2123afcd,2024-09-09,,,,,,,,,,
f6bd8fa019290b1f09a7bf11822dce88355aeadee00e0f032e31cf8e2123afcd,2024-09-10,,,,,,,,,,
f6bd8fa019290b1f09a7bf11822dce88355aeadee00e0f032e31cf8e2123afcd,2024-09-11,,,,,,,,,,
f6bd8fa019290b1f09a7bf11822dce88355aeadee00e0f032e31cf8e2123afcd,2024-09-12,,,,,,,,47.75,42.8,
f6bd8fa019290b1f09a7bf11822dce88355aeadee00e0f032e31cf8e2123afcd,2024-09-13,,,,,,,,42.46153846153846,33.69230769230769,92.8
f6bd8fa019290b1f09a7bf11822dce88355aeadee00e0f032e31cf8e2123afcd,2024-09-14,,,,,,,,22.5,22.0,
f6bd8fa019290b1f09a7bf11822dce88355aeadee00e0f032e31cf8e2123afcd,2024-09-15,,,,,,,,,,
f6bd8fa019290b1f09a7bf11822dce88355aeadee00e0f032e31cf8e2123afcd,2024-09-16,,,,,,,,,,
f6bd8fa019290b1f09a7bf11822dce88355aeadee00e0f032e31cf8e2123afcd,2024-09-17,,,,,,,,,,
f6bd8fa019290b1f09a7bf11822dce88355aeadee00e0f032e31cf8e2123afcd,2024-09-18,,,,,,,,,,
f6bd8fa019290b1f09a7bf11822dce88355aeadee00e0f032e31cf8e2123afcd,2024-09-19,,,,,,,,,,
f6bd8fa019290b1f09a7bf11822dce88355aeadee00e0f032e31cf8e2123afcd,2024-09-20,,,,,,,,,,
f6bd8fa019290b1f09a7bf11822dce88355aeadee00e0f032e31cf8e2123afcd,2024-09-21,,,,,,,,,,
f6bd8fa019290b1f09a7bf11822dce88355aeadee00e0f032e31cf8e2123afcd,2024-09-22,,,,,,,,,,
f6bd8fa019290b1f09a7bf11822dce88355aeadee00e0f032e31cf8e2123afcd,2024-09-23,,,,,,,,,,
fb79f822bed4cd78a171fbd15d1108ca031fde41a38ae67a845158b44b8b2416,2024-09-01,,,,,,,11.95,20.142857142857142,24.952380952380953,94.29166666666667
fb79f822bed4cd78a171fbd15d1108ca031fde41a38ae67a845158b44b8b2416,2024-09-02,,,,,,,8.0,23.210526315789473,27.45,93.65
fb79f822bed4cd78a171fbd15d1108ca031fde41a38ae67a845158b44b8b2416,2024-09-03,,,,,,,8.35,24.0,49.142857142857146,92.55
fb79f822bed4cd78a171fbd15d1108ca031fde41a38ae67a845158b44b8b2416,2024-09-04,,,,,,,5.8,40.0,15.666666666666666,93.6842105263158
fb79f822bed4cd78a171fbd15d1108ca031fde41a38ae67a845158b44b8b2416,2024-09-05,,,,,,,7.466666666666667,25.529411764705884,26.25,93.33333333333333
fb79f822bed4cd78a171fbd15d1108ca031fde41a38ae67a845158b44b8b2416,2024-09-06,,,,,,,7.216666666666667,23.35,39.34782608695652,93.69565217391305
fb79f822bed4cd78a171fbd15d1108ca031fde41a38ae67a845158b44b8b2416,2024-09-07,,,,,,,8.55,26.05263157894737,29.304347826086957,92.83333333333333
fb79f822bed4cd78a171fbd15d1108ca031fde41a38ae67a845158b44b8b2416,2024-09-08,,,,,,,5.716666666666667,23.954545454545453,38.666666666666664,93.58333333333333
fb79f822bed4cd78a171fbd15d1108ca031fde41a38ae67a845158b44b8b2416,2024-09-09,,,,,,,7.966666666666667,25.0,28.9,90.45
fb79f822bed4cd78a171fbd15d1108ca031fde41a38ae67a845158b44b8b2416,2024-09-10,,,,,,,,28.38888888888889,41.1,93.42857142857143
fb79f822bed4cd78a171fbd15d1108ca031fde41a38ae67a845158b44b8b2416,2024-09-11,,,,,,,7.633333333333334,32.666666666666664,35.76923076923077,93.61538461538461
fb79f822bed4cd78a171fbd15d1108ca031fde41a38ae67a845158b44b8b2416,2024-09-12,,,,,,,6.616666666666666,21.0,37.5,93.88888888888889
fb79f822bed4cd78a171fbd15d1108ca031fde41a38ae67a845158b44b8b2416,2024-09-13,,,,,,,7.683333333333334,24.35,41.15,93.5
fb79f822bed4cd78a171fbd15d1108ca031fde41a38ae67a845158b44b8b2416,2024-09-14,,,,,,,6.816666666666666,24.529411764705884,32.333333333333336,94.0952380952381
fb79f822bed4cd78a171fbd15d1108ca031fde41a38ae67a845158b44b8b2416,2024-09-15,,,,,,,7.933333333333334,22.2,28.954545454545453,94.54166666666667
fb79f822bed4cd78a171fbd15d1108ca031fde41a38ae67a845158b44b8b2416,2024-09-16,,,,,,,6.016666666666667,17.894736842105264,48.80952380952381,93.0
fb79f822bed4cd78a171fbd15d1108ca031fde41a38ae67a845158b44b8b2416,2024-09-17,,,,,,,,20.157894736842106,50.8421052631579,94.94736842105263
fb79f822bed4cd78a171fbd15d1108ca031fde41a38ae67a845158b44b8b2416,2024-09-18,,,,,,,6.583333333333333,26.333333333333332,42.5,91.9
fb79f822bed4cd78a171fbd15d1108ca031fde41a38ae67a845158b44b8b2416,2024-09-19,,,,,,,6.066666666666666,27.3,40.47826086956522,92.625
fb79f822bed4cd78a171fbd15d1108ca031fde41a38ae67a845158b44b8b2416,2024-09-20,,,,,,,10.566666666666666,33.59090909090909,24.09090909090909,94.81818181818181
fb79f822bed4cd78a171fbd15d1108ca031fde41a38ae67a845158b44b8b2416,2024-09-21,,,,,,,8.75,32.35,37.333333333333336,94.04761904761905
fb79f822bed4cd78a171fbd15d1108ca031fde41a38ae67a845158b44b8b2416,2024-09-22,,,,,,,6.083333333333333,30.31578947368421,36.26086956521739,94.45833333333333
fb79f822bed4cd78a171fbd15d1108ca031fde41a38ae67a845158b44b8b2416,2024-09-23,,,,,,,5.9,26.470588235294116,35.05882352941177,94.5
fb79f822bed4cd78a171fbd15d1108ca031fde41a38ae67a845158b44b8b2416,2024-09-24,,,,,,,7.066666666666666,21.875,36.375,96.625
fb79f822bed4cd78a171fbd15d1108ca031fde41a38ae67a845158b44b8b2416,2024-09-26,,,,,,,7.333333333333333,36.5,21.25,91.8125
fb79f822bed4cd78a171fbd15d1108ca031fde41a38ae67a845158b44b8b2416,2024-09-27,,,,,,,7.866666666666666,24.833333333333332,14.61111111111111,92.95652173913044
fb79f822bed4cd78a171fbd15d1108ca031fde41a38ae67a845158b44b8b2416,2024-09-28,,,,,,,7.516666666666667,37.4,16.4,92.80952380952381
fb79f822bed4cd78a171fbd15d1108ca031fde41a38ae67a845158b44b8b2416,2024-09-29,,,,,,,4.733333333333333,24.38888888888889,14.35,93.75
fb79f822bed4cd78a171fbd15d1108ca031fde41a38ae67a845158b44b8b2416,2024-09-30,,,,,,,7.583333333333333,23.91304347826087,11.5,92.875
fb79f822bed4cd78a171fbd15d1108ca031fde41a38ae67a845158b44b8b2416,2024-10-01,,,,,,,7.166666666666667,23.157894736842106,26.0,94.9090909090909
fb79f822bed4cd78a171fbd15d1108ca031fde41a38ae67a845158b44b8b2416,2024-10-02,,,,,,,4.833333333333333,28.857142857142858,32.38095238095238,93.77272727272727
fb79f822bed4cd78a171fbd15d1108ca031fde41a38ae67a845158b44b8b2416,2024-10-03,,,,,,,6.9,24.57894736842105,13.095238095238095,92.33333333333333
fb79f822bed4cd78a171fbd15d1108ca031fde41a38ae67a845158b44b8b2416,2024-10-04,,,,,,,5.5,23.17391304347826,22.565217391304348,93.5
fb79f822bed4cd78a171fbd15d1108ca031fde41a38ae67a845158b44b8b2416,2024-10-05,,,,,,,8.733333333333333,32.416666666666664,17.25,93.16666666666667
fb79f822bed4cd78a171fbd15d1108ca031fde41a38ae67a845158b44b8b2416,2024-10-06,,,,,,,5.85,31.63157894736842,15.25,92.375
fb79f822bed4cd78a171fbd15d1108ca031fde41a38ae67a845158b44b8b2416,2024-10-07,,,,,,,7.133333333333334,17.333333333333332,24.105263157894736,94.14285714285714
fb79f822bed4cd78a171fbd15d1108ca031fde41a38ae67a845158b44b8b2416,2024-10-08,,,,,,,6.633333333333334,24.58823529411765,32.36842105263158,94.84210526315789
fb79f822bed4cd78a171fbd15d1108ca031fde41a38ae67a845158b44b8b2416,2024-10-09,,,,,,,6.7,24.58823529411765,27.41176470588235,94.3529411764706
fb79f822bed4cd78a171fbd15d1108ca031fde41a38ae67a845158b44b8b2416,2024-10-10,,,,,,,7.033333333333333,23.80952380952381,26.043478260869566,92.95652173913044
fb79f822bed4cd78a171fbd15d1108ca031fde41a38ae67a845158b44b8b2416,2024-10-11,,,,,,,7.416666666666667,32.42857142857143,27.26086956521739,93.625
fb79f822bed4cd78a171fbd15d1108ca031fde41a38ae67a845158b44b8b2416,2024-10-12,,,,,,,,26.666666666666668,23.157894736842106,90.5
fb79f822bed4cd78a171fbd15d1108ca031fde41a38ae67a845158b44b8b2416,2024-10-13,,,,,,,6.4,28.75,20.38888888888889,92.63157894736842
fb79f822bed4cd78a171fbd15d1108ca031fde41a38ae67a845158b44b8b2416,2024-10-14,,,,,,,7.716666666666667,31.15,12.523809523809524,93.18181818181819
fb79f822bed4cd78a171fbd15d1108ca031fde41a38ae67a845158b44b8b2416,2024-10-15,,,,,,,7.383333333333334,29.555555555555557,20.05,92.63636363636364
fb79f822bed4cd78a171fbd15d1108ca031fde41a38ae67a845158b44b8b2416,2024-10-16,,,,,,,6.733333333333333,26.333333333333332,13.933333333333334,94.5
fb79f822bed4cd78a171fbd15d1108ca031fde41a38ae67a845158b44b8b2416,2024-10-17,,,,,,,6.566666666666666,28.875,25.666666666666668,95.1
fb79f822bed4cd78a171fbd15d1108ca031fde41a38ae67a845158b44b8b2416,2024-10-18,,,,,,,9.0,29.3,14.8,95.35
fb79f822bed4cd78a171fbd15d1108ca031fde41a38ae67a845158b44b8b2416,2024-10-19,,,,,,,10.133333333333333,26.08695652173913,34.458333333333336,94.625
fb79f822bed4cd78a171fbd15d1108ca031fde41a38ae67a845158b44b8b2416,2024-10-20,,,,,,,7.616666666666666,41.166666666666664,19.642857142857142,95.25
fb79f822bed4cd78a171fbd15d1108ca031fde41a38ae67a845158b44b8b2416,2024-10-21,,,,,,,6.433333333333334,22.176470588235293,23.333333333333332,94.72222222222223
fb79f822bed4cd78a171fbd15d1108ca031fde41a38ae67a845158b44b8b2416,2024-10-22,,,,,,,6.633333333333334,24.666666666666668,26.736842105263158,93.47368421052632
fb79f822bed4cd78a171fbd15d1108ca031fde41a38ae67a845158b44b8b2416,2024-10-23,,,,,,,7.783333333333333,27.529411764705884,19.0,95.61111111111111
fb79f822bed4cd78a171fbd15d1108ca031fde41a38ae67a845158b44b8b2416,2024-10-24,,,,,,,9.4,28.38095238095238,29.904761904761905,94.77272727272727
fb79f822bed4cd78a171fbd15d1108ca031fde41a38ae67a845158b44b8b2416,2024-10-25,,,,,,,7.1,29.333333333333332,27.625,95.16666666666667
fb79f822bed4cd78a171fbd15d1108ca031fde41a38ae67a845158b44b8b2416,2024-10-26,,,,,,,,19.5,30.727272727272727,93.08333333333333
fb79f822bed4cd78a171fbd15d1108ca031fde41a38ae67a845158b44b8b2416,2024-10-27,,,,,,,7.85,26.25,18.2,93.33333333333333
fb79f822bed4cd78a171fbd15d1108ca031fde41a38ae67a845158b44b8b2416,2024-10-28,,,,,,,6.783333333333333,23.238095238095237,18.652173913043477,94.16666666666667
fb79f822bed4cd78a171fbd15d1108ca031fde41a38ae67a845158b44b8b2416,2024-10-29,,,,,,,7.583333333333333,26.625,26.764705882352942,94.47058823529412
fb79f822bed4cd78a171fbd15d1108ca031fde41a38ae67a845158b44b8b2416,2024-10-30,,,,,,,6.933333333333334,21.0,30.473684210526315,93.66666666666667
fb79f822bed4cd78a171fbd15d1108ca031fde41a38ae67a845158b44b8b2416,2024-10-31,,,,,,,7.466666666666667,23.625,29.647058823529413,91.47058823529412
fb79f822bed4cd78a171fbd15d1108ca031fde41a38ae67a845158b44b8b2416,2024-11-01,,,,,,,9.633333333333333,26.217391304347824,29.375,92.70833333333333
fb79f822bed4cd78a171fbd15d1108ca031fde41a38ae67a845158b44b8b2416,2024-11-02,,,,,,,7.616666666666666,17.88888888888889,42.0,94.53846153846153
fb79f822bed4cd78a171fbd15d1108ca031fde41a38ae67a845158b44b8b2416,2024-11-03,,,,,,,8.083333333333334,25.076923076923077,9.5,93.53333333333333
fb79f822bed4cd78a171fbd15d1108ca031fde41a38ae67a845158b44b8b2416,2024-11-04,,,,,,,7.083333333333333,20.875,33.94444444444444,95.05555555555556
fb79f822bed4cd78a171fbd15d1108ca031fde41a38ae67a845158b44b8b2416,2024-11-05,,,,,,,7.733333333333333,23.3,33.47826086956522,94.26086956521739
fb79f822bed4cd78a171fbd15d1108ca031fde41a38ae67a845158b44b8b2416,2024-11-06,,,,,,,7.816666666666666,21.476190476190474,30.565217391304348,93.625
fb79f822bed4cd78a171fbd15d1108ca031fde41a38ae67a845158b44b8b2416,2024-11-07,,,,,,,5.133333333333334,20.470588235294116,26.0,93.52631578947368
fb79f822bed4cd78a171fbd15d1108ca031fde41a38ae67a845158b44b8b2416,2024-11-08,,,,,,,8.733333333333333,22.772727272727273,21.40909090909091,93.73913043478261
fb79f822bed4cd78a171fbd15d1108ca031fde41a38ae67a845158b44b8b2416,2024-11-09,,,,,,,8.016666666666667,28.52173913043478,24.791666666666668,93.70833333333333
fb79f822bed4cd78a171fbd15d1108ca031fde41a38ae67a845158b44b8b2416,2024-11-10,,,,,,,6.433333333333334,24.818181818181817,18.333333333333332,93.84615384615384
fb79f822bed4cd78a171fbd15d1108ca031fde41a38ae67a845158b44b8b2416,2024-11-11,,,,,,,6.8,22.565217391304348,29.217391304347824,92.08333333333333
fb79f822bed4cd78a171fbd15d1108ca031fde41a38ae67a845158b44b8b2416,2024-11-12,,,,,,,6.483333333333333,24.53846153846154,28.571428571428573,93.23529411764706
fb79f822bed4cd78a171fbd15d1108ca031fde41a38ae67a845158b44b8b2416,2024-11-13,,,,,,,7.733333333333333,26.666666666666668,16.68421052631579,92.94736842105263
fb79f822bed4cd78a171fbd15d1108ca031fde41a38ae67a845158b44b8b2416,2024-11-14,,,,,,,9.716666666666667,24.0,27.956521739130434,95.21739130434783
fb79f822bed4cd78a171fbd15d1108ca031fde41a38ae67a845158b44b8b2416,2024-11-15,,,,,,,10.25,21.666666666666668,49.125,95.33333333333333
fb79f822bed4cd78a171fbd15d1108ca031fde41a38ae67a845158b44b8b2416,2024-11-16,,,,,,,11.316666666666666,16.608695652173914,70.70833333333333,95.20833333333333
fb79f822bed4cd78a171fbd15d1108ca031fde41a38ae67a845158b44b8b2416,2024-11-17,,,,,,,6.65,20.583333333333332,33.5,92.73333333333333
fb79f822bed4cd78a171fbd15d1108ca031fde41a38ae67a845158b44b8b2416,2024-11-18,,,,,,,,27.583333333333332,28.733333333333334,94.46666666666667
fb79f822bed4cd78a171fbd15d1108ca031fde41a38ae67a845158b44b8b2416,2024-11-19,,,,,,,11.65,26.0,36.0,94.84210526315789
fb79f822bed4cd78a171fbd15d1108ca031fde41a38ae67a845158b44b8b2416,2024-11-20,,,,,,,7.266666666666667,26.19047619047619,31.136363636363637,93.21739130434783
fb79f822bed4cd78a171fbd15d1108ca031fde41a38ae67a845158b44b8b2416,2024-11-21,,,,,,,6.866666666666666,24.05,21.545454545454547,95.16666666666667
fb79f822bed4cd78a171fbd15d1108ca031fde41a38ae67a845158b44b8b2416,2024-11-22,,,,,,,9.35,24.375,25.1,94.5909090909091
fb79f822bed4cd78a171fbd15d1108ca031fde41a38ae67a845158b44b8b2416,2024-11-23,,,,,,,8.083333333333334,27.454545454545453,29.52173913043478,94.43478260869566
fb79f822bed4cd78a171fbd15d1108ca031fde41a38ae67a845158b44b8b2416,2024-11-24,,,,,,,8.2,23.4,29.529411764705884,93.82352941176471
fb79f822bed4cd78a171fbd15d1108ca031fde41a38ae67a845158b44b8b2416,2024-11-25,,,,,,,7.05,23.785714285714285,21.68421052631579,94.45
fb79f822bed4cd78a171fbd15d1108ca031fde41a38ae67a845158b44b8b2416,2024-11-26,,,,,,,7.083333333333333,26.0,15.578947368421053,94.25
fb79f822bed4cd78a171fbd15d1108ca031fde41a38ae67a845158b44b8b2416,2024-11-27,,,,,,,8.266666666666667,20.05,21.61904761904762,95.04545454545455
fb79f822bed4cd78a171fbd15d1108ca031fde41a38ae67a845158b44b8b2416,2024-11-28,,,,,,,8.55,26.58823529411765,27.095238095238095,93.31818181818181
fb79f822bed4cd78a171fbd15d1108ca031fde41a38ae67a845158b44b8b2416,2024-11-29,,,,,,,7.7,31.6,17.38095238095238,92.5
fb79f822bed4cd78a171fbd15d1108ca031fde41a38ae67a845158b44b8b2416,2024-11-30,,,,,,,7.733333333333333,26.5,17.19047619047619,93.86363636363636
fb79f822bed4cd78a171fbd15d1108ca031fde41a38ae67a845158b44b8b2416,2024-12-01,,,,,,,8.183333333333334,26.5,28.8,94.5
fb79f822bed4cd78a171fbd15d1108ca031fde41a38ae67a845158b44b8b2416,2024-12-02,,,,,,,7.233333333333333,20.6,14.4,93.8
fb79f822bed4cd78a171fbd15d1108ca031fde41a38ae67a845158b44b8b2416,2024-12-03,,,,,,,6.516666666666667,25.5,31.214285714285715,95.35714285714286
fb79f822bed4cd78a171fbd15d1108ca031fde41a38ae67a845158b44b8b2416,2024-12-04,,,,,,,,38.95454545454545,13.043478260869565,92.0
fb79f822bed4cd78a171fbd15d1108ca031fde41a38ae67a845158b44b8b2416,2024-12-05,,,,,,,,22.2,22.5,94.77777777777777
fb79f822bed4cd78a171fbd15d1108ca031fde41a38ae67a845158b44b8b2416,2024-12-06,,,,,,,,20.545454545454547,40.333333333333336,93.66666666666667
fb79f822bed4cd78a171fbd15d1108ca031fde41a38ae67a845158b44b8b2416,2024-12-07,,,,,,,,26.941176470588236,29.714285714285715,93.45454545454545
fb79f822bed4cd78a171fbd15d1108ca031fde41a38ae67a845158b44b8b2416,2024-12-08,,,,,,,,27.15,26.217391304347824,93.82608695652173
fb79f822bed4cd78a171fbd15d1108ca031fde41a38ae67a845158b44b8b2416,2024-12-09,,,,,,,,23.333333333333332,29.9375,94.6470588235294
fb79f822bed4cd78a171fbd15d1108ca031fde41a38ae67a845158b44b8b2416,2024-12-10,,,,,,,6.966666666666667,23.88235294117647,39.8421052631579,94.35
fb79f822bed4cd78a171fbd15d1108ca031fde41a38ae67a845158b44b8b2416,2024-12-11,,,,,,,8.15,31.434782608695652,27.416666666666668,93.91666666666667
fb79f822bed4cd78a171fbd15d1108ca031fde41a38ae67a845158b44b8b2416,2024-12-12,,,,,,,6.266666666666667,31.470588235294116,26.095238095238095,95.0952380952381
fb79f822bed4cd78a171fbd15d1108ca031fde41a38ae67a845158b44b8b2416,2024-12-13,,,,,,,9.283333333333333,32.095238095238095,13.565217391304348,93.43478260869566
fb79f822bed4cd78a171fbd15d1108ca031fde41a38ae67a845158b44b8b2416,2024-12-14,,,,,,,,23.076923076923077,17.473684210526315,94.13636363636364
fb79f822bed4cd78a171fbd15d1108ca031fde41a38ae67a845158b44b8b2416,2024-12-15,,,,,,,14.666666666666666,28.473684210526315,7.826086956521739,94.75
fb79f822bed4cd78a171fbd15d1108ca031fde41a38ae67a845158b44b8b2416,2024-12-16,,,,,,,7.5,23.307692307692307,22.214285714285715,95.21428571428571
fb79f822bed4cd78a171fbd15d1108ca031fde41a38ae67a845158b44b8b2416,2024-12-17,,,,,,,6.566666666666666,30.083333333333332,20.285714285714285,95.71428571428571
fb79f822bed4cd78a171fbd15d1108ca031fde41a38ae67a845158b44b8b2416,2024-12-18,,,,,,,8.033333333333333,28.291666666666668,19.125,96.125
fb79f822bed4cd78a171fbd15d1108ca031fde41a38ae67a845158b44b8b2416,2024-12-19,,,,,,,8.5,24.333333333333332,27.363636363636363,94.04545454545455
fb79f822bed4cd78a171fbd15d1108ca031fde41a38ae67a845158b44b8b2416,2024-12-20,,,,,,,8.633333333333333,32.75,21.05263157894737,94.7
fb79f822bed4cd78a171fbd15d1108ca031fde41a38ae67a845158b44b8b2416,2024-12-21,,,,,,,8.933333333333334,32.76923076923077,12.470588235294118,92.17647058823529
fb79f822bed4cd78a171fbd15d1108ca031fde41a38ae67a845158b44b8b2416,2024-12-22,,,,,,,5.3,25.75,19.53846153846154,96.46153846153847
fb79f822bed4cd78a171fbd15d1108ca031fde41a38ae67a845158b44b8b2416,2024-12-23,,,,,,,5.5,24.863636363636363,13.043478260869565,94.82608695652173
fb79f822bed4cd78a171fbd15d1108ca031fde41a38ae67a845158b44b8b2416,2024-12-24,,,,,,,9.2,24.0,18.76923076923077,93.15384615384616
fb79f822bed4cd78a171fbd15d1108ca031fde41a38ae67a845158b44b8b2416,2024-12-25,,,,,,,8.733333333333333,33.04347826086956,13.826086956521738,92.125
fb79f822bed4cd78a171fbd15d1108ca031fde41a38ae67a845158b44b8b2416,2024-12-26,,,,,,,8.05,27.27777777777778,19.4,93.2
fb79f822bed4cd78a171fbd15d1108ca031fde41a38ae67a845158b44b8b2416,2024-12-27,,,,,,,,22.90909090909091,21.454545454545453,94.25
fb79f822bed4cd78a171fbd15d1108ca031fde41a38ae67a845158b44b8b2416,2024-12-28,,,,,,,14.883333333333333,27.476190476190474,13.727272727272727,92.0909090909091
fb79f822bed4cd78a171fbd15d1108ca031fde41a38ae67a845158b44b8b2416,2024-12-29,,,,,,,7.566666666666666,23.176470588235293,24.176470588235293,95.05882352941177
fb79f822bed4cd78a171fbd15d1108ca031fde41a38ae67a845158b44b8b2416,2024-12-30,,,,,,,,21.416666666666668,31.76923076923077,94.92307692307692
fb79f822bed4cd78a171fbd15d1108ca031fde41a38ae67a845158b44b8b2416,2024-12-31,,,,,,,,14.833333333333334,36.1,94.18181818181819
fb79f822bed4cd78a171fbd15d1108ca031fde41a38ae67a845158b44b8b2416,2025-01-01,,,,,,,14.733333333333333,35.357142857142854,10.25,91.57894736842105
fb79f822bed4cd78a171fbd15d1108ca031fde41a38ae67a845158b44b8b2416,2025-01-02,,,,,,,6.816666666666666,27.0,18.210526315789473,94.15
fb79f822bed4cd78a171fbd15d1108ca031fde41a38ae67a845158b44b8b2416,2025-01-03,,,,,,,9.95,30.681818181818183,19.782608695652176,94.17391304347827
fb79f822bed4cd78a171fbd15d1108ca031fde41a38ae67a845158b44b8b2416,2025-01-04,,,,,,,,25.357142857142858,36.72222222222222,94.44444444444444
fb79f822bed4cd78a171fbd15d1108ca031fde41a38ae67a845158b44b8b2416,2025-01-05,,,,,,,17.6,31.75,22.272727272727273,94.31818181818181
fb79f822bed4cd78a171fbd15d1108ca031fde41a38ae67a845158b44b8b2416,2025-01-06,,,,,,,7.0425,34.42857142857143,14.75,92.76190476190476
fb79f822bed4cd78a171fbd15d1108ca031fde41a38ae67a845158b44b8b2416,2025-01-07,,,,,,,8.133333333333333,28.285714285714285,25.666666666666668,94.22222222222223
fb79f822bed4cd78a171fbd15d1108ca031fde41a38ae67a845158b44b8b2416,2025-01-08,,,,,,,5.5,29.764705882352942,31.055555555555557,91.16666666666667
fb79f822bed4cd78a171fbd15d1108ca031fde41a38ae67a845158b44b8b2416,2025-01-09,,,,,,,8.483333333333333,26.875,17.75,92.76470588235294
fb79f822bed4cd78a171fbd15d1108ca031fde41a38ae67a845158b44b8b2416,2025-01-10,,,,,,,,23.307692307692307,33.86666666666667,92.875
fb79f822bed4cd78a171fbd15d1108ca031fde41a38ae67a845158b44b8b2416,2025-01-11,,,,,,,8.833333333333334,28.4,18.8,92.1
fb79f822bed4cd78a171fbd15d1108ca031fde41a38ae67a845158b44b8b2416,2025-01-12,,,,,,,9.816666666666666,32.04761904761905,20.791666666666668,92.70833333333333
fb79f822bed4cd78a171fbd15d1108ca031fde41a38ae67a845158b44b8b2416,2025-01-13,,,,,,,8.1,29.045454545454547,22.458333333333332,93.58333333333333
fb79f822bed4cd78a171fbd15d1108ca031fde41a38ae67a845158b44b8b2416,2025-01-14,,,,,,,5.733333333333333,19.352941176470587,33.35294117647059,95.77777777777777
fb79f822bed4cd78a171fbd15d1108ca031fde41a38ae67a845158b44b8b2416,2025-01-15,,,,,,,8.55,31.904761904761905,23.791666666666668,94.375
fb79f822bed4cd78a171fbd15d1108ca031fde41a38ae67a845158b44b8b2416,2025-01-16,,,,,,,7.016666666666667,26.066666666666666,24.1875,94.9375
fb79f822bed4cd78a171fbd15d1108ca031fde41a38ae67a845158b44b8b2416,2025-01-17,,,,,,,,24.357142857142858,28.642857142857142,93.13333333333334
fb79f822bed4cd78a171fbd15d1108ca031fde41a38ae67a845158b44b8b2416,2025-01-18,,,,,,,,27.36842105263158,25.38095238095238,93.63636363636364
fb79f822bed4cd78a171fbd15d1108ca031fde41a38ae67a845158b44b8b2416,2025-01-19,,,,,,,,25.235294117647058,31.27777777777778,95.26315789473684
fb79f822bed4cd78a171fbd15d1108ca031fde41a38ae67a845158b44b8b2416,2025-01-20,,,,,,,,25.4,33.875,93.0
fb79f822bed4cd78a171fbd15d1108ca031fde41a38ae67a845158b44b8b2416,2025-01-21,,,,,,,,33.54545454545455,28.90909090909091,94.04347826086956
fb79f822bed4cd78a171fbd15d1108ca031fde41a38ae67a845158b44b8b2416,2025-01-22,,,,,,,,27.533333333333335,20.9375,93.61111111111111
fb79f822bed4cd78a171fbd15d1108ca031fde41a38ae67a845158b44b8b2416,2025-01-23,,,,,,,,28.38888888888889,20.4,92.85
fb79f822bed4cd78a171fbd15d1108ca031fde41a38ae67a845158b44b8b2416,2025-01-24,,,,,,,,25.0625,14.529411764705882,95.70588235294117
fb79f822bed4cd78a171fbd15d1108ca031fde41a38ae67a845158b44b8b2416,2025-01-25,,,,,,,,36.15,30.375,94.91666666666667
fb79f822bed4cd78a171fbd15d1108ca031fde41a38ae67a845158b44b8b2416,2025-01-26,,,,,,,,25.545454545454547,18.26086956521739,94.70833333333333
fb79f822bed4cd78a171fbd15d1108ca031fde41a38ae67a845158b44b8b2416,2025-01-27,,,,,,,,18.4,44.470588235294116,93.70588235294117
fb79f822bed4cd78a171fbd15d1108ca031fde41a38ae67a845158b44b8b2416,2025-01-28,,,,,,,,25.842105263157894,29.842105263157894,93.6842105263158
fb79f822bed4cd78a171fbd15d1108ca031fde41a38ae67a845158b44b8b2416,2025-01-29,,,,,,,,26.153846153846153,22.357142857142858,92.93333333333334
fb79f822bed4cd78a171fbd15d1108ca031fde41a38ae67a845158b44b8b2416,2025-01-30,,,,,,,,27.066666666666666,22.866666666666667,94.2
fb79f822bed4cd78a171fbd15d1108ca031fde41a38ae67a845158b44b8b2416,2025-01-31,,,,,,,,23.0625,18.176470588235293,95.05882352941177
fb79f822bed4cd78a171fbd15d1108ca031fde41a38ae67a845158b44b8b2416,2025-02-01,,,,,,,,28.923076923076923,36.529411764705884,94.88235294117646
fb79f822bed4cd78a171fbd15d1108ca031fde41a38ae67a845158b44b8b2416,2025-02-02,,,,,,,,32.111111111111114,20.05263157894737,92.95
fb79f822bed4cd78a171fbd15d1108ca031fde41a38ae67a845158b44b8b2416,2025-02-03,,,,,,,,23.076923076923077,27.066666666666666,94.8
fb79f822bed4cd78a171fbd15d1108ca031fde41a38ae67a845158b44b8b2416,2025-02-04,,,,,,,,28.46153846153846,35.25,94.11764705882354
fb79f822bed4cd78a171fbd15d1108ca031fde41a38ae67a845158b44b8b2416,2025-02-05,,,,,,,,25.133333333333333,24.263157894736842,94.78947368421052
fb79f822bed4cd78a171fbd15d1108ca031fde41a38ae67a845158b44b8b2416,2025-02-06,,,,,,,6.816666666666666,24.3,25.923076923076923,93.76923076923077
fb79f822bed4cd78a171fbd15d1108ca031fde41a38ae67a845158b44b8b2416,2025-02-07,,,,,,,8.283333333333333,29.238095238095237,26.523809523809526,94.9047619047619
fb79f822bed4cd78a171fbd15d1108ca031fde41a38ae67a845158b44b8b2416,2025-02-08,,,,,,,10.033333333333333,28.833333333333332,26.818181818181817,95.0909090909091
fb79f822bed4cd78a171fbd15d1108ca031fde41a38ae67a845158b44b8b2416,2025-02-09,,,,,,,7.466666666666667,27.470588235294116,25.57894736842105,94.78947368421052
fb79f822bed4cd78a171fbd15d1108ca031fde41a38ae67a845158b44b8b2416,2025-02-10,,,,,,,6.933333333333334,23.333333333333332,29.416666666666668,94.38461538461539
fb79f822bed4cd78a171fbd15d1108ca031fde41a38ae67a845158b44b8b2416,2025-02-11,,,,,,,7.116666666666666,25.45,26.95,95.04545454545455
fb79f822bed4cd78a171fbd15d1108ca031fde41a38ae67a845158b44b8b2416,2025-02-12,,,,,,,7.624722222222222,24.733333333333334,26.764705882352942,94.22222222222223
fb79f822bed4cd78a171fbd15d1108ca031fde41a38ae67a845158b44b8b2416,2025-02-13,,,,,,,7.033333333333333,27.357142857142858,26.11764705882353,94.41176470588235
fb79f822bed4cd78a171fbd15d1108ca031fde41a38ae67a845158b44b8b2416,2025-02-14,,,,,,,8.433333333333334,22.933333333333334,17.25,93.47058823529412
fb79f822bed4cd78a171fbd15d1108ca031fde41a38ae67a845158b44b8b2416,2025-02-15,,,,,,,10.3,27.625,22.7,93.04545454545455
fb79f822bed4cd78a171fbd15d1108ca031fde41a38ae67a845158b44b8b2416,2025-02-16,,,,,,,8.1,20.352941176470587,43.578947368421055,93.35
fb79f822bed4cd78a171fbd15d1108ca031fde41a38ae67a845158b44b8b2416,2025-02-17,,,,,,,6.5,19.0,45.25,93.34782608695652
fb79f822bed4cd78a171fbd15d1108ca031fde41a38ae67a845158b44b8b2416,2025-02-18,,,,,,,7.15,26.555555555555557,33.0,94.75
fb79f822bed4cd78a171fbd15d1108ca031fde41a38ae67a845158b44b8b2416,2025-02-19,,,,,,,6.55,28.0,24.25,93.6875
fb79f822bed4cd78a171fbd15d1108ca031fde41a38ae67a845158b44b8b2416,2025-02-20,,,,,,,,29.333333333333332,21.153846153846153,95.0
fb79f822bed4cd78a171fbd15d1108ca031fde41a38ae67a845158b44b8b2416,2025-02-21,,,,,,,14.983333333333333,28.0,14.416666666666666,95.92307692307692
fb79f822bed4cd78a171fbd15d1108ca031fde41a38ae67a845158b44b8b2416,2025-02-22,,,,,,,10.783333333333333,25.857142857142858,37.285714285714285,93.95238095238095
fb79f822bed4cd78a171fbd15d1108ca031fde41a38ae67a845158b44b8b2416,2025-02-23,,,,,,,6.65,20.333333333333332,47.26315789473684,93.28571428571429
fb79f822bed4cd78a171fbd15d1108ca031fde41a38ae67a845158b44b8b2416,2025-02-24,,,,,,,6.85,22.434782608695652,37.541666666666664,93.75
fb79f822bed4cd78a171fbd15d1108ca031fde41a38ae67a845158b44b8b2416,2025-02-25,,,,,,,5.866666666666666,27.0,28.681818181818183,93.45833333333333
fb79f822bed4cd78a171fbd15d1108ca031fde41a38ae67a845158b44b8b2416,2025-02-26,,,,,,,6.966666666666667,23.2,22.55,93.0952380952381
fb79f822bed4cd78a171fbd15d1108ca031fde41a38ae67a845158b44b8b2416,2025-02-27,,,,,,,7.916666666666667,27.764705882352942,21.11764705882353,93.3529411764706
fb79f822bed4cd78a171fbd15d1108ca031fde41a38ae67a845158b44b8b2416,2025-02-28,,,,,,,6.5,25.22222222222222,16.555555555555557,92.77777777777777
fb79f822bed4cd78a171fbd15d1108ca031fde41a38ae67a845158b44b8b2416,2025-03-01,,,,,,,6.85,33.69230769230769,8.68421052631579,93.0
fb79f822bed4cd78a171fbd15d1108ca031fde41a38ae67a845158b44b8b2416,2025-03-02,,,,,,,8.466666666666667,24.944444444444443,12.55,91.0952380952381
fb79f822bed4cd78a171fbd15d1108ca031fde41a38ae67a845158b44b8b2416,2025-03-03,,,,,,,6.966666666666667,35.642857142857146,11.555555555555555,90.95238095238095
fb79f822bed4cd78a171fbd15d1108ca031fde41a38ae67a845158b44b8b2416,2025-03-04,,,,,,,7.433333333333334,22.8125,25.875,92.82352941176471
fb79f822bed4cd78a171fbd15d1108ca031fde41a38ae67a845158b44b8b2416,2025-03-05,,,,,,,8.333333333333334,24.6875,36.25,93.5625
fb79f822bed4cd78a171fbd15d1108ca031fde41a38ae67a845158b44b8b2416,2025-03-06,,,,,,,6.816666666666666,23.41176470588235,34.1764705882353,92.11111111111111
fb79f822bed4cd78a171fbd15d1108ca031fde41a38ae67a845158b44b8b2416,2025-03-07,,,,,,,,30.11764705882353,32.588235294117645,94.0
fb79f822bed4cd78a171fbd15d1108ca031fde41a38ae67a845158b44b8b2416,2025-03-08,,,,,,,8.45,32.357142857142854,18.6,93.75
fb79f822bed4cd78a171fbd15d1108ca031fde41a38ae67a845158b44b8b2416,2025-03-09,,,,,,,7.816666666666666,28.352941176470587,26.304347826086957,94.375
fb79f822bed4cd78a171fbd15d1108ca031fde41a38ae67a845158b44b8b2416,2025-03-10,,,,,,,6.316666666666666,20.235294117647058,42.470588235294116,94.58823529411765
fb79f822bed4cd78a171fbd15d1108ca031fde41a38ae67a845158b44b8b2416,2025-03-11,,,,,,,7.066666666666666,30.85,27.428571428571427,94.47619047619048
fb79f822bed4cd78a171fbd15d1108ca031fde41a38ae67a845158b44b8b2416,2025-03-12,,,,,,,6.866666666666666,33.46666666666667,20.5625,93.125
fb79f822bed4cd78a171fbd15d1108ca031fde41a38ae67a845158b44b8b2416,2025-03-13,,,,,,,7.116666666666666,27.88888888888889,12.4,93.3
fb79f822bed4cd78a171fbd15d1108ca031fde41a38ae67a845158b44b8b2416,2025-03-14,,,,,,,9.366666666666667,29.466666666666665,24.625,93.1875
fb79f822bed4cd78a171fbd15d1108ca031fde41a38ae67a845158b44b8b2416,2025-03-15,,,,,,,11.2,26.523809523809526,26.26086956521739,92.875
fb79f822bed4cd78a171fbd15d1108ca031fde41a38ae67a845158b44b8b2416,2025-03-16,,,,,,,8.666666666666666,27.31578947368421,32.30434782608695,93.79166666666667
fb79f822bed4cd78a171fbd15d1108ca031fde41a38ae67a845158b44b8b2416,2025-03-17,,,,,,,6.6,23.4375,34.64705882352941,92.72222222222223
fb79f822bed4cd78a171fbd15d1108ca031fde41a38ae67a845158b44b8b2416,2025-03-18,,,,,,,9.6,28.63157894736842,23.238095238095237,94.0
fb79f822bed4cd78a171fbd15d1108ca031fde41a38ae67a845158b44b8b2416,2025-03-19,,,,,,,6.55,19.666666666666668,27.5,93.66666666666667
fb79f822bed4cd78a171fbd15d1108ca031fde41a38ae67a845158b44b8b2416,2025-03-20,,,,,,,,22.666666666666668,37.375,93.47058823529412
fb79f822bed4cd78a171fbd15d1108ca031fde41a38ae67a845158b44b8b2416,2025-03-21,,,,,,,15.066666666666666,37.1764705882353,23.666666666666668,93.25
fb79f822bed4cd78a171fbd15d1108ca031fde41a38ae67a845158b44b8b2416,2025-03-22,,,,,,,,26.94736842105263,11.590909090909092,92.65217391304348
fb79f822bed4cd78a171fbd15d1108ca031fde41a38ae67a845158b44b8b2416,2025-03-23,,,,,,,7.1,30.45,9.521739130434783,93.56521739130434
fb79f822bed4cd78a171fbd15d1108ca031fde41a38ae67a845158b44b8b2416,2025-03-24,,,,,,,8.933333333333334,26.466666666666665,18.0,92.375
fb79f822bed4cd78a171fbd15d1108ca031fde41a38ae67a845158b44b8b2416,2025-03-25,,,,,,,7.816666666666666,38.04761904761905,17.59090909090909,92.41666666666667
fb79f822bed4cd78a171fbd15d1108ca031fde41a38ae67a845158b44b8b2416,2025-03-26,,,,,,,6.8,26.933333333333334,16.8,93.0625
fb79f822bed4cd78a171fbd15d1108ca031fde41a38ae67a845158b44b8b2416,2025-03-27,,,,,,,7.083333333333333,26.166666666666668,26.894736842105264,93.42105263157895
fb79f822bed4cd78a171fbd15d1108ca031fde41a38ae67a845158b44b8b2416,2025-03-28,,,,,,,8.15,23.157894736842106,28.0,92.89473684210526
fb79f822bed4cd78a171fbd15d1108ca031fde41a38ae67a845158b44b8b2416,2025-03-29,,,,,,,9.35,29.55,22.428571428571427,93.66666666666667
fb79f822bed4cd78a171fbd15d1108ca031fde41a38ae67a845158b44b8b2416,2025-03-30,,,,,,,7.866666666666666,25.75,15.75,94.25
fb79f822bed4cd78a171fbd15d1108ca031fde41a38ae67a845158b44b8b2416,2025-03-31,,,,,,,5.133333333333334,,,
fb79f822bed4cd78a171fbd15d1108ca031fde41a38ae67a845158b44b8b2416,2025-04-01,,,,,,,5.333333333333333,,,
fb79f822bed4cd78a171fbd15d1108ca031fde41a38ae67a845158b44b8b2416,2025-04-02,,,,,,,7.966666666666667,,,
fb79f822bed4cd78a171fbd15d1108ca031fde41a38ae67a845158b44b8b2416,2025-04-03,,,,,,,5.733333333333333,,,
fb79f822bed4cd78a171fbd15d1108ca031fde41a38ae67a845158b44b8b2416,2025-04-04,,,,,,,9.4,,,
fb79f822bed4cd78a171fbd15d1108ca031fde41a38ae67a845158b44b8b2416,2025-04-05,,,,,,,8.9,,,
fb79f822bed4cd78a171fbd15d1108ca031fde41a38ae67a845158b44b8b2416,2025-04-06,,,,,,,7.066666666666666,,,
fb79f822bed4cd78a171fbd15d1108ca031fde41a38ae67a845158b44b8b2416,2025-04-07,,,,,,,7.016666666666667,,,
fb79f822bed4cd78a171fbd15d1108ca031fde41a38ae67a845158b44b8b2416,2025-04-08,,,,,,,7.033333333333333,,,
fb79f822bed4cd78a171fbd15d1108ca031fde41a38ae67a845158b44b8b2416,2025-04-09,,,,,,,7.783333333333333,,,
fb79f822bed4cd78a171fbd15d1108ca031fde41a38ae67a845158b44b8b2416,2025-04-11,,,,,,,16.75,,,
fb79f822bed4cd78a171fbd15d1108ca031fde41a38ae67a845158b44b8b2416,2025-04-12,,,,,,,11.016666666666667,,,
fb79f822bed4cd78a171fbd15d1108ca031fde41a38ae67a845158b44b8b2416,2025-04-14,,,,,,,8.45,,,
fb79f822bed4cd78a171fbd15d1108ca031fde41a38ae67a845158b44b8b2416,2025-04-15,,,,,,,8.533333333333333,,,
fb79f822bed4cd78a171fbd15d1108ca031fde41a38ae67a845158b44b8b2416,2025-04-16,,,,,,,6.383333333333334,,,
fb79f822bed4cd78a171fbd15d1108ca031fde41a38ae67a845158b44b8b2416,2025-04-17,,,,,,,6.1,,,
fb79f822bed4cd78a171fbd15d1108ca031fde41a38ae67a845158b44b8b2416,2025-04-18,,,,,,,6.533333333333333,,,
fb79f822bed4cd78a171fbd15d1108ca031fde41a38ae67a845158b44b8b2416,2025-04-19,,,,,,,7.216666666666667,,,
fb79f822bed4cd78a171fbd15d1108ca031fde41a38ae67a845158b44b8b2416,2025-04-20,,,,,,,6.5,,,
fb79f822bed4cd78a171fbd15d1108ca031fde41a38ae67a845158b44b8b2416,2025-04-21,,,,,,,8.883333333333333,,,
fb79f822bed4cd78a171fbd15d1108ca031fde41a38ae67a845158b44b8b2416,2025-04-22,,,,,,,7.15,,,
fb79f822bed4cd78a171fbd15d1108ca031fde41a38ae67a845158b44b8b2416,2025-04-23,,,,,,,8.516666666666667,,,
fb79f822bed4cd78a171fbd15d1108ca031fde41a38ae67a845158b44b8b2416,2025-04-24,,,,,,,7.533333333333333,,,
fb79f822bed4cd78a171fbd15d1108ca031fde41a38ae67a845158b44b8b2416,2025-04-26,,,,,,,7.866666666666666,,,
fb79f822bed4cd78a171fbd15d1108ca031fde41a38ae67a845158b44b8b2416,2025-04-27,,,,,,,7.166666666666667,,,
fb79f822bed4cd78a171fbd15d1108ca031fde41a38ae67a845158b44b8b2416,2025-04-28,,,,,,,8.366666666666667,,,
fb79f822bed4cd78a171fbd15d1108ca031fde41a38ae67a845158b44b8b2416,2025-04-29,,,,,,,5.833333333333333,,,
fb79f822bed4cd78a171fbd15d1108ca031fde41a38ae67a845158b44b8b2416,2025-04-30,,,,,,,9.35,,,
fb79f822bed4cd78a171fbd15d1108ca031fde41a38ae67a845158b44b8b2416,2025-05-01,,,,,,,6.883333333333334,,,
fb79f822bed4cd78a171fbd15d1108ca031fde41a38ae67a845158b44b8b2416,2025-05-02,,,,,,,9.55,,,
fb79f822bed4cd78a171fbd15d1108ca031fde41a38ae67a845158b44b8b2416,2025-05-04,,,,,,,6.833333333333333,,,
fb79f822bed4cd78a171fbd15d1108ca031fde41a38ae67a845158b44b8b2416,2025-05-05,,,,,,,7.316666666666666,,,
fb79f822bed4cd78a171fbd15d1108ca031fde41a38ae67a845158b44b8b2416,2025-05-06,,,,,,,7.483333333333333,,,
fb79f822bed4cd78a171fbd15d1108ca031fde41a38ae67a845158b44b8b2416,2025-05-07,,,,,,,7.4,16.0,31.11764705882353,92.78571428571429
fb79f822bed4cd78a171fbd15d1108ca031fde41a38ae67a845158b44b8b2416,2025-05-08,,,,,,,5.433333333333334,23.666666666666668,15.0,91.0
fb79f822bed4cd78a171fbd15d1108ca031fde41a38ae67a845158b44b8b2416,2025-05-09,,,,,,,9.3,15.3,22.304347826086957,93.52631578947368
fb79f822bed4cd78a171fbd15d1108ca031fde41a38ae67a845158b44b8b2416,2025-05-10,,,,,,,8.433333333333334,10.411764705882353,26.458333333333332,93.10526315789474
fb79f822bed4cd78a171fbd15d1108ca031fde41a38ae67a845158b44b8b2416,2025-05-11,,,,,,,5.883333333333334,13.590909090909092,37.833333333333336,92.5
fb79f822bed4cd78a171fbd15d1108ca031fde41a38ae67a845158b44b8b2416,2025-05-12,,,,,,,6.783333333333333,11.9,57.5,94.625
fb79f822bed4cd78a171fbd15d1108ca031fde41a38ae67a845158b44b8b2416,2025-05-13,,,,,,,7.3225,,,
fb79f822bed4cd78a171fbd15d1108ca031fde41a38ae67a845158b44b8b2416,2025-05-14,,,,,,,6.4,,,
fb79f822bed4cd78a171fbd15d1108ca031fde41a38ae67a845158b44b8b2416,2025-05-15,,,,,,,8.133333333333333,,,
fb79f822bed4cd78a171fbd15d1108ca031fde41a38ae67a845158b44b8b2416,2025-05-16,,,,,,,7.533333333333333,,,
fb79f822bed4cd78a171fbd15d1108ca031fde41a38ae67a845158b44b8b2416,2025-05-17,,,,,,,11.216666666666667,,,
fb79f822bed4cd78a171fbd15d1108ca031fde41a38ae67a845158b44b8b2416,2025-05-18,,,,,,,6.2,,,
fb79f822bed4cd78a171fbd15d1108ca031fde41a38ae67a845158b44b8b2416,2025-05-19,,,,,,,7.85,,,
fb79f822bed4cd78a171fbd15d1108ca031fde41a38ae67a845158b44b8b2416,2025-05-20,,,,,,,7.483333333333333,,,
fb79f822bed4cd78a171fbd15d1108ca031fde41a38ae67a845158b44b8b2416,2025-05-21,,,,,,,7.933333333333334,,,
fb79f822bed4cd78a171fbd15d1108ca031fde41a38ae67a845158b44b8b2416,2025-05-22,,,,,,,5.683333333333334,,,
fb79f822bed4cd78a171fbd15d1108ca031fde41a38ae67a845158b44b8b2416,2025-05-23,,,,,,,8.383333333333333,,,
fb79f822bed4cd78a171fbd15d1108ca031fde41a38ae67a845158b44b8b2416,2025-05-24,,,,,,,7.383333333333334,,,
fb79f822bed4cd78a171fbd15d1108ca031fde41a38ae67a845158b44b8b2416,2025-05-25,,,,,,,6.733333333333333,,,
fb79f822bed4cd78a171fbd15d1108ca031fde41a38ae67a845158b44b8b2416,2025-05-26,,,,,,,7.1,,,
fb79f822bed4cd78a171fbd15d1108ca031fde41a38ae67a845158b44b8b2416,2025-05-27,,,,,,,7.05,,,
fb79f822bed4cd78a171fbd15d1108ca031fde41a38ae67a845158b44b8b2416,2025-05-28,,,,,,,7.3,,,
fb79f822bed4cd78a171fbd15d1108ca031fde41a38ae67a845158b44b8b2416,2025-05-29,,,,,,,7.683333333333334,,,
fb79f822bed4cd78a171fbd15d1108ca031fde41a38ae67a845158b44b8b2416,2025-05-30,,,,,,,7.916666666666667,,,
fb79f822bed4cd78a171fbd15d1108ca031fde41a38ae67a845158b44b8b2416,2025-05-31,,,,,,,9.15,,,
fb79f822bed4cd78a171fbd15d1108ca031fde41a38ae67a845158b44b8b2416,2025-06-01,,,,,,,8.033333333333333,,,
fb79f822bed4cd78a171fbd15d1108ca031fde41a38ae67a845158b44b8b2416,2025-06-02,,,,,,,8.2,,,
fb79f822bed4cd78a171fbd15d1108ca031fde41a38ae67a845158b44b8b2416,2025-06-03,,,,,,,6.866666666666666,,,
fb79f822bed4cd78a171fbd15d1108ca031fde41a38ae67a845158b44b8b2416,2025-06-04,,,,,,,6.5,,,
fb79f822bed4cd78a171fbd15d1108ca031fde41a38ae67a845158b44b8b2416,2025-06-05,,,,,,,5.983333333333333,,,
fb79f822bed4cd78a171fbd15d1108ca031fde41a38ae67a845158b44b8b2416,2025-06-06,,,,,,,8.6,,,
fb79f822bed4cd78a171fbd15d1108ca031fde41a38ae67a845158b44b8b2416,2025-06-07,,,,,,,6.65,,,
fb79f822bed4cd78a171fbd15d1108ca031fde41a38ae67a845158b44b8b2416,2025-06-08,,,,,,,7.2,,,
fb79f822bed4cd78a171fbd15d1108ca031fde41a38ae67a845158b44b8b2416,2025-06-10,,,,,,,8.838055555555556,,,
fb79f822bed4cd78a171fbd15d1108ca031fde41a38ae67a845158b44b8b2416,2025-06-11,,,,,,,6.616666666666666,,,
fb79f822bed4cd78a171fbd15d1108ca031fde41a38ae67a845158b44b8b2416,2025-06-12,,,,,,,6.65,,,
fb79f822bed4cd78a171fbd15d1108ca031fde41a38ae67a845158b44b8b2416,2025-06-13,,,,,,,8.516666666666667,,,
fb79f822bed4cd78a171fbd15d1108ca031fde41a38ae67a845158b44b8b2416,2025-06-15,,,,,,,14.683333333333334,,,
fb79f822bed4cd78a171fbd15d1108ca031fde41a38ae67a845158b44b8b2416,2025-06-16,,,,,,,7.15,,,
fb79f822bed4cd78a171fbd15d1108ca031fde41a38ae67a845158b44b8b2416,2025-06-17,,,,,,,5.8,,,
fb79f822bed4cd78a171fbd15d1108ca031fde41a38ae67a845158b44b8b2416,2025-06-18,,,,,,,6.433333333333334,,,
fb79f822bed4cd78a171fbd15d1108ca031fde41a38ae67a845158b44b8b2416,2025-06-19,,,,,,,6.916666666666667,,,
fb79f822bed4cd78a171fbd15d1108ca031fde41a38ae67a845158b44b8b2416,2025-06-20,,,,,,,7.916666666666667,,,
fb79f822bed4cd78a171fbd15d1108ca031fde41a38ae67a845158b44b8b2416,2025-06-21,,,,,,,7.183333333333334,,,
fb79f822bed4cd78a171fbd15d1108ca031fde41a38ae67a845158b44b8b2416,2025-06-22,,,,,,,6.55,,,
fb79f822bed4cd78a171fbd15d1108ca031fde41a38ae67a845158b44b8b2416,2025-06-23,,,,,,,8.783333333333333,,,
fb79f822bed4cd78a171fbd15d1108ca031fde41a38ae67a845158b44b8b2416,2025-06-24,,,,,,,7.033333333333333,,,
fb79f822bed4cd78a171fbd15d1108ca031fde41a38ae67a845158b44b8b2416,2025-06-25,,,,,,,7.35,,,
fb79f822bed4cd78a171fbd15d1108ca031fde41a38ae67a845158b44b8b2416,2025-06-26,,,,,,,7.133333333333334,,,
fb79f822bed4cd78a171fbd15d1108ca031fde41a38ae67a845158b44b8b2416,2025-06-27,,,,,,,8.116666666666667,,,
fb79f822bed4cd78a171fbd15d1108ca031fde41a38ae67a845158b44b8b2416,2025-06-28,,,,,,,8.216666666666667,,,
fb79f822bed4cd78a171fbd15d1108ca031fde41a38ae67a845158b44b8b2416,2025-06-29,,,,,,,5.65,,,
fb79f822bed4cd78a171fbd15d1108ca031fde41a38ae67a845158b44b8b2416,2025-06-30,,,,,,,7.1,,,
fb79f822bed4cd78a171fbd15d1108ca031fde41a38ae67a845158b44b8b2416,2025-07-01,,,,,,,7.05,,,
fb79f822bed4cd78a171fbd15d1108ca031fde41a38ae67a845158b44b8b2416,2025-07-02,,,,,,,7.45,,,
fb79f822bed4cd78a171fbd15d1108ca031fde41a38ae67a845158b44b8b2416,2025-07-03,,,,,,,6.55,,,
fb79f822bed4cd78a171fbd15d1108ca031fde41a38ae67a845158b44b8b2416,2025-07-04,,,,,,,7.95,,,
fb79f822bed4cd78a171fbd15d1108ca031fde41a38ae67a845158b44b8b2416,2025-07-05,,,,,,,5.8,,,
fb79f822bed4cd78a171fbd15d1108ca031fde41a38ae67a845158b44b8b2416,2025-07-06,,,,,,,7.683333333333334,,,
fb79f822bed4cd78a171fbd15d1108ca031fde41a38ae67a845158b44b8b2416,2025-07-08,,,,,,,14.316666666666666,,,
fb79f822bed4cd78a171fbd15d1108ca031fde41a38ae67a845158b44b8b2416,2025-07-09,,,,,,,8.183333333333334,,,
fb79f822bed4cd78a171fbd15d1108ca031fde41a38ae67a845158b44b8b2416,2025-07-10,,,,,,,7.166666666666667,,,
fb79f822bed4cd78a171fbd15d1108ca031fde41a38ae67a845158b44b8b2416,2025-07-11,,,,,,,8.366666666666667,,,
fb79f822bed4cd78a171fbd15d1108ca031fde41a38ae67a845158b44b8b2416,2025-07-12,,,,,,,6.683333333333334,,,
fb79f822bed4cd78a171fbd15d1108ca031fde41a38ae67a845158b44b8b2416,2025-07-13,,,,,,,6.8,,,
fb79f822bed4cd78a171fbd15d1108ca031fde41a38ae67a845158b44b8b2416,2025-07-14,,,,,,,6.7,,,
fb79f822bed4cd78a171fbd15d1108ca031fde41a38ae67a845158b44b8b2416,2025-07-15,,,,,,,9.1,,,
fb79f822bed4cd78a171fbd15d1108ca031fde41a38ae67a845158b44b8b2416,2025-07-16,,,,,,,6.816666666666666,,,
fb79f822bed4cd78a171fbd15d1108ca031fde41a38ae67a845158b44b8b2416,2025-07-17,,,,,,,8.033333333333333,,,
fb79f822bed4cd78a171fbd15d1108ca031fde41a38ae67a845158b44b8b2416,2025-07-18,,,,,,,7.5,,,
fb79f822bed4cd78a171fbd15d1108ca031fde41a38ae67a845158b44b8b2416,2025-07-19,,,,,,,10.966666666666667,,,
fb79f822bed4cd78a171fbd15d1108ca031fde41a38ae67a845158b44b8b2416,2025-07-20,,,,,,,5.816666666666666,,,
fb79f822bed4cd78a171fbd15d1108ca031fde41a38ae67a845158b44b8b2416,2025-07-21,,,,,,,7.866666666666666,,,
fb79f822bed4cd78a171fbd15d1108ca031fde41a38ae67a845158b44b8b2416,2025-07-22,,,,,,,6.45,,,
fb79f822bed4cd78a171fbd15d1108ca031fde41a38ae67a845158b44b8b2416,2025-07-23,,,,,,,7.316666666666666,,,
fb79f822bed4cd78a171fbd15d1108ca031fde41a38ae67a845158b44b8b2416,2025-07-24,,,,,,,7.583333333333333,,,
fb79f822bed4cd78a171fbd15d1108ca031fde41a38ae67a845158b44b8b2416,2025-07-25,,,,,,,9.183333333333334,,,
fb79f822bed4cd78a171fbd15d1108ca031fde41a38ae67a845158b44b8b2416,2025-07-26,,,,,,,8.25,,,
fb79f822bed4cd78a171fbd15d1108ca031fde41a38ae67a845158b44b8b2416,2025-07-27,,,,,,,5.95,,,
fb79f822bed4cd78a171fbd15d1108ca031fde41a38ae67a845158b44b8b2416,2025-07-28,,,,,,,7.983333333333333,,,
fb79f822bed4cd78a171fbd15d1108ca031fde41a38ae67a845158b44b8b2416,2025-07-29,,,,,,,9.25,,,
fb79f822bed4cd78a171fbd15d1108ca031fde41a38ae67a845158b44b8b2416,2025-07-30,,,,,,,5.816666666666666,,,
fb79f822bed4cd78a171fbd15d1108ca031fde41a38ae67a845158b44b8b2416,2025-07-31,,,,,,,7.716666666666667,,,
fb79f822bed4cd78a171fbd15d1108ca031fde41a38ae67a845158b44b8b2416,2025-08-01,,,,,,,8.483333333333333,,,
fb79f822bed4cd78a171fbd15d1108ca031fde41a38ae67a845158b44b8b2416,2025-08-02,,,,,,,8.5,,,
fb79f822bed4cd78a171fbd15d1108ca031fde41a38ae67a845158b44b8b2416,2025-08-03,,,,,,,6.45,,,
fb79f822bed4cd78a171fbd15d1108ca031fde41a38ae67a845158b44b8b2416,2025-08-04,,,,,,,6.916666666666667,,,
fb79f822bed4cd78a171fbd15d1108ca031fde41a38ae67a845158b44b8b2416,2025-08-06,,,,,,,8.3,,,
fb79f822bed4cd78a171fbd15d1108ca031fde41a38ae67a845158b44b8b2416,2025-08-07,,,,,,,8.366666666666667,,,
fb79f822bed4cd78a171fbd15d1108ca031fde41a38ae67a845158b44b8b2416,2025-08-09,,,,,,,11.15,,,
fb79f822bed4cd78a171fbd15d1108ca031fde41a38ae67a845158b44b8b2416,2025-08-11,,,,,,,10.116666666666667,,,
fb79f822bed4cd78a171fbd15d1108ca031fde41a38ae67a845158b44b8b2416,2025-08-12,,,,,,,8.4,,,
fb79f822bed4cd78a171fbd15d1108ca031fde41a38ae67a845158b44b8b2416,2025-08-13,,,,,,,9.15,,,
fb79f822bed4cd78a171fbd15d1108ca031fde41a38ae67a845158b44b8b2416,2025-08-14,,,,,,,10.333333333333334,,,
fb79f822bed4cd78a171fbd15d1108ca031fde41a38ae67a845158b44b8b2416,2025-08-15,,,,,,,8.233333333333333,,,
fb79f822bed4cd78a171fbd15d1108ca031fde41a38ae67a845158b44b8b2416,2025-08-16,,,,,,,7.166666666666667,,,
fb79f822bed4cd78a171fbd15d1108ca031fde41a38ae67a845158b44b8b2416,2025-08-17,,,,,,,9.633333333333333,,,
fb79f822bed4cd78a171fbd15d1108ca031fde41a38ae67a845158b44b8b2416,2025-08-18,,,,,,,10.933333333333334,,,
fb79f822bed4cd78a171fbd15d1108ca031fde41a38ae67a845158b44b8b2416,2025-08-19,,,,,,,7.683333333333334,,,
fb79f822bed4cd78a171fbd15d1108ca031fde41a38ae67a845158b44b8b2416,2025-08-20,,,,,,,9.183333333333334,,,
fb79f822bed4cd78a171fbd15d1108ca031fde41a38ae67a845158b44b8b2416,2025-08-22,,,,,,,3.8,,,
fb79f822bed4cd78a171fbd15d1108ca031fde41a38ae67a845158b44b8b2416,2025-08-23,,,,,,,8.033333333333333,,,
fb79f822bed4cd78a171fbd15d1108ca031fde41a38ae67a845158b44b8b2416,2025-08-24,,,,,,,12.266666666666667,,,
fb79f822bed4cd78a171fbd15d1108ca031fde41a38ae67a845158b44b8b2416,2025-08-25,,,,,,,7.166666666666667,,,
fb79f822bed4cd78a171fbd15d1108ca031fde41a38ae67a845158b44b8b2416,2025-08-26,,,,,,,7.9,,,
fb79f822bed4cd78a171fbd15d1108ca031fde41a38ae67a845158b44b8b2416,2025-08-27,,,,,,,7.35,,,
fb79f822bed4cd78a171fbd15d1108ca031fde41a38ae67a845158b44b8b2416,2025-08-28,,,,,,,6.766666666666667,,,
fb79f822bed4cd78a171fbd15d1108ca031fde41a38ae67a845158b44b8b2416,2025-08-29,,,,,,,9.133333333333333,,,
fb79f822bed4cd78a171fbd15d1108ca031fde41a38ae67a845158b44b8b2416,2025-08-30,,,,,,,9.1,,,
flamingo_1220,2025-02-13,1.9833333333333334,0.0,0.0,92.0,1.0,1.8246666666666667,,,,
flamingo_1220,2025-02-14,8.35,64.0,878.0,132.0,1.0,11.022,,,,
flamingo_1220,2025-02-15,1.0333333333333334,6.0,0.0,106.0,1.0,1.0953333333333335,,,,
flamingo_1220,2025-02-23,15.0,104.0,2216.0,120.66666666666667,3.0,18.1,,,,
fox_1069,2024-10-09,72.6,900.0,0.0,141.0,1.0,102.36599999999999,,,,
fox_1069,2024-10-29,5.433333333333334,0.0,0.0,116.5,2.0,6.329833333333333,,,,
gr_117,2025-03-04,0.38333333333333336,0.0,0.0,64.0,1.0,0.24533333333333335,,,,
gr_128,2025-03-11,0.5833333333333334,0.0,0.0,77.0,1.0,0.4491666666666667,,,,
gr_137,2024-11-25,0.25,0.0,0.0,100.0,1.0,0.25,,,,
gr_137,2024-11-28,0.05,0.0,0.0,90.0,1.0,0.045,,,,
gr_137,2024-12-04,20.366666666666667,0.0,0.0,,2.0,12.22,,,,
gr_137,2024-12-05,59.18333333333333,23.0,1966.0,,3.0,35.51,,,,
gr_137,2025-01-05,184.96666666666667,261.0,6234.0,95.0,1.0,175.71833333333333,,,,
gr_137,2025-01-06,30.233333333333334,50.0,22.0,96.5,2.0,29.17516666666667,,,,
gr_137,2025-01-07,13.783333333333333,26.0,128.0,98.5,2.0,13.576583333333334,,,,
gr_137,2025-01-08,4.483333333333333,7.0,12.0,93.0,1.0,4.1695,,,,
gr_137,2025-01-09,27.55,63.0,672.0,105.5,2.0,29.065250000000002,,,,
gr_137,2025-01-10,19.4,29.0,0.0,91.5,2.0,17.750999999999998,,,,
gr_137,2025-01-11,78.88333333333334,133.0,480.0,103.0,2.0,81.24983333333334,,,,
gr_137,2025-01-12,136.4,216.0,1540.0,97.5,2.0,132.99,,,,
gr_137,2025-01-13,26.416666666666668,47.0,536.0,101.0,1.0,26.680833333333336,,,,
gr_137,2025-01-14,64.18333333333334,127.0,1396.0,110.0,2.0,70.60166666666667,,,,
gr_137,2025-01-15,18.0,30.0,12.0,99.33333333333333,3.0,17.88,,,,
gr_137,2025-01-16,23.95,46.0,106.0,104.0,3.0,24.907999999999998,,,,
gr_137,2025-01-17,11.85,20.0,4.0,97.0,1.0,11.4945,,,,
gr_137,2025-01-21,23.333333333333332,44.0,74.0,102.0,1.0,23.8,,,,
gr_137,2025-01-22,103.3,163.0,768.0,94.0,3.0,97.10199999999999,,,,
gr_137,2025-01-23,40.4,74.0,192.0,103.0,1.0,41.611999999999995,,,,
gr_137,2025-02-04,16.583333333333332,28.0,10.0,96.0,1.0,15.92,,,,
gr_137,2025-02-05,0.16666666666666666,0.0,0.0,98.0,1.0,0.16333333333333333,,,,
gr_137,2025-02-20,7.85,8.0,34.0,81.0,1.0,6.3585,,,,
gr_137,2025-02-21,1.3833333333333333,3.0,0.0,106.0,1.0,1.4663333333333333,,,,
gr_137,2025-02-24,14.383333333333333,43.0,1338.0,121.0,4.0,17.40383333333333,,,,
gr_137,2025-02-25,9.116666666666667,13.0,26.0,91.0,1.0,8.296166666666666,,,,
gr_137,2025-02-26,1.0333333333333334,2.0,90.0,99.0,2.0,1.0230000000000001,,,,
gr_137,2025-02-27,31.05,39.0,0.0,86.5,2.0,26.85825,,,,
gr_137,2025-03-01,85.38333333333334,148.0,882.0,102.0,2.0,87.09100000000001,,,,
gr_137,2025-03-02,19.283333333333335,34.0,106.0,99.0,1.0,19.090500000000002,,,,
gr_137,2025-03-04,0.75,2.0,0.0,116.0,1.0,0.87,,,,
gr_137,2025-03-08,92.75,1029.0,3346.0,99.0,2.0,91.8225,,,,
gr_137,2025-03-09,15.616666666666667,54.0,1768.0,133.0,1.0,20.770166666666668,,,,
gr_137,2025-03-10,113.46666666666667,206.0,790.0,105.0,3.0,119.14,,,,
gr_137,2025-03-11,14.683333333333334,1.0,222.0,,1.0,8.81,,,,
gr_137,2025-03-13,92.71666666666667,2.0,646.0,,2.0,55.63,,,,
gr_137,2025-03-16,22.033333333333335,22.0,1324.0,,2.0,13.22,,,,
gr_137,2025-03-27,79.7,166.0,730.0,102.33333333333333,3.0,81.55966666666666,,,,
gr_137,2025-03-28,98.28333333333333,193.0,498.0,116.0,2.0,114.00866666666667,,,,
gr_137,2025-04-02,76.18333333333334,147.0,1762.0,110.0,1.0,83.80166666666668,,,,
gr_137,2025-04-03,130.71666666666667,263.0,2954.0,113.5,2.0,148.36341666666667,,,,
gr_137,2025-04-04,18.583333333333332,35.0,134.0,102.0,1.0,18.955,,,,
gr_137,2025-04-05,0.31666666666666665,1.0,16.0,107.0,1.0,0.3388333333333333,,,,
gr_137,2025-04-06,144.76666666666668,208.0,1520.0,93.0,2.0,134.633,,,,
gr_137,2025-04-07,66.68333333333334,92.0,602.0,92.0,1.0,61.34866666666667,,,,
gr_137,2025-04-08,,971.0,8186.0,103.0,1.0,0.0,,,,
gr_137,2025-04-09,114.7,202.0,1082.0,108.0,1.0,123.876,,,,
gr_137,2025-04-10,,1096.0,11990.0,99.0,1.0,0.0,,,,
gr_137,2025-04-11,2.3,0.0,0.0,96.0,1.0,2.2079999999999997,,,,
gr_137,2025-04-16,,1486.0,0.0,93.0,1.0,0.0,,,,
gr_137,2025-04-19,4.3,3.0,0.0,90.5,2.0,3.8914999999999997,,,,
gr_137,2025-04-23,10.95,52.0,0.0,162.0,1.0,17.738999999999997,,,,
gr_137,2025-04-27,22.066666666666666,33.0,0.0,95.0,1.0,20.963333333333335,,,,
gr_137,2025-04-28,20.2,511.0,2440.0,104.0,2.0,21.007999999999996,,,,
gr_137,2025-05-02,110.38333333333334,161.0,326.0,97.5,2.0,107.62375,,,,
gr_137,2025-05-06,0.6833333333333333,1.0,0.0,104.0,1.0,0.7106666666666667,,,,
gr_137,2025-05-12,0.06666666666666667,0.0,0.0,90.0,1.0,0.06,,,,
gr_137,2025-05-13,20.633333333333333,36.0,52.0,100.0,1.0,20.633333333333336,,,,
gr_137,2025-05-15,161.43333333333334,243.0,1082.0,100.0,1.0,161.43333333333334,,,,
gr_137,2025-05-20,319.65,481.0,4832.0,99.0,2.0,316.45349999999996,,,,
gr_137,2025-08-03,3.75,9.0,54.0,111.5,2.0,4.18125,,,,
gr_176,2025-01-17,5.383333333333334,0.0,0.0,82.0,1.0,4.414333333333334,,,,
gr_176,2025-01-18,10.2,0.0,86.0,99.5,2.0,10.149,,,,
gr_176,2025-01-19,5.133333333333334,0.0,58.0,103.0,1.0,5.287333333333334,,,,
gr_176,2025-01-20,5.1,0.0,0.0,88.0,1.0,4.4879999999999995,,,,
gr_176,2025-01-25,5.15,0.0,0.0,91.0,1.0,4.6865000000000006,,,,
gr_176,2025-01-26,5.1,0.0,12.0,95.0,1.0,4.845,,,,
gr_176,2025-01-27,5.1,0.0,0.0,94.0,1.0,4.794,,,,
gr_176,2025-02-09,5.566666666666666,0.0,0.0,75.0,1.0,4.175,,,,
gr_176,2025-02-12,5.1,0.0,0.0,73.0,1.0,3.7229999999999994,,,,
gr_176,2025-02-14,5.216666666666667,0.0,0.0,71.0,1.0,3.7038333333333333,,,,
gr_176,2025-02-17,5.566666666666666,0.0,0.0,75.0,1.0,4.175,,,,
gr_248,2025-06-18,5.233333333333333,0.0,6.0,98.0,1.0,5.128666666666667,,,,
gr_359,2025-04-13,34.28333333333333,422.0,5462.0,154.0,1.0,52.79633333333333,,,,
gr_359,2025-04-20,32.083333333333336,385.0,4994.0,151.0,1.0,48.44583333333334,,,,
gr_359,2025-04-22,39.983333333333334,486.0,6332.0,150.0,2.0,59.975,,,,
gr_359,2025-04-25,28.933333333333334,343.0,4684.0,149.0,1.0,43.11066666666667,,,,
gr_359,2025-04-27,28.583333333333332,346.0,4606.0,153.0,1.0,43.7325,,,,
gr_359,2025-04-29,72.45,479.0,6274.0,120.33333333333333,3.0,87.1815,,,,
gr_359,2025-05-03,67.98333333333333,442.0,4982.0,116.0,1.0,78.86066666666666,,,,
gr_359,2025-05-04,31.95,427.0,5182.0,165.0,1.0,52.7175,,,,
gr_359,2025-05-06,89.18333333333334,542.0,5184.0,114.0,1.0,101.669,,,,
gr_359,2025-05-11,40.88333333333333,495.0,6654.0,149.0,2.0,60.91616666666667,,,,
gr_359,2025-05-13,79.23333333333333,444.0,5310.0,108.0,1.0,85.572,,,,
gr_359,2025-05-17,67.78333333333333,494.0,4980.0,126.0,1.0,85.40699999999998,,,,
gr_359,2025-05-18,33.916666666666664,412.0,5158.0,145.0,2.0,49.17916666666666,,,,
gr_359,2025-05-22,72.65,592.0,5964.0,126.0,2.0,91.53900000000002,,,,
gr_359,2025-05-25,27.95,356.0,4622.0,158.0,1.0,44.160999999999994,,,,
gr_359,2025-05-27,68.65,520.0,5608.0,124.0,1.0,85.126,,,,
gr_359,2025-05-29,74.31666666666666,529.0,6586.0,120.0,1.0,89.18,,,,
gr_359,2025-05-31,68.43333333333334,541.0,5680.0,129.0,1.0,88.279,,,,
gr_359,2025-06-05,57.733333333333334,504.0,4638.0,134.0,1.0,77.36266666666667,,,,
gr_359,2025-06-07,26.233333333333334,330.0,4060.0,150.5,2.0,39.48116666666667,,,,
gr_359,2025-06-10,66.95,468.0,4512.0,119.0,1.0,79.6705,,,,
gr_359,2025-06-12,136.96666666666667,694.0,5854.0,110.0,1.0,150.66333333333333,,,,
gr_359,2025-06-14,65.71666666666667,457.0,4772.0,124.0,1.0,81.48866666666667,,,,
gr_359,2025-06-17,73.46666666666667,457.0,4994.0,113.0,1.0,83.01733333333334,,,,
gr_359,2025-06-19,24.4,300.0,3776.0,156.5,2.0,38.186,,,,
gr_359,2025-06-21,51.0,465.0,5002.0,139.0,1.0,70.89,,,,
gr_359,2025-06-24,153.01666666666668,642.0,5554.0,97.0,1.0,148.4261666666667,,,,
gr_359,2025-06-26,95.61666666666666,495.0,4992.0,105.0,1.0,100.3975,,,,
gr_359,2025-07-03,30.85,407.0,4928.0,163.0,1.0,50.2855,,,,
gr_359,2025-07-05,38.1,464.0,6106.0,162.0,2.0,61.722,,,,
gr_359,2025-07-13,28.05,357.0,4520.0,159.0,1.0,44.5995,,,,
gr_359,2025-07-15,17.116666666666667,215.0,2822.0,158.0,1.0,27.044333333333334,,,,
gr_359,2025-08-03,31.366666666666667,422.0,4938.0,165.0,1.0,51.755,,,,
gr_359,2025-08-05,31.316666666666666,433.0,5006.0,169.0,1.0,52.92516666666666,,,,
gr_359,2025-08-07,32.63333333333333,456.0,5206.0,170.33333333333334,3.0,55.58544444444445,,,,
gr_359,2025-08-08,44.65,580.0,6910.0,163.33333333333334,3.0,72.92833333333334,,,,
gr_359,2025-08-10,32.0,426.0,5152.0,165.33333333333334,3.0,52.906666666666666,,,,
gr_359,2025-08-11,32.13333333333333,414.0,5116.0,162.5,2.0,52.21666666666667,,,,
gr_359,2025-08-15,31.683333333333334,411.0,5190.0,163.5,2.0,51.80225,,,,
gr_359,2025-08-21,31.9,366.0,3526.0,138.0,2.0,44.022,,,,
gr_359,2025-08-23,29.416666666666668,367.0,4704.0,160.5,2.0,47.21375,,,,
gr_359,2025-08-24,26.733333333333334,338.0,4276.0,160.0,1.0,42.77333333333334,,,,
gr_87,2025-03-18,1.3833333333333333,0.0,0.0,81.0,1.0,1.1205,,,,
gr_87,2025-04-03,11.583333333333334,34.0,824.0,112.0,1.0,12.973333333333334,,,,
gr_87,2025-04-06,5.116666666666666,0.0,0.0,110.0,1.0,5.628333333333333,,,,
gr_87,2025-04-08,1.2166666666666666,1.0,0.0,70.5,2.0,0.8577499999999999,,,,
gr_87,2025-04-19,,337.0,1648.0,113.0,1.0,0.0,,,,
gr_87,2025-05-02,5.166666666666667,0.0,20.0,112.0,1.0,5.786666666666667,,,,
gr_87,2025-06-12,47.25,84.0,0.0,139.0,1.0,65.6775,,,,
gr_87,2025-06-16,0.1,0.0,0.0,78.0,1.0,0.07800000000000001,,,,
gr_87,2025-06-17,47.36666666666667,99.0,0.0,143.0,1.0,67.73433333333334,,,,
gr_94,2025-03-16,2.8833333333333333,16.0,138.0,102.5,2.0,2.955416666666667,,,,
gr_94,2025-03-17,4.383333333333334,34.0,420.0,109.66666666666667,3.0,4.807055555555556,,,,
gr_96,2025-04-03,0.36666666666666664,1.0,0.0,82.0,1.0,0.30066666666666664,,,,
gr_96,2025-04-07,5.133333333333334,15.0,572.0,104.0,1.0,5.338666666666667,,,,
gr_96,2025-04-08,0.21666666666666667,0.0,0.0,,1.0,0.13,,,,
hare_1160,2024-09-06,5.15,0.0,10.0,109.0,1.0,5.6135,,,,
hare_1160,2024-09-09,5.116666666666666,0.0,18.0,98.0,1.0,5.014333333333333,,,,
hare_1160,2024-09-13,,736.0,3830.0,104.0,1.0,0.0,,,,
hare_1160,2024-10-14,16.283333333333335,101.0,1660.0,136.0,1.0,22.145333333333337,,,,
hare_1160,2024-10-17,20.65,89.0,1976.0,121.0,1.0,24.986499999999996,,,,
hare_1160,2024-12-05,15.016666666666667,55.0,1152.0,104.0,1.0,15.617333333333333,,,,
hare_1160,2025-02-04,5.133333333333334,0.0,0.0,92.0,1.0,4.722666666666667,,,,
hare_1160,2025-02-16,5.083333333333333,0.0,0.0,108.0,1.0,5.49,,,,
hare_1160,2025-02-17,5.1,0.0,48.0,106.0,1.0,5.405999999999999,,,,
hare_1160,2025-02-27,0.9,0.0,0.0,99.0,1.0,0.8910000000000001,,,,
hare_1160,2025-03-02,57.9,163.0,1514.0,101.0,1.0,58.479,,,,
hare_1160,2025-03-06,5.1,0.0,0.0,93.0,1.0,4.742999999999999,,,,
hare_1160,2025-03-31,2.2,0.0,0.0,85.0,2.0,1.8700000000000003,,,,
hare_1160,2025-04-01,130.33333333333334,323.0,1114.0,96.0,2.0,125.12,,,,
hare_1160,2025-04-10,,87.0,2146.0,111.0,1.0,0.0,,,,
hare_1160,2025-05-12,96.05,316.0,1258.0,113.0,1.0,108.53649999999999,,,,
hare_1163,2024-09-17,5.15,0.0,0.0,109.0,1.0,5.6135,,,,
lion_1208,2024-10-01,0.2,0.0,0.0,105.0,1.0,0.21,,,,
lion_1208,2025-06-15,35.983333333333334,171.0,0.0,114.0,1.0,41.021,,,,
lion_1208,2025-06-16,1.1333333333333333,0.0,0.0,93.0,1.0,1.0539999999999998,,,,
lion_1208,2025-06-26,0.23333333333333334,0.0,0.0,,1.0,0.14,,,,
lion_1208,2025-07-02,0.35,0.0,8.0,76.0,1.0,0.26599999999999996,,,,
okapi_1196,2024-09-13,5.116666666666666,0.0,0.0,101.0,1.0,5.167833333333333,,,,
okapi_1196,2024-09-14,10.183333333333334,0.0,22.0,107.0,1.0,10.896166666666668,,,,
possum_1076,2025-01-26,0.45,0.0,6.0,89.0,1.0,0.4005,,,,
possum_1076,2025-01-27,0.13333333333333333,0.0,0.0,112.0,1.0,0.14933333333333335,,,,
possum_1076,2025-03-22,7.216666666666667,2.0,0.0,80.0,3.0,5.773333333333333,,,,
possum_1076,2025-03-28,5.1,0.0,0.0,86.0,1.0,4.385999999999999,,,,
possum_1076,2025-04-02,1.1333333333333333,0.0,0.0,82.0,1.0,0.9293333333333333,,,,
sparrow_1000,2024-10-28,0.9833333333333333,2.0,0.0,80.0,1.0,0.7866666666666666,,,,
sparrow_1068,2024-10-15,88.5,269.0,4578.0,133.0,1.0,117.705,,,,
sparrow_1068,2024-10-30,23.233333333333334,85.0,1666.0,126.0,1.0,29.274,,,,
sparrow_1068,2025-01-16,5.1,0.0,0.0,74.0,1.0,3.7739999999999996,,,,
sparrow_1068,2025-03-19,9.066666666666666,17.0,470.0,93.0,1.0,8.431999999999999,,,,
sparrow_1068,2025-05-04,4.2,0.0,0.0,59.0,1.0,2.52,,,,
sparrow_1068,2025-05-25,0.55,1.0,0.0,95.0,1.0,0.5225000000000001,,,,
