timestamp,hr_bpm,steps,active_kcal,spo2_pct
2026-09-23 00:00,69,0,0.0,96
2026-09-23 00:01,71,0,0.2,96
2026-09-23 00:02,75,0,0.6,96
2026-09-23 00:03,71,0,0.2,98
2026-09-23 00:04,72,0,0.3,96
2026-09-23 00:05,71,0,0.2,96
2026-09-23 00:06,71,0,0.2,97
2026-09-23 00:07,74,0,0.5,97
2026-09-23 00:08,71,0,0.2,96
2026-09-23 00:09,70,0,0.1,97
2026-09-23 00:10,69,0,0.0,96
2026-09-23 00:11,71,0,0.2,97
2026-09-23 00:12,69,0,0.0,96
2026-09-23 00:13,69,0,0.0,95
2026-09-23 00:14,74,0,0.5,97
2026-09-23 00:15,73,0,0.4,96
2026-09-23 00:16,69,0,0.0,95
2026-09-23 00:17,74,0,0.5,96
2026-09-23 00:18,73,0,0.4,97
2026-09-23 00:19,70,0,0.1,96
2026-09-23 00:20,73,0,0.4,96
2026-09-23 00:21,69,0,0.0,97
2026-09-23 00:22,70,0,0.1,96
2026-09-23 00:23,69,0,0.0,95
2026-09-23 00:24,70,0,0.1,97
2026-09-23 00:25,74,0,0.5,97
2026-09-23 00:26,69,0,0.0,97
2026-09-23 00:27,70,0,0.1,97
2026-09-23 00:28,70,0,0.1,96
2026-09-23 00:29,72,0,0.3,97
2026-09-23 00:30,71,0,0.2,97
2026-09-23 00:31,74,0,0.5,96
2026-09-23 00:32,71,0,0.2,97
2026-09-23 00:33,69,0,0.0,97
2026-09-23 00:34,71,0,0.2,97
2026-09-23 00:35,72,0,0.3,97
2026-09-23 00:36,70,0,0.1,97
2026-09-23 00:37,73,0,0.4,96
2026-09-23 00:38,76,0,0.7,97
2026-09-23 00:39,71,0,0.2,96
2026-09-23 00:40,72,0,0.3,96
2026-09-23 00:41,75,0,0.6,96
2026-09-23 00:42,71,0,0.2,97
2026-09-23 00:43,70,0,0.1,97
2026-09-23 00:44,70,0,0.1,96
2026-09-23 00:45,73,0,0.4,97
2026-09-23 00:46,73,0,0.4,97
2026-09-23 00:47,72,0,0.3,96
2026-09-23 00:48,72,0,0.3,96
2026-09-23 00:49,75,0,0.6,96
2026-09-23 00:50,74,0,0.5,96
2026-09-23 00:51,69,0,0.0,96
2026-09-23 00:52,72,0,0.3,97
2026-09-23 00:53,72,0,0.3,98
2026-09-23 00:54,73,0,0.4,97
2026-09-23 00:55,72,0,0.3,97
2026-09-23 00:56,71,0,0.2,97
2026-09-23 00:57,71,0,0.2,97
2026-09-23 00:58,69,0,0.0,96
2026-09-23 00:59,72,0,0.3,97
2026-09-23 01:00,71,0,0.2,96
2026-09-23 01:01,73,0,0.4,96
2026-09-23 01:02,70,0,0.1,96
2026-09-23 01:03,71,0,0.2,96
2026-09-23 01:04,70,0,0.1,96
2026-09-23 01:05,70,0,0.1,95
2026-09-23 01:06,73,0,0.4,97
2026-09-23 01:07,71,0,0.2,96
2026-09-23 01:08,73,0,0.4,96
2026-09-23 01:09,70,0,0.1,96
2026-09-23 01:10,72,0,0.3,97
2026-09-23 01:11,69,0,0.0,96
2026-09-23 01:12,71,0,0.2,96
2026-09-23 01:13,71,0,0.2,95
2026-09-23 01:14,73,0,0.4,95
2026-09-23 01:15,72,0,0.3,95
2026-09-23 01:16,72,0,0.3,97
2026-09-23 01:17,74,0,0.5,95
2026-09-23 01:18,72,0,0.3,97
2026-09-23 01:19,73,0,0.4,97
2026-09-23 01:20,73,0,0.4,96
2026-09-23 01:21,72,0,0.3,97
2026-09-23 01:22,71,0,0.2,97
2026-09-23 01:23,73,0,0.4,97
2026-09-23 01:24,71,0,0.2,98
2026-09-23 01:25,73,0,0.4,97
2026-09-23 01:26,74,0,0.5,96
2026-09-23 01:27,74,0,0.5,97
2026-09-23 01:28,71,0,0.2,96
2026-09-23 01:29,69,0,0.0,95
2026-09-23 01:30,72,0,0.3,95
2026-09-23 01:31,72,0,0.3,98
2026-09-23 01:32,74,0,0.5,96
2026-09-23 01:33,71,0,0.2,96
2026-09-23 01:34,71,0,0.2,96
2026-09-23 01:35,73,0,0.4,96
2026-09-23 01:36,71,0,0.2,96
2026-09-23 01:37,72,0,0.3,96
2026-09-23 01:38,75,0,0.6,95
2026-09-23 01:39,75,0,0.6,95
2026-09-23 01:40,73,0,0.4,96
2026-09-23 01:41,72,0,0.3,96
2026-09-23 01:42,70,0,0.1,98
2026-09-23 01:43,73,0,0.4,97
2026-09-23 01:44,72,0,0.3,97
2026-09-23 01:45,72,0,0.3,97
2026-09-23 01:46,71,0,0.2,96
2026-09-23 01:47,72,0,0.3,95
2026-09-23 01:48,72,0,0.3,96
2026-09-23 01:49,73,0,0.4,95
2026-09-23 01:50,75,0,0.6,96
2026-09-23 01:51,73,0,0.4,97
2026-09-23 01:52,69,0,0.0,96
2026-09-23 01:53,70,0,0.1,97
2026-09-23 01:54,69,0,0.0,96
2026-09-23 01:55,70,0,0.1,95
2026-09-23 01:56,73,0,0.4,96
2026-09-23 01:57,73,0,0.4,96
2026-09-23 01:58,71,0,0.2,97
2026-09-23 01:59,72,0,0.3,98
2026-09-23 02:00,70,0,0.1,96
2026-09-23 02:01,69,0,0.0,96
2026-09-23 02:02,69,0,0.0,96
2026-09-23 02:03,70,0,0.1,96
2026-09-23 02:04,75,0,0.6,95
2026-09-23 02:05,69,0,0.0,96
2026-09-23 02:06,74,0,0.5,96
2026-09-23 02:07,75,0,0.6,96
2026-09-23 02:08,72,0,0.3,95
2026-09-23 02:09,72,0,0.3,96
2026-09-23 02:10,71,0,0.2,95
2026-09-23 02:11,72,0,0.3,97
2026-09-23 02:12,73,0,0.4,96
2026-09-23 02:13,72,0,0.3,96
2026-09-23 02:14,74,0,0.5,96
2026-09-23 02:15,74,0,0.5,96
2026-09-23 02:16,73,0,0.4,95
2026-09-23 02:17,73,0,0.4,95
2026-09-23 02:18,72,0,0.3,97
2026-09-23 02:19,73,0,0.4,96
2026-09-23 02:20,70,0,0.1,96
2026-09-23 02:21,73,0,0.4,98
2026-09-23 02:22,72,0,0.3,96
2026-09-23 02:23,70,0,0.1,97
2026-09-23 02:24,76,0,0.7,96
2026-09-23 02:25,70,0,0.1,97
2026-09-23 02:26,70,0,0.1,97
2026-09-23 02:27,72,0,0.3,96
2026-09-23 02:28,69,0,0.0,96
2026-09-23 02:29,70,0,0.1,96
2026-09-23 02:30,69,0,0.0,97
2026-09-23 02:31,70,0,0.1,95
2026-09-23 02:32,72,0,0.3,96
2026-09-23 02:33,73,0,0.4,96
2026-09-23 02:34,74,0,0.5,96
2026-09-23 02:35,74,0,0.5,95
2026-09-23 02:36,74,0,0.5,97
2026-09-23 02:37,73,0,0.4,96
2026-09-23 02:38,71,0,0.2,96
2026-09-23 02:39,74,0,0.5,96
2026-09-23 02:40,71,0,0.2,95
2026-09-23 02:41,71,0,0.2,96
2026-09-23 02:42,75,0,0.6,95
2026-09-23 02:43,73,0,0.4,96
2026-09-23 02:44,72,0,0.3,96
2026-09-23 02:45,73,0,0.4,96
2026-09-23 02:46,74,0,0.5,96
2026-09-23 02:47,69,0,0.0,96
2026-09-23 02:48,72,0,0.3,98
2026-09-23 02:49,70,0,0.1,97
2026-09-23 02:50,72,0,0.3,95
2026-09-23 02:51,71,0,0.2,96
2026-09-23 02:52,75,0,0.6,96
2026-09-23 02:53,73,0,0.4,96
2026-09-23 02:54,70,0,0.1,96
2026-09-23 02:55,72,0,0.3,96
2026-09-23 02:56,69,0,0.0,97
2026-09-23 02:57,72,0,0.3,96
2026-09-23 02:58,73,0,0.4,96
2026-09-23 02:59,72,0,0.3,96
2026-09-23 03:00,69,0,0.0,96
2026-09-23 03:01,71,0,0.2,97
2026-09-23 03:02,73,0,0.4,97
2026-09-23 03:03,72,0,0.3,97
2026-09-23 03:04,74,0,0.5,94
2026-09-23 03:05,69,0,0.0,96
2026-09-23 03:06,73,0,0.4,97
2026-09-23 03:07,71,0,0.2,98
2026-09-23 03:08,72,0,0.3,96
2026-09-23 03:09,73,0,0.4,95
2026-09-23 03:10,73,0,0.4,97
2026-09-23 03:11,71,0,0.2,96
2026-09-23 03:12,72,0,0.3,95
2026-09-23 03:13,70,0,0.1,96
2026-09-23 03:14,69,0,0.0,97
2026-09-23 03:15,73,0,0.4,97
2026-09-23 03:16,72,0,0.3,97
2026-09-23 03:17,69,0,0.0,95
2026-09-23 03:18,70,0,0.1,98
2026-09-23 03:19,72,0,0.3,95
2026-09-23 03:20,75,0,0.6,96
2026-09-23 03:21,74,0,0.5,95
2026-09-23 03:22,73,0,0.4,97
2026-09-23 03:23,69,0,0.0,97
2026-09-23 03:24,72,0,0.3,97
2026-09-23 03:25,73,0,0.4,96
2026-09-23 03:26,73,0,0.4,96
2026-09-23 03:27,73,0,0.4,96
2026-09-23 03:28,71,0,0.2,95
2026-09-23 03:29,75,0,0.6,97
2026-09-23 03:30,75,0,0.6,97
2026-09-23 03:31,72,0,0.3,96
2026-09-23 03:32,70,0,0.1,96
2026-09-23 03:33,76,0,0.7,96
2026-09-23 03:34,71,0,0.2,97
2026-09-23 03:35,74,0,0.5,97
2026-09-23 03:36,76,0,0.7,96
2026-09-23 03:37,70,0,0.1,96
2026-09-23 03:38,72,0,0.3,95
2026-09-23 03:39,71,0,0.2,96
2026-09-23 03:40,73,0,0.4,96
2026-09-23 03:41,73,0,0.4,96
2026-09-23 03:42,76,0,0.7,96
2026-09-23 03:43,73,0,0.4,97
2026-09-23 03:44,72,0,0.3,97
2026-09-23 03:45,74,0,0.5,96
2026-09-23 03:46,71,0,0.2,97
2026-09-23 03:47,71,0,0.2,96
2026-09-23 03:48,76,0,0.7,96
2026-09-23 03:49,70,0,0.1,97
2026-09-23 03:50,71,0,0.2,95
2026-09-23 03:51,72,0,0.3,97
2026-09-23 03:52,70,0,0.1,95
2026-09-23 03:53,69,0,0.0,97
2026-09-23 03:54,74,0,0.5,96
2026-09-23 03:55,70,0,0.1,97
2026-09-23 03:56,71,0,0.2,96
2026-09-23 03:57,71,0,0.2,96
2026-09-23 03:58,70,0,0.1,97
2026-09-23 03:59,70,0,0.1,96
2026-09-23 04:00,72,0,0.3,96
2026-09-23 04:01,77,0,0.8,96
2026-09-23 04:02,73,0,0.4,97
2026-09-23 04:03,73,0,0.4,97
2026-09-23 04:04,69,0,0.0,96
2026-09-23 04:05,72,0,0.3,95
2026-09-23 04:06,70,0,0.1,96
2026-09-23 04:07,73,0,0.4,96
2026-09-23 04:08,71,0,0.2,97
2026-09-23 04:09,72,0,0.3,97
2026-09-23 04:10,72,0,0.3,96
2026-09-23 04:11,71,0,0.2,97
2026-09-23 04:12,69,0,0.0,96
2026-09-23 04:13,73,0,0.4,96
2026-09-23 04:14,69,0,0.0,96
2026-09-23 04:15,70,0,0.1,95
2026-09-23 04:16,71,0,0.2,97
2026-09-23 04:17,70,0,0.1,97
2026-09-23 04:18,72,0,0.3,96
2026-09-23 04:19,74,0,0.5,95
2026-09-23 04:20,72,0,0.3,96
2026-09-23 04:21,72,0,0.3,97
2026-09-23 04:22,72,0,0.3,96
2026-09-23 04:23,74,0,0.5,95
2026-09-23 04:24,69,0,0.0,97
2026-09-23 04:25,73,0,0.4,95
2026-09-23 04:26,70,0,0.1,95
2026-09-23 04:27,69,0,0.0,96
2026-09-23 04:28,72,0,0.3,96
2026-09-23 04:29,71,0,0.2,96
2026-09-23 04:30,73,0,0.4,96
2026-09-23 04:31,74,0,0.5,96
2026-09-23 04:32,69,0,0.0,96
2026-09-23 04:33,72,0,0.3,96
2026-09-23 04:34,76,0,0.7,96
2026-09-23 04:35,74,0,0.5,97
2026-09-23 04:36,75,0,0.6,97
2026-09-23 04:37,72,0,0.3,97
2026-09-23 04:38,69,0,0.0,97
2026-09-23 04:39,70,0,0.1,94
2026-09-23 04:40,73,0,0.4,96
2026-09-23 04:41,74,0,0.5,96
2026-09-23 04:42,70,0,0.1,96
2026-09-23 04:43,71,0,0.2,95
2026-09-23 04:44,72,0,0.3,97
2026-09-23 04:45,69,0,0.0,96
2026-09-23 04:46,71,0,0.2,96
2026-09-23 04:47,75,0,0.6,96
2026-09-23 04:48,76,0,0.7,96
2026-09-23 04:49,72,0,0.3,96
2026-09-23 04:50,76,0,0.7,97
2026-09-23 04:51,71,0,0.2,96
2026-09-23 04:52,70,0,0.1,95
2026-09-23 04:53,69,0,0.0,96
2026-09-23 04:54,74,0,0.5,96
2026-09-23 04:55,71,0,0.2,95
2026-09-23 04:56,77,0,0.8,97
2026-09-23 04:57,73,0,0.4,95
2026-09-23 04:58,72,0,0.3,97
2026-09-23 04:59,69,0,0.0,97
2026-09-23 05:00,75,0,0.6,96
2026-09-23 05:01,71,0,0.2,96
2026-09-23 05:02,72,0,0.3,97
2026-09-23 05:03,69,0,0.0,96
2026-09-23 05:04,74,0,0.5,95
2026-09-23 05:05,74,0,0.5,96
2026-09-23 05:06,71,0,0.2,98
2026-09-23 05:07,72,0,0.3,95
2026-09-23 05:08,73,0,0.4,97
2026-09-23 05:09,74,0,0.5,96
2026-09-23 05:10,72,0,0.3,96
2026-09-23 05:11,75,0,0.6,96
2026-09-23 05:12,71,0,0.2,96
2026-09-23 05:13,71,0,0.2,97
2026-09-23 05:14,71,0,0.2,97
2026-09-23 05:15,69,0,0.0,96
2026-09-23 05:16,70,0,0.1,97
2026-09-23 05:17,74,0,0.5,95
2026-09-23 05:18,72,0,0.3,97
2026-09-23 05:19,70,0,0.1,96
2026-09-23 05:20,73,0,0.4,97
2026-09-23 05:21,69,0,0.0,96
2026-09-23 05:22,71,0,0.2,97
2026-09-23 05:23,73,0,0.4,96
2026-09-23 05:24,73,0,0.4,97
2026-09-23 05:25,70,0,0.1,96
2026-09-23 05:26,74,0,0.5,98
2026-09-23 05:27,76,0,0.7,96
2026-09-23 05:28,71,0,0.2,97
2026-09-23 05:29,73,0,0.4,97
2026-09-23 05:30,69,0,0.0,96
2026-09-23 05:31,69,0,0.0,96
2026-09-23 05:32,73,0,0.4,97
2026-09-23 05:33,72,0,0.3,95
2026-09-23 05:34,72,0,0.3,95
2026-09-23 05:35,71,0,0.2,97
2026-09-23 05:36,71,0,0.2,95
2026-09-23 05:37,74,0,0.5,97
2026-09-23 05:38,75,0,0.6,96
2026-09-23 05:39,71,0,0.2,96
2026-09-23 05:40,69,0,0.0,96
2026-09-23 05:41,74,0,0.5,97
2026-09-23 05:42,73,0,0.4,96
2026-09-23 05:43,73,0,0.4,96
2026-09-23 05:44,72,0,0.3,96
2026-09-23 05:45,77,0,0.8,97
2026-09-23 05:46,72,0,0.3,97
2026-09-23 05:47,73,0,0.4,97
2026-09-23 05:48,69,0,0.0,97
2026-09-23 05:49,71,0,0.2,96
2026-09-23 05:50,71,0,0.2,95
2026-09-23 05:51,72,0,0.3,97
2026-09-23 05:52,73,0,0.4,97
2026-09-23 05:53,70,0,0.1,96
2026-09-23 05:54,75,0,0.6,97
2026-09-23 05:55,70,0,0.1,97
2026-09-23 05:56,71,0,0.2,96
2026-09-23 05:57,72,0,0.3,97
2026-09-23 05:58,69,0,0.0,96
2026-09-23 05:59,73,0,0.4,95
2026-09-23 06:00,73,0,0.4,96
2026-09-23 06:01,71,0,0.2,96
2026-09-23 06:02,76,0,0.7,97
2026-09-23 06:03,72,0,0.3,96
2026-09-23 06:04,72,0,0.3,96
2026-09-23 06:05,70,0,0.1,96
2026-09-23 06:06,69,0,0.0,96
2026-09-23 06:07,71,0,0.2,96
2026-09-23 06:08,71,0,0.2,97
2026-09-23 06:09,71,0,0.2,97
2026-09-23 06:10,73,0,0.4,96
2026-09-23 06:11,69,0,0.0,96
2026-09-23 06:12,70,0,0.1,96
2026-09-23 06:13,69,0,0.0,96
2026-09-23 06:14,75,0,0.6,97
2026-09-23 06:15,71,0,0.2,95
2026-09-23 06:16,71,0,0.2,96
2026-09-23 06:17,70,0,0.1,96
2026-09-23 06:18,74,0,0.5,97
2026-09-23 06:19,71,0,0.2,95
2026-09-23 06:20,72,0,0.3,96
2026-09-23 06:21,69,0,0.0,97
2026-09-23 06:22,74,0,0.5,96
2026-09-23 06:23,73,0,0.4,95
2026-09-23 06:24,73,0,0.4,96
2026-09-23 06:25,74,0,0.5,95
2026-09-23 06:26,72,0,0.3,97
2026-09-23 06:27,72,0,0.3,96
2026-09-23 06:28,73,0,0.4,98
2026-09-23 06:29,73,0,0.4,96
2026-09-23 06:30,78,0,0.9,96
2026-09-23 06:31,79,0,1.0,96
2026-09-23 06:32,80,6,1.1,95
2026-09-23 06:33,81,3,1.2,97
2026-09-23 06:34,81,0,1.2,97
2026-09-23 06:35,85,20,1.6,96
2026-09-23 06:36,83,2,1.4,97
2026-09-23 06:37,76,0,0.7,96
2026-09-23 06:38,78,0,0.9,96
2026-09-23 06:39,84,7,1.5,98
2026-09-23 06:40,80,6,1.1,95
2026-09-23 06:41,80,13,1.1,97
2026-09-23 06:42,82,1,1.3,97
2026-09-23 06:43,80,0,1.1,95
2026-09-23 06:44,77,3,0.8,95
2026-09-23 06:45,83,10,1.4,96
2026-09-23 06:46,80,12,1.1,97
2026-09-23 06:47,77,1,0.8,96
2026-09-23 06:48,84,17,1.5,96
2026-09-23 06:49,78,0,0.9,97
2026-09-23 06:50,91,47,2.2,96
2026-09-23 06:51,78,0,0.9,96
2026-09-23 06:52,78,3,0.9,96
2026-09-23 06:53,85,20,1.6,97
2026-09-23 06:54,79,1,1.0,96
2026-09-23 06:55,81,3,1.2,97
2026-09-23 06:56,80,7,1.1,96
2026-09-23 06:57,77,4,0.8,96
2026-09-23 06:58,80,11,1.1,97
2026-09-23 06:59,81,9,1.2,97
2026-09-23 07:00,82,0,1.3,95
2026-09-23 07:01,82,3,1.3,96
2026-09-23 07:02,78,1,0.9,95
2026-09-23 07:03,81,0,1.2,96
2026-09-23 07:04,77,0,0.8,97
2026-09-23 07:05,81,1,1.2,96
2026-09-23 07:06,78,0,0.9,97
2026-09-23 07:07,88,26,1.9,96
2026-09-23 07:08,81,3,1.2,98
2026-09-23 07:09,79,2,1.0,96
2026-09-23 07:10,80,2,1.1,95
2026-09-23 07:11,77,1,0.8,95
2026-09-23 07:12,98,93,2.9,96
2026-09-23 07:13,105,96,3.6,96
2026-09-23 07:14,105,96,3.6,96
2026-09-23 07:15,109,84,4.0,97
2026-09-23 07:16,106,93,3.7,96
2026-09-23 07:17,112,79,4.3,96
2026-09-23 07:18,106,90,3.7,96
2026-09-23 07:19,110,80,4.1,96
2026-09-23 07:20,108,91,3.9,96
2026-09-23 07:21,106,88,3.7,97
2026-09-23 07:22,111,94,4.2,97
2026-09-23 07:23,108,89,3.9,96
2026-09-23 07:24,108,95,3.9,95
2026-09-23 07:25,109,99,4.0,96
2026-09-23 07:26,108,94,3.9,95
2026-09-23 07:27,107,101,3.8,95
2026-09-23 07:28,109,98,4.0,96
2026-09-23 07:29,107,79,3.8,97
2026-09-23 07:30,109,81,4.0,96
2026-09-23 07:31,91,1,2.2,95
2026-09-23 07:32,88,0,1.9,97
2026-09-23 07:33,87,8,1.8,97
2026-09-23 07:34,86,0,1.7,96
2026-09-23 07:35,86,2,1.7,97
2026-09-23 07:36,86,0,1.7,97
2026-09-23 07:37,82,0,1.3,95
2026-09-23 07:38,84,2,1.5,98
2026-09-23 07:39,81,10,1.2,96
2026-09-23 07:40,82,3,1.3,96
2026-09-23 07:41,82,2,1.3,95
2026-09-23 07:42,80,3,1.1,96
2026-09-23 07:43,80,1,1.1,95
2026-09-23 07:44,82,1,1.3,96
2026-09-23 07:45,82,9,1.3,97
2026-09-23 07:46,82,1,1.3,96
2026-09-23 07:47,78,3,0.9,96
2026-09-23 07:48,81,2,1.2,97
2026-09-23 07:49,82,12,1.3,96
2026-09-23 07:50,87,12,1.8,97
2026-09-23 07:51,80,1,1.1,96
2026-09-23 07:52,84,19,1.5,96
2026-09-23 07:53,81,10,1.2,96
2026-09-23 07:54,87,20,1.8,96
2026-09-23 07:55,80,0,1.1,96
2026-09-23 07:56,77,0,0.8,96
2026-09-23 07:57,79,0,1.0,96
2026-09-23 07:58,77,1,0.8,97
2026-09-23 07:59,78,2,0.9,96
2026-09-23 08:00,79,8,1.0,95
2026-09-23 08:01,77,1,0.8,96
2026-09-23 08:02,78,0,0.9,96
2026-09-23 08:03,79,7,1.0,96
2026-09-23 08:04,80,0,1.1,96
2026-09-23 08:05,81,2,1.2,96
2026-09-23 08:06,79,3,1.0,96
2026-09-23 08:07,81,15,1.2,96
2026-09-23 08:08,81,2,1.2,95
2026-09-23 08:09,76,4,0.7,94
2026-09-23 08:10,75,0,0.6,96
2026-09-23 08:11,83,8,1.4,95
2026-09-23 08:12,80,0,1.1,96
2026-09-23 08:13,81,0,1.2,95
2026-09-23 08:14,79,3,1.0,97
2026-09-23 08:15,79,8,1.0,95
2026-09-23 08:16,78,0,0.9,96
2026-09-23 08:17,80,0,1.1,96
2026-09-23 08:18,78,3,0.9,95
2026-09-23 08:19,78,1,0.9,95
2026-09-23 08:20,77,4,0.8,97
2026-09-23 08:21,77,1,0.8,96
2026-09-23 08:22,81,1,1.2,97
2026-09-23 08:23,88,26,1.9,98
2026-09-23 08:24,77,1,0.8,96
2026-09-23 08:25,79,8,1.0,96
2026-09-23 08:26,78,0,0.9,96
2026-09-23 08:27,81,3,1.2,96
2026-09-23 08:28,77,1,0.8,96
2026-09-23 08:29,82,11,1.3,96
2026-09-23 08:30,79,13,1.0,98
2026-09-23 08:31,76,0,0.7,95
2026-09-23 08:32,85,18,1.6,96
2026-09-23 08:33,81,1,1.2,97
2026-09-23 08:34,78,5,0.9,96
2026-09-23 08:35,78,3,0.9,96
2026-09-23 08:36,81,1,1.2,96
2026-09-23 08:37,82,13,1.3,96
2026-09-23 08:38,78,1,0.9,95
2026-09-23 08:39,81,2,1.2,96
2026-09-23 08:40,79,0,1.0,96
2026-09-23 08:41,81,1,1.2,96
2026-09-23 08:42,81,1,1.2,97
2026-09-23 08:43,78,0,0.9,95
2026-09-23 08:44,79,0,1.0,97
2026-09-23 08:45,79,1,1.0,96
2026-09-23 08:46,81,16,1.2,97
2026-09-23 08:47,78,5,0.9,96
2026-09-23 08:48,84,9,1.5,96
2026-09-23 08:49,77,3,0.8,96
2026-09-23 08:50,83,8,1.4,96
2026-09-23 08:51,86,23,1.7,96
2026-09-23 08:52,79,0,1.0,96
2026-09-23 08:53,80,0,1.1,97
2026-09-23 08:54,85,18,1.6,97
2026-09-23 08:55,84,8,1.5,96
2026-09-23 08:56,78,0,0.9,96
2026-09-23 08:57,79,3,1.0,95
2026-09-23 08:58,79,1,1.0,95
2026-09-23 08:59,83,0,1.4,96
2026-09-23 09:00,86,16,1.7,96
2026-09-23 09:01,78,2,0.9,95
2026-09-23 09:02,79,3,1.0,95
2026-09-23 09:03,80,9,1.1,97
2026-09-23 09:04,80,3,1.1,96
2026-09-23 09:05,79,0,1.0,95
2026-09-23 09:06,85,6,1.6,98
2026-09-23 09:07,76,1,0.7,96
2026-09-23 09:08,82,3,1.3,96
2026-09-23 09:09,81,5,1.2,97
2026-09-23 09:10,80,9,1.1,96
2026-09-23 09:11,80,3,1.1,97
2026-09-23 09:12,78,0,0.9,95
2026-09-23 09:13,79,0,1.0,95
2026-09-23 09:14,83,6,1.4,96
2026-09-23 09:15,79,10,1.0,96
2026-09-23 09:16,82,1,1.3,97
2026-09-23 09:17,78,1,0.9,95
2026-09-23 09:18,91,30,2.2,96
2026-09-23 09:19,82,8,1.3,96
2026-09-23 09:20,85,12,1.6,97
2026-09-23 09:21,81,4,1.2,97
2026-09-23 09:22,82,4,1.3,96
2026-09-23 09:23,79,0,1.0,98
2026-09-23 09:24,79,5,1.0,96
2026-09-23 09:25,82,5,1.3,96
2026-09-23 09:26,82,6,1.3,97
2026-09-23 09:27,84,3,1.5,96
2026-09-23 09:28,76,3,0.7,96
2026-09-23 09:29,79,0,1.0,96
2026-09-23 09:30,82,2,1.3,96
2026-09-23 09:31,77,2,0.8,95
2026-09-23 09:32,79,1,1.0,96
2026-09-23 09:33,88,17,1.9,95
2026-09-23 09:34,82,0,1.3,96
2026-09-23 09:35,77,1,0.8,95
2026-09-23 09:36,83,5,1.4,98
2026-09-23 09:37,82,3,1.3,97
2026-09-23 09:38,81,3,1.2,97
2026-09-23 09:39,82,8,1.3,96
2026-09-23 09:40,79,0,1.0,96
2026-09-23 09:41,78,3,0.9,97
2026-09-23 09:42,78,1,0.9,96
2026-09-23 09:43,84,12,1.5,97
2026-09-23 09:44,79,0,1.0,96
2026-09-23 09:45,83,1,1.4,97
2026-09-23 09:46,78,0,0.9,96
2026-09-23 09:47,88,46,1.9,96
2026-09-23 09:48,80,7,1.1,95
2026-09-23 09:49,81,4,1.2,96
2026-09-23 09:50,80,2,1.1,97
2026-09-23 09:51,80,4,1.1,96
2026-09-23 09:52,78,3,0.9,96
2026-09-23 09:53,84,8,1.5,97
2026-09-23 09:54,80,7,1.1,96
2026-09-23 09:55,80,0,1.1,97
2026-09-23 09:56,79,2,1.0,94
2026-09-23 09:57,77,0,0.8,97
2026-09-23 09:58,82,0,1.3,97
2026-09-23 09:59,74,0,0.5,95
2026-09-23 10:00,78,2,0.9,95
2026-09-23 10:01,81,3,1.2,97
2026-09-23 10:02,78,0,0.9,95
2026-09-23 10:03,82,4,1.3,96
2026-09-23 10:04,79,1,1.0,97
2026-09-23 10:05,78,0,0.9,96
2026-09-23 10:06,87,12,1.8,96
2026-09-23 10:07,81,8,1.2,96
2026-09-23 10:08,79,2,1.0,96
2026-09-23 10:09,79,7,1.0,97
2026-09-23 10:10,79,4,1.0,96
2026-09-23 10:11,81,1,1.2,95
2026-09-23 10:12,80,1,1.1,97
2026-09-23 10:13,80,2,1.1,96
2026-09-23 10:14,78,0,0.9,96
2026-09-23 10:15,82,6,1.3,97
2026-09-23 10:16,76,3,0.7,95
2026-09-23 10:17,79,1,1.0,97
2026-09-23 10:18,78,0,0.9,96
2026-09-23 10:19,82,17,1.3,97
2026-09-23 10:20,81,5,1.2,96
2026-09-23 10:21,78,1,0.9,95
2026-09-23 10:22,77,0,0.8,96
2026-09-23 10:23,83,1,1.4,96
2026-09-23 10:24,81,1,1.2,97
2026-09-23 10:25,87,19,1.8,97
2026-09-23 10:26,86,23,1.7,96
2026-09-23 10:27,82,3,1.3,97
2026-09-23 10:28,81,1,1.2,97
2026-09-23 10:29,81,0,1.2,96
2026-09-23 10:30,84,1,1.5,96
2026-09-23 10:31,79,3,1.0,95
2026-09-23 10:32,79,0,1.0,97
2026-09-23 10:33,79,2,1.0,97
2026-09-23 10:34,72,0,0.3,96
2026-09-23 10:35,77,4,0.8,95
2026-09-23 10:36,81,7,1.2,97
2026-09-23 10:37,81,2,1.2,95
2026-09-23 10:38,80,7,1.1,96
2026-09-23 10:39,83,7,1.4,96
2026-09-23 10:40,82,2,1.3,95
2026-09-23 10:41,78,0,0.9,96
2026-09-23 10:42,82,1,1.3,96
2026-09-23 10:43,84,4,1.5,97
2026-09-23 10:44,82,7,1.3,98
2026-09-23 10:45,78,4,0.9,96
2026-09-23 10:46,83,5,1.4,97
2026-09-23 10:47,79,0,1.0,97
2026-09-23 10:48,80,6,1.1,96
2026-09-23 10:49,81,5,1.2,96
2026-09-23 10:50,78,0,0.9,97
2026-09-23 10:51,81,0,1.2,96
2026-09-23 10:52,81,0,1.2,96
2026-09-23 10:53,85,13,1.6,96
2026-09-23 10:54,82,6,1.3,96
2026-09-23 10:55,78,1,0.9,96
2026-09-23 10:56,82,11,1.3,97
2026-09-23 10:57,81,2,1.2,97
2026-09-23 10:58,80,5,1.1,96
2026-09-23 10:59,86,4,1.7,95
2026-09-23 11:00,80,5,1.1,96
2026-09-23 11:01,78,2,0.9,95
2026-09-23 11:02,83,6,1.4,96
2026-09-23 11:03,80,0,1.1,97
2026-09-23 11:04,79,1,1.0,98
2026-09-23 11:05,79,1,1.0,96
2026-09-23 11:06,80,2,1.1,95
2026-09-23 11:07,82,5,1.3,97
2026-09-23 11:08,81,0,1.2,95
2026-09-23 11:09,80,5,1.1,96
2026-09-23 11:10,80,0,1.1,97
2026-09-23 11:11,81,2,1.2,97
2026-09-23 11:12,84,10,1.5,95
2026-09-23 11:13,76,10,0.7,95
2026-09-23 11:14,78,2,0.9,97
2026-09-23 11:15,80,9,1.1,96
2026-09-23 11:16,79,3,1.0,96
2026-09-23 11:17,79,0,1.0,96
2026-09-23 11:18,81,1,1.2,96
2026-09-23 11:19,82,5,1.3,95
2026-09-23 11:20,79,0,1.0,97
2026-09-23 11:21,80,2,1.1,96
2026-09-23 11:22,89,22,2.0,95
2026-09-23 11:23,87,32,1.8,95
2026-09-23 11:24,81,4,1.2,96
2026-09-23 11:25,85,8,1.6,96
2026-09-23 11:26,80,0,1.1,97
2026-09-23 11:27,76,2,0.7,96
2026-09-23 11:28,80,0,1.1,97
2026-09-23 11:29,81,10,1.2,96
2026-09-23 11:30,79,2,1.0,96
2026-09-23 11:31,81,0,1.2,95
2026-09-23 11:32,84,12,1.5,95
2026-09-23 11:33,78,0,0.9,97
2026-09-23 11:34,81,2,1.2,98
2026-09-23 11:35,80,0,1.1,95
2026-09-23 11:36,81,6,1.2,95
2026-09-23 11:37,80,0,1.1,96
2026-09-23 11:38,80,1,1.1,96
2026-09-23 11:39,79,3,1.0,96
2026-09-23 11:40,81,10,1.2,96
2026-09-23 11:41,80,3,1.1,95
2026-09-23 11:42,79,6,1.0,96
2026-09-23 11:43,79,7,1.0,97
2026-09-23 11:44,85,11,1.6,97
2026-09-23 11:45,80,5,1.1,96
2026-09-23 11:46,79,0,1.0,96
2026-09-23 11:47,79,2,1.0,96
2026-09-23 11:48,82,9,1.3,97
2026-09-23 11:49,81,6,1.2,97
2026-09-23 11:50,79,0,1.0,96
2026-09-23 11:51,77,0,0.8,96
2026-09-23 11:52,81,0,1.2,97
2026-09-23 11:53,79,4,1.0,96
2026-09-23 11:54,82,3,1.3,95
2026-09-23 11:55,75,1,0.6,97
2026-09-23 11:56,80,9,1.1,96
2026-09-23 11:57,81,0,1.2,97
2026-09-23 11:58,80,3,1.1,96
2026-09-23 11:59,78,1,0.9,96
2026-09-23 12:00,81,3,1.2,96
2026-09-23 12:01,78,2,0.9,95
2026-09-23 12:02,83,13,1.4,96
2026-09-23 12:03,75,0,0.6,96
2026-09-23 12:04,78,1,0.9,96
2026-09-23 12:05,78,0,0.9,97
2026-09-23 12:06,80,1,1.1,95
2026-09-23 12:07,82,4,1.3,96
2026-09-23 12:08,78,1,0.9,96
2026-09-23 12:09,83,4,1.4,97
2026-09-23 12:10,80,8,1.1,96
2026-09-23 12:11,75,0,0.6,96
2026-09-23 12:12,74,0,0.5,97
2026-09-23 12:13,82,0,1.3,96
2026-09-23 12:14,80,3,1.1,96
2026-09-23 12:15,80,9,1.1,97
2026-09-23 12:16,78,3,0.9,97
2026-09-23 12:17,80,11,1.1,97
2026-09-23 12:18,83,3,1.4,97
2026-09-23 12:19,79,2,1.0,97
2026-09-23 12:20,83,2,1.4,96
2026-09-23 12:21,79,1,1.0,95
2026-09-23 12:22,75,3,0.6,97
2026-09-23 12:23,82,3,1.3,96
2026-09-23 12:24,79,1,1.0,97
2026-09-23 12:25,79,0,1.0,96
2026-09-23 12:26,82,1,1.3,96
2026-09-23 12:27,79,1,1.0,95
2026-09-23 12:28,81,0,1.2,97
2026-09-23 12:29,80,2,1.1,97
2026-09-23 12:30,78,2,0.9,96
2026-09-23 12:31,80,1,1.1,96
2026-09-23 12:32,78,0,0.9,97
2026-09-23 12:33,83,4,1.4,96
2026-09-23 12:34,81,1,1.2,96
2026-09-23 12:35,85,18,1.6,95
2026-09-23 12:36,83,8,1.4,97
2026-09-23 12:37,80,0,1.1,96
2026-09-23 12:38,78,0,0.9,96
2026-09-23 12:39,81,0,1.2,95
2026-09-23 12:40,79,0,1.0,96
2026-09-23 12:41,81,4,1.2,97
2026-09-23 12:42,81,12,1.2,96
2026-09-23 12:43,80,2,1.1,96
2026-09-23 12:44,86,19,1.7,97
2026-09-23 12:45,78,1,0.9,95
2026-09-23 12:46,78,1,0.9,96
2026-09-23 12:47,79,2,1.0,97
2026-09-23 12:48,82,5,1.3,96
2026-09-23 12:49,82,15,1.3,96
2026-09-23 12:50,80,0,1.1,96
2026-09-23 12:51,83,2,1.4,96
2026-09-23 12:52,80,1,1.1,96
2026-09-23 12:53,77,3,0.8,96
2026-09-23 12:54,80,1,1.1,96
2026-09-23 12:55,83,6,1.4,96
2026-09-23 12:56,79,3,1.0,96
2026-09-23 12:57,83,7,1.4,96
2026-09-23 12:58,80,0,1.1,97
2026-09-23 12:59,80,1,1.1,97
2026-09-23 13:00,86,25,1.7,96
2026-09-23 13:01,78,0,0.9,97
2026-09-23 13:02,79,1,1.0,97
2026-09-23 13:03,79,1,1.0,96
2026-09-23 13:04,80,1,1.1,97
2026-09-23 13:05,85,18,1.6,97
2026-09-23 13:06,81,8,1.2,97
2026-09-23 13:07,82,8,1.3,95
2026-09-23 13:08,83,10,1.4,97
2026-09-23 13:09,78,6,0.9,96
2026-09-23 13:10,77,0,0.8,96
2026-09-23 13:11,77,0,0.8,97
2026-09-23 13:12,80,4,1.1,97
2026-09-23 13:13,80,6,1.1,95
2026-09-23 13:14,79,3,1.0,96
2026-09-23 13:15,81,12,1.2,96
2026-09-23 13:16,81,1,1.2,95
2026-09-23 13:17,83,11,1.4,97
2026-09-23 13:18,77,5,0.8,96
2026-09-23 13:19,79,0,1.0,96
2026-09-23 13:20,77,1,0.8,96
2026-09-23 13:21,83,2,1.4,97
2026-09-23 13:22,79,2,1.0,96
2026-09-23 13:23,79,1,1.0,96
2026-09-23 13:24,79,0,1.0,97
2026-09-23 13:25,81,8,1.2,96
2026-09-23 13:26,80,4,1.1,96
2026-09-23 13:27,85,8,1.6,95
2026-09-23 13:28,84,15,1.5,97
2026-09-23 13:29,83,9,1.4,96
2026-09-23 13:30,81,0,1.2,97
2026-09-23 13:31,78,4,0.9,96
2026-09-23 13:32,82,0,1.3,96
2026-09-23 13:33,82,4,1.3,96
2026-09-23 13:34,81,0,1.2,96
2026-09-23 13:35,78,3,0.9,96
2026-09-23 13:36,81,1,1.2,96
2026-09-23 13:37,81,5,1.2,97
2026-09-23 13:38,78,0,0.9,96
2026-09-23 13:39,86,7,1.7,96
2026-09-23 13:40,88,27,1.9,95
2026-09-23 13:41,79,0,1.0,97
2026-09-23 13:42,82,8,1.3,95
2026-09-23 13:43,85,14,1.6,97
2026-09-23 13:44,82,2,1.3,97
2026-09-23 13:45,86,19,1.7,96
2026-09-23 13:46,82,1,1.3,97
2026-09-23 13:47,84,6,1.5,95
2026-09-23 13:48,81,14,1.2,96
2026-09-23 13:49,80,5,1.1,95
2026-09-23 13:50,77,0,0.8,96
2026-09-23 13:51,80,1,1.1,96
2026-09-23 13:52,82,1,1.3,96
2026-09-23 13:53,83,8,1.4,97
2026-09-23 13:54,77,1,0.8,96
2026-09-23 13:55,81,8,1.2,96
2026-09-23 13:56,83,7,1.4,96
2026-09-23 13:57,79,2,1.0,95
2026-09-23 13:58,80,5,1.1,96
2026-09-23 13:59,83,12,1.4,98
2026-09-23 14:00,78,8,0.9,96
2026-09-23 14:01,81,3,1.2,96
2026-09-23 14:02,83,10,1.4,96
2026-09-23 14:03,81,3,1.2,97
2026-09-23 14:04,77,0,0.8,96
2026-09-23 14:05,80,7,1.1,96
2026-09-23 14:06,78,0,0.9,95
2026-09-23 14:07,81,6,1.2,96
2026-09-23 14:08,83,12,1.4,97
2026-09-23 14:09,80,2,1.1,96
2026-09-23 14:10,83,0,1.4,97
2026-09-23 14:11,82,1,1.3,96
2026-09-23 14:12,79,5,1.0,95
2026-09-23 14:13,78,2,0.9,96
2026-09-23 14:14,85,10,1.6,96
2026-09-23 14:15,83,15,1.4,96
2026-09-23 14:16,84,7,1.5,96
2026-09-23 14:17,83,2,1.4,96
2026-09-23 14:18,79,3,1.0,96
2026-09-23 14:19,81,9,1.2,96
2026-09-23 14:20,83,14,1.4,96
2026-09-23 14:21,78,2,0.9,95
2026-09-23 14:22,77,0,0.8,96
2026-09-23 14:23,79,2,1.0,96
2026-09-23 14:24,84,10,1.5,96
2026-09-23 14:25,78,1,0.9,96
2026-09-23 14:26,79,0,1.0,96
2026-09-23 14:27,79,2,1.0,97
2026-09-23 14:28,81,17,1.2,97
2026-09-23 14:29,83,4,1.4,96
2026-09-23 14:30,76,6,0.7,95
2026-09-23 14:31,78,2,0.9,96
2026-09-23 14:32,82,5,1.3,97
2026-09-23 14:33,77,1,0.8,96
2026-09-23 14:34,80,0,1.1,96
2026-09-23 14:35,82,1,1.3,96
2026-09-23 14:36,79,6,1.0,97
2026-09-23 14:37,81,5,1.2,96
2026-09-23 14:38,78,3,0.9,97
2026-09-23 14:39,80,0,1.1,96
2026-09-23 14:40,80,1,1.1,96
2026-09-23 14:41,82,7,1.3,96
2026-09-23 14:42,82,0,1.3,96
2026-09-23 14:43,81,4,1.2,95
2026-09-23 14:44,82,0,1.3,96
2026-09-23 14:45,84,11,1.5,95
2026-09-23 14:46,80,12,1.1,97
2026-09-23 14:47,80,1,1.1,97
2026-09-23 14:48,80,0,1.1,97
2026-09-23 14:49,78,5,0.9,97
2026-09-23 14:50,82,0,1.3,96
2026-09-23 14:51,81,5,1.2,97
2026-09-23 14:52,80,1,1.1,96
2026-09-23 14:53,77,0,0.8,97
2026-09-23 14:54,79,0,1.0,96
2026-09-23 14:55,80,0,1.1,96
2026-09-23 14:56,81,10,1.2,97
2026-09-23 14:57,81,5,1.2,97
2026-09-23 14:58,75,1,0.6,96
2026-09-23 14:59,83,4,1.4,98
2026-09-23 15:00,77,0,0.8,98
2026-09-23 15:01,75,0,0.6,95
2026-09-23 15:02,78,4,0.9,96
2026-09-23 15:03,77,0,0.8,96
2026-09-23 15:04,80,0,1.1,96
2026-09-23 15:05,78,4,0.9,96
2026-09-23 15:06,80,0,1.1,96
2026-09-23 15:07,79,7,1.0,97
2026-09-23 15:08,85,4,1.6,97
2026-09-23 15:09,81,4,1.2,96
2026-09-23 15:10,83,0,1.4,96
2026-09-23 15:11,77,0,0.8,96
2026-09-23 15:12,82,7,1.3,96
2026-09-23 15:13,79,5,1.0,97
2026-09-23 15:14,80,1,1.1,96
2026-09-23 15:15,81,3,1.2,97
2026-09-23 15:16,76,1,0.7,95
2026-09-23 15:17,78,3,0.9,97
2026-09-23 15:18,77,0,0.8,97
2026-09-23 15:19,80,14,1.1,96
2026-09-23 15:20,81,10,1.2,95
2026-09-23 15:21,78,2,0.9,97
2026-09-23 15:22,78,7,0.9,96
2026-09-23 15:23,80,4,1.1,94
2026-09-23 15:24,81,3,1.2,96
2026-09-23 15:25,76,0,0.7,97
2026-09-23 15:26,78,1,0.9,96
2026-09-23 15:27,80,2,1.1,97
2026-09-23 15:28,79,1,1.0,97
2026-09-23 15:29,78,2,0.9,96
2026-09-23 15:30,81,2,1.2,95
2026-09-23 15:31,81,1,1.2,95
2026-09-23 15:32,82,5,1.3,96
2026-09-23 15:33,81,7,1.2,97
2026-09-23 15:34,84,4,1.5,95
2026-09-23 15:35,83,0,1.4,96
2026-09-23 15:36,80,6,1.1,97
2026-09-23 15:37,80,3,1.1,95
2026-09-23 15:38,81,0,1.2,95
2026-09-23 15:39,82,15,1.3,96
2026-09-23 15:40,81,4,1.2,96
2026-09-23 15:41,81,6,1.2,96
2026-09-23 15:42,89,37,2.0,95
2026-09-23 15:43,79,0,1.0,96
2026-09-23 15:44,77,4,0.8,95
2026-09-23 15:45,78,0,0.9,97
2026-09-23 15:46,75,0,0.6,96
2026-09-23 15:47,84,0,1.5,96
2026-09-23 15:48,82,0,1.3,97
2026-09-23 15:49,83,5,1.4,96
2026-09-23 15:50,80,0,1.1,97
2026-09-23 15:51,81,1,1.2,97
2026-09-23 15:52,85,11,1.6,96
2026-09-23 15:53,83,8,1.4,97
2026-09-23 15:54,82,3,1.3,96
2026-09-23 15:55,77,1,0.8,97
2026-09-23 15:56,85,16,1.6,96
2026-09-23 15:57,81,10,1.2,96
2026-09-23 15:58,77,0,0.8,96
2026-09-23 15:59,77,0,0.8,96
2026-09-23 16:00,80,0,1.1,96
2026-09-23 16:01,81,0,1.2,96
2026-09-23 16:02,76,0,0.7,97
2026-09-23 16:03,83,0,1.4,96
2026-09-23 16:04,82,0,1.3,96
2026-09-23 16:05,79,1,1.0,95
2026-09-23 16:06,79,4,1.0,96
2026-09-23 16:07,81,8,1.2,97
2026-09-23 16:08,81,0,1.2,97
2026-09-23 16:09,79,1,1.0,97
2026-09-23 16:10,78,4,0.9,96
2026-09-23 16:11,80,1,1.1,96
2026-09-23 16:12,75,0,0.6,96
2026-09-23 16:13,79,0,1.0,95
2026-09-23 16:14,81,0,1.2,95
2026-09-23 16:15,81,3,1.2,97
2026-09-23 16:16,82,4,1.3,96
2026-09-23 16:17,81,2,1.2,97
2026-09-23 16:18,82,4,1.3,95
2026-09-23 16:19,86,21,1.7,96
2026-09-23 16:20,79,5,1.0,95
2026-09-23 16:21,79,1,1.0,96
2026-09-23 16:22,80,4,1.1,95
2026-09-23 16:23,82,1,1.3,96
2026-09-23 16:24,82,0,1.3,96
2026-09-23 16:25,80,0,1.1,96
2026-09-23 16:26,80,7,1.1,97
2026-09-23 16:27,78,1,0.9,97
2026-09-23 16:28,82,11,1.3,96
2026-09-23 16:29,83,4,1.4,97
2026-09-23 16:30,81,5,1.2,96
2026-09-23 16:31,80,4,1.1,96
2026-09-23 16:32,80,10,1.1,98
2026-09-23 16:33,81,0,1.2,95
2026-09-23 16:34,80,3,1.1,96
2026-09-23 16:35,80,4,1.1,95
2026-09-23 16:36,83,11,1.4,96
2026-09-23 16:37,84,4,1.5,96
2026-09-23 16:38,80,3,1.1,99
2026-09-23 16:39,82,0,1.3,96
2026-09-23 16:40,83,5,1.4,97
2026-09-23 16:41,81,7,1.2,97
2026-09-23 16:42,87,21,1.8,96
2026-09-23 16:43,81,7,1.2,97
2026-09-23 16:44,77,0,0.8,97
2026-09-23 16:45,79,1,1.0,96
2026-09-23 16:46,77,0,0.8,96
2026-09-23 16:47,80,1,1.1,97
2026-09-23 16:48,84,17,1.5,95
2026-09-23 16:49,81,3,1.2,96
2026-09-23 16:50,83,8,1.4,96
2026-09-23 16:51,73,0,0.4,97
2026-09-23 16:52,84,16,1.5,96
2026-09-23 16:53,76,1,0.7,96
2026-09-23 16:54,81,6,1.2,96
2026-09-23 16:55,77,0,0.8,96
2026-09-23 16:56,85,20,1.6,97
2026-09-23 16:57,85,11,1.6,96
2026-09-23 16:58,77,4,0.8,96
2026-09-23 16:59,79,0,1.0,95
2026-09-23 17:00,81,8,1.2,95
2026-09-23 17:01,77,6,0.8,96
2026-09-23 17:02,82,6,1.3,95
2026-09-23 17:03,80,4,1.1,96
2026-09-23 17:04,85,23,1.6,96
2026-09-23 17:05,78,0,0.9,96
2026-09-23 17:06,85,0,1.6,97
2026-09-23 17:07,79,1,1.0,96
2026-09-23 17:08,75,0,0.6,96
2026-09-23 17:09,80,10,1.1,96
2026-09-23 17:10,79,1,1.0,96
2026-09-23 17:11,79,1,1.0,98
2026-09-23 17:12,79,0,1.0,95
2026-09-23 17:13,79,6,1.0,96
2026-09-23 17:14,82,6,1.3,96
2026-09-23 17:15,81,10,1.2,97
2026-09-23 17:16,76,0,0.7,96
2026-09-23 17:17,81,13,1.2,94
2026-09-23 17:18,80,6,1.1,97
2026-09-23 17:19,81,0,1.2,95
2026-09-23 17:20,82,8,1.3,96
2026-09-23 17:21,81,10,1.2,95
2026-09-23 17:22,79,1,1.0,95
2026-09-23 17:23,82,9,1.3,96
2026-09-23 17:24,87,14,1.8,97
2026-09-23 17:25,78,0,0.9,97
2026-09-23 17:26,87,25,1.8,96
2026-09-23 17:27,81,1,1.2,97
2026-09-23 17:28,85,25,1.6,96
2026-09-23 17:29,83,11,1.4,96
2026-09-23 17:30,79,0,1.0,96
2026-09-23 17:31,79,4,1.0,97
2026-09-23 17:32,81,2,1.2,96
2026-09-23 17:33,87,20,1.8,96
2026-09-23 17:34,84,8,1.5,96
2026-09-23 17:35,79,2,1.0,96
2026-09-23 17:36,80,1,1.1,96
2026-09-23 17:37,87,10,1.8,97
2026-09-23 17:38,77,2,0.8,96
2026-09-23 17:39,80,1,1.1,97
2026-09-23 17:40,82,4,1.3,96
2026-09-23 17:41,82,9,1.3,97
2026-09-23 17:42,80,0,1.1,95
2026-09-23 17:43,80,3,1.1,98
2026-09-23 17:44,81,1,1.2,96
2026-09-23 17:45,83,5,1.4,95
2026-09-23 17:46,80,6,1.1,96
2026-09-23 17:47,82,8,1.3,98
2026-09-23 17:48,80,3,1.1,97
2026-09-23 17:49,78,0,0.9,95
2026-09-23 17:50,82,11,1.3,96
2026-09-23 17:51,77,1,0.8,97
2026-09-23 17:52,80,0,1.1,95
2026-09-23 17:53,88,19,1.9,96
2026-09-23 17:54,86,11,1.7,96
2026-09-23 17:55,82,0,1.3,98
2026-09-23 17:56,78,2,0.9,96
2026-09-23 17:57,82,0,1.3,97
2026-09-23 17:58,78,0,0.9,96
2026-09-23 17:59,79,2,1.0,96
2026-09-23 18:00,84,3,1.5,97
2026-09-23 18:01,80,11,1.1,97
2026-09-23 18:02,85,15,1.6,95
2026-09-23 18:03,81,5,1.2,97
2026-09-23 18:04,79,0,1.0,97
2026-09-23 18:05,78,4,0.9,96
2026-09-23 18:06,81,4,1.2,96
2026-09-23 18:07,79,3,1.0,96
2026-09-23 18:08,82,3,1.3,96
2026-09-23 18:09,81,0,1.2,96
2026-09-23 18:10,79,10,1.0,96
2026-09-23 18:11,81,11,1.2,96
2026-09-23 18:12,83,15,1.4,95
2026-09-23 18:13,78,3,0.9,96
2026-09-23 18:14,77,0,0.8,95
2026-09-23 18:15,79,0,1.0,96
2026-09-23 18:16,82,10,1.3,96
2026-09-23 18:17,89,45,2.0,95
2026-09-23 18:18,79,5,1.0,97
2026-09-23 18:19,80,0,1.1,98
2026-09-23 18:20,82,18,1.3,97
2026-09-23 18:21,78,3,0.9,95
2026-09-23 18:22,83,3,1.4,97
2026-09-23 18:23,83,3,1.4,96
2026-09-23 18:24,77,4,0.8,96
2026-09-23 18:25,76,0,0.7,96
2026-09-23 18:26,83,10,1.4,96
2026-09-23 18:27,77,0,0.8,97
2026-09-23 18:28,79,3,1.0,97
2026-09-23 18:29,83,15,1.4,96
2026-09-23 18:30,83,8,1.4,96
2026-09-23 18:31,76,7,0.7,96
2026-09-23 18:32,75,3,0.6,97
2026-09-23 18:33,80,12,1.1,97
2026-09-23 18:34,82,2,1.3,95
2026-09-23 18:35,79,0,1.0,96
2026-09-23 18:36,77,6,0.8,96
2026-09-23 18:37,80,0,1.1,96
2026-09-23 18:38,81,2,1.2,96
2026-09-23 18:39,79,2,1.0,97
2026-09-23 18:40,81,10,1.2,95
2026-09-23 18:41,81,3,1.2,95
2026-09-23 18:42,85,12,1.6,97
2026-09-23 18:43,80,3,1.1,96
2026-09-23 18:44,80,1,1.1,97
2026-09-23 18:45,79,1,1.0,96
2026-09-23 18:46,79,3,1.0,96
2026-09-23 18:47,78,2,0.9,96
2026-09-23 18:48,80,0,1.1,96
2026-09-23 18:49,80,5,1.1,95
2026-09-23 18:50,79,2,1.0,96
2026-09-23 18:51,82,5,1.3,97
2026-09-23 18:52,81,5,1.2,95
2026-09-23 18:53,81,0,1.2,97
2026-09-23 18:54,79,12,1.0,97
2026-09-23 18:55,80,0,1.1,96
2026-09-23 18:56,78,0,0.9,96
2026-09-23 18:57,82,17,1.3,96
2026-09-23 18:58,86,29,1.7,97
2026-09-23 18:59,82,1,1.3,97
2026-09-23 19:00,82,5,1.3,95
2026-09-23 19:01,78,0,0.9,95
2026-09-23 19:02,77,2,0.8,97
2026-09-23 19:03,79,1,1.0,96
2026-09-23 19:04,78,1,0.9,96
2026-09-23 19:05,83,1,1.4,96
2026-09-23 19:06,76,0,0.7,97
2026-09-23 19:07,76,2,0.7,95
2026-09-23 19:08,79,1,1.0,97
2026-09-23 19:09,79,1,1.0,96
2026-09-23 19:10,79,0,1.0,97
2026-09-23 19:11,81,2,1.2,97
2026-09-23 19:12,84,3,1.5,95
2026-09-23 19:13,80,5,1.1,96
2026-09-23 19:14,78,0,0.9,96
2026-09-23 19:15,77,4,0.8,96
2026-09-23 19:16,80,2,1.1,96
2026-09-23 19:17,81,0,1.2,95
2026-09-23 19:18,78,0,0.9,96
2026-09-23 19:19,82,1,1.3,97
2026-09-23 19:20,80,4,1.1,97
2026-09-23 19:21,86,12,1.7,96
2026-09-23 19:22,80,1,1.1,95
2026-09-23 19:23,77,0,0.8,98
2026-09-23 19:24,78,0,0.9,97
2026-09-23 19:25,79,9,1.0,96
2026-09-23 19:26,76,0,0.7,95
2026-09-23 19:27,81,4,1.2,96
2026-09-23 19:28,82,3,1.3,96
2026-09-23 19:29,84,2,1.5,96
2026-09-23 19:30,79,0,1.0,97
2026-09-23 19:31,80,5,1.1,96
2026-09-23 19:32,77,0,0.8,96
2026-09-23 19:33,82,2,1.3,95
2026-09-23 19:34,82,6,1.3,96
2026-09-23 19:35,78,0,0.9,96
2026-09-23 19:36,82,4,1.3,96
2026-09-23 19:37,82,7,1.3,96
2026-09-23 19:38,78,8,0.9,96
2026-09-23 19:39,82,5,1.3,96
2026-09-23 19:40,80,1,1.1,96
2026-09-23 19:41,78,0,0.9,97
2026-09-23 19:42,78,1,0.9,96
2026-09-23 19:43,83,2,1.4,95
2026-09-23 19:44,88,19,1.9,96
2026-09-23 19:45,86,10,1.7,97
2026-09-23 19:46,77,1,0.8,96
2026-09-23 19:47,78,0,0.9,96
2026-09-23 19:48,81,0,1.2,96
2026-09-23 19:49,77,0,0.8,96
2026-09-23 19:50,80,8,1.1,96
2026-09-23 19:51,75,0,0.6,96
2026-09-23 19:52,85,9,1.6,96
2026-09-23 19:53,81,1,1.2,97
2026-09-23 19:54,81,4,1.2,97
2026-09-23 19:55,80,1,1.1,97
2026-09-23 19:56,78,1,0.9,97
2026-09-23 19:57,79,1,1.0,96
2026-09-23 19:58,82,6,1.3,96
2026-09-23 19:59,78,1,0.9,97
2026-09-23 20:00,82,2,1.3,95
2026-09-23 20:01,78,1,0.9,96
2026-09-23 20:02,81,11,1.2,95
2026-09-23 20:03,87,17,1.8,96
2026-09-23 20:04,79,2,1.0,96
2026-09-23 20:05,82,7,1.3,95
2026-09-23 20:06,78,1,0.9,97
2026-09-23 20:07,75,2,0.6,96
2026-09-23 20:08,80,0,1.1,96
2026-09-23 20:09,77,1,0.8,96
2026-09-23 20:10,81,0,1.2,96
2026-09-23 20:11,78,6,0.9,97
2026-09-23 20:12,75,0,0.6,96
2026-09-23 20:13,85,18,1.6,96
2026-09-23 20:14,82,8,1.3,95
2026-09-23 20:15,79,0,1.0,96
2026-09-23 20:16,77,3,0.8,96
2026-09-23 20:17,81,2,1.2,96
2026-09-23 20:18,76,1,0.7,96
2026-09-23 20:19,78,1,0.9,96
2026-09-23 20:20,78,3,0.9,97
2026-09-23 20:21,82,12,1.3,96
2026-09-23 20:22,81,2,1.2,96
2026-09-23 20:23,78,1,0.9,96
2026-09-23 20:24,82,6,1.3,98
2026-09-23 20:25,80,0,1.1,97
2026-09-23 20:26,76,0,0.7,97
2026-09-23 20:27,77,2,0.8,97
2026-09-23 20:28,78,0,0.9,96
2026-09-23 20:29,79,3,1.0,96
2026-09-23 20:30,82,8,1.3,96
2026-09-23 20:31,76,3,0.7,96
2026-09-23 20:32,81,3,1.2,96
2026-09-23 20:33,85,16,1.6,96
2026-09-23 20:34,90,37,2.1,97
2026-09-23 20:35,76,0,0.7,96
2026-09-23 20:36,82,11,1.3,95
2026-09-23 20:37,79,4,1.0,96
2026-09-23 20:38,80,0,1.1,97
2026-09-23 20:39,79,0,1.0,96
2026-09-23 20:40,80,0,1.1,96
2026-09-23 20:41,78,1,0.9,95
2026-09-23 20:42,84,7,1.5,97
2026-09-23 20:43,74,0,0.5,95
2026-09-23 20:44,78,4,0.9,95
2026-09-23 20:45,80,0,1.1,96
2026-09-23 20:46,77,4,0.8,98
2026-09-23 20:47,82,4,1.3,96
2026-09-23 20:48,77,0,0.8,95
2026-09-23 20:49,80,2,1.1,96
2026-09-23 20:50,77,0,0.8,96
2026-09-23 20:51,78,0,0.9,97
2026-09-23 20:52,82,10,1.3,95
2026-09-23 20:53,82,10,1.3,95
2026-09-23 20:54,78,0,0.9,96
2026-09-23 20:55,83,0,1.4,96
2026-09-23 20:56,79,0,1.0,96
2026-09-23 20:57,77,1,0.8,97
2026-09-23 20:58,83,8,1.4,95
2026-09-23 20:59,81,0,1.2,96
2026-09-23 21:00,82,1,1.3,96
2026-09-23 21:01,84,4,1.5,97
2026-09-23 21:02,80,9,1.1,97
2026-09-23 21:03,81,1,1.2,96
2026-09-23 21:04,81,0,1.2,95
2026-09-23 21:05,81,8,1.2,97
2026-09-23 21:06,80,3,1.1,97
2026-09-23 21:07,75,8,0.6,98
2026-09-23 21:08,79,5,1.0,96
2026-09-23 21:09,84,6,1.5,97
2026-09-23 21:10,76,1,0.7,95
2026-09-23 21:11,78,1,0.9,96
2026-09-23 21:12,80,1,1.1,96
2026-09-23 21:13,82,6,1.3,96
2026-09-23 21:14,86,12,1.7,96
2026-09-23 21:15,75,0,0.6,96
2026-09-23 21:16,79,1,1.0,96
2026-09-23 21:17,94,44,2.5,96
2026-09-23 21:18,77,1,0.8,97
2026-09-23 21:19,80,2,1.1,96
2026-09-23 21:20,85,7,1.6,96
2026-09-23 21:21,82,1,1.3,97
2026-09-23 21:22,81,3,1.2,96
2026-09-23 21:23,74,0,0.5,96
2026-09-23 21:24,81,6,1.2,96
2026-09-23 21:25,83,10,1.4,96
2026-09-23 21:26,83,14,1.4,97
2026-09-23 21:27,79,0,1.0,96
2026-09-23 21:28,85,0,1.6,97
2026-09-23 21:29,79,0,1.0,97
2026-09-23 21:30,77,1,0.8,97
2026-09-23 21:31,80,3,1.1,96
2026-09-23 21:32,78,0,0.9,95
2026-09-23 21:33,78,0,0.9,96
2026-09-23 21:34,79,1,1.0,96
2026-09-23 21:35,81,3,1.2,97
2026-09-23 21:36,83,11,1.4,96
2026-09-23 21:37,77,0,0.8,96
2026-09-23 21:38,80,5,1.1,97
2026-09-23 21:39,80,0,1.1,96
2026-09-23 21:40,79,3,1.0,97
2026-09-23 21:41,86,17,1.7,97
2026-09-23 21:42,86,18,1.7,95
2026-09-23 21:43,80,9,1.1,96
2026-09-23 21:44,81,6,1.2,96
2026-09-23 21:45,83,1,1.4,96
2026-09-23 21:46,82,0,1.3,95
2026-09-23 21:47,79,0,1.0,95
2026-09-23 21:48,83,8,1.4,96
2026-09-23 21:49,79,3,1.0,96
2026-09-23 21:50,76,0,0.7,96
2026-09-23 21:51,81,4,1.2,95
2026-09-23 21:52,79,0,1.0,96
2026-09-23 21:53,81,3,1.2,96
2026-09-23 21:54,81,6,1.2,95
2026-09-23 21:55,80,1,1.1,95
2026-09-23 21:56,78,1,0.9,96
2026-09-23 21:57,80,0,1.1,96
2026-09-23 21:58,81,0,1.2,96
2026-09-23 21:59,81,7,1.2,96
2026-09-23 22:00,84,11,1.5,97
2026-09-23 22:01,75,0,0.6,97
2026-09-23 22:02,80,8,1.1,96
2026-09-23 22:03,83,5,1.4,97
2026-09-23 22:04,83,1,1.4,98
2026-09-23 22:05,83,13,1.4,96
2026-09-23 22:06,79,0,1.0,97
2026-09-23 22:07,77,2,0.8,94
2026-09-23 22:08,82,8,1.3,97
2026-09-23 22:09,81,1,1.2,96
2026-09-23 22:10,76,1,0.7,95
2026-09-23 22:11,84,12,1.5,97
2026-09-23 22:12,86,19,1.7,97
2026-09-23 22:13,80,1,1.1,97
2026-09-23 22:14,78,4,0.9,97
2026-09-23 22:15,80,1,1.1,96
2026-09-23 22:16,76,0,0.7,96
2026-09-23 22:17,82,1,1.3,96
2026-09-23 22:18,80,3,1.1,96
2026-09-23 22:19,87,34,1.8,96
2026-09-23 22:20,84,8,1.5,96
2026-09-23 22:21,84,10,1.5,96
2026-09-23 22:22,83,17,1.4,97
2026-09-23 22:23,84,1,1.5,96
2026-09-23 22:24,77,0,0.8,98
2026-09-23 22:25,80,0,1.1,98
2026-09-23 22:26,86,16,1.7,95
2026-09-23 22:27,77,7,0.8,96
2026-09-23 22:28,81,1,1.2,95
2026-09-23 22:29,80,3,1.1,95
2026-09-23 22:30,72,0,0.3,97
2026-09-23 22:31,70,0,0.1,95
2026-09-23 22:32,73,0,0.4,95
2026-09-23 22:33,70,0,0.1,96
2026-09-23 22:34,70,0,0.1,97
2026-09-23 22:35,71,0,0.2,96
2026-09-23 22:36,70,0,0.1,96
2026-09-23 22:37,75,0,0.6,97
2026-09-23 22:38,69,0,0.0,97
2026-09-23 22:39,70,0,0.1,96
2026-09-23 22:40,71,0,0.2,97
2026-09-23 22:41,72,0,0.3,95
2026-09-23 22:42,74,0,0.5,96
2026-09-23 22:43,74,0,0.5,96
2026-09-23 22:44,71,0,0.2,97
2026-09-23 22:45,71,0,0.2,97
2026-09-23 22:46,72,0,0.3,95
2026-09-23 22:47,74,0,0.5,97
2026-09-23 22:48,73,0,0.4,95
2026-09-23 22:49,71,0,0.2,97
2026-09-23 22:50,69,0,0.0,96
2026-09-23 22:51,76,0,0.7,96
2026-09-23 22:52,74,0,0.5,95
2026-09-23 22:53,73,0,0.4,96
2026-09-23 22:54,73,0,0.4,96
2026-09-23 22:55,71,0,0.2,96
2026-09-23 22:56,70,0,0.1,97
2026-09-23 22:57,71,0,0.2,95
2026-09-23 22:58,72,0,0.3,96
2026-09-23 22:59,71,0,0.2,96
2026-09-23 23:00,69,0,0.0,95
2026-09-23 23:01,71,0,0.2,96
2026-09-23 23:02,73,0,0.4,95
2026-09-23 23:03,71,0,0.2,94
2026-09-23 23:04,72,0,0.3,96
2026-09-23 23:05,69,0,0.0,96
2026-09-23 23:06,72,0,0.3,97
2026-09-23 23:07,72,0,0.3,96
2026-09-23 23:08,70,0,0.1,97
2026-09-23 23:09,69,0,0.0,97
2026-09-23 23:10,73,0,0.4,97
2026-09-23 23:11,70,0,0.1,97
2026-09-23 23:12,73,0,0.4,96
2026-09-23 23:13,71,0,0.2,96
2026-09-23 23:14,73,0,0.4,97
2026-09-23 23:15,71,0,0.2,97
2026-09-23 23:16,69,0,0.0,96
2026-09-23 23:17,72,0,0.3,96
2026-09-23 23:18,71,0,0.2,95
2026-09-23 23:19,73,0,0.4,97
2026-09-23 23:20,71,0,0.2,96
2026-09-23 23:21,71,0,0.2,95
2026-09-23 23:22,74,0,0.5,96
2026-09-23 23:23,74,0,0.5,97
2026-09-23 23:24,74,0,0.5,96
2026-09-23 23:25,74,0,0.5,97
2026-09-23 23:26,73,0,0.4,97
2026-09-23 23:27,74,0,0.5,95
2026-09-23 23:28,74,0,0.5,96
2026-09-23 23:29,73,0,0.4,97
2026-09-23 23:30,72,0,0.3,97
2026-09-23 23:31,72,0,0.3,97
2026-09-23 23:32,77,0,0.8,95
2026-09-23 23:33,72,0,0.3,96
2026-09-23 23:34,72,0,0.3,97
2026-09-23 23:35,71,0,0.2,97
2026-09-23 23:36,72,0,0.3,97
2026-09-23 23:37,72,0,0.3,96
2026-09-23 23:38,70,0,0.1,96
2026-09-23 23:39,69,0,0.0,95
2026-09-23 23:40,73,0,0.4,97
2026-09-23 23:41,69,0,0.0,95
2026-09-23 23:42,73,0,0.4,97
2026-09-23 23:43,72,0,0.3,97
2026-09-23 23:44,74,0,0.5,97
2026-09-23 23:45,75,0,0.6,95
2026-09-23 23:46,73,0,0.4,96
2026-09-23 23:47,71,0,0.2,97
2026-09-23 23:48,70,0,0.1,95
2026-09-23 23:49,70,0,0.1,96
2026-09-23 23:50,72,0,0.3,96
2026-09-23 23:51,69,0,0.0,97
2026-09-23 23:52,72,0,0.3,96
2026-09-23 23:53,72,0,0.3,96
2026-09-23 23:54,73,0,0.4,96
2026-09-23 23:55,71,0,0.2,96
2026-09-23 23:56,72,0,0.3,96
2026-09-23 23:57,71,0,0.2,97
2026-09-23 23:58,71,0,0.2,96
2026-09-23 23:59,69,0,0.0,97
2026-09-24 00:00,69,0,0.1,96
2026-09-24 00:01,69,0,0.1,97
2026-09-24 00:02,70,0,0.2,96
2026-09-24 00:03,69,0,0.1,95
2026-09-24 00:04,72,0,0.4,95
2026-09-24 00:05,68,0,0.0,96
2026-09-24 00:06,73,0,0.5,96
2026-09-24 00:07,73,0,0.5,95
2026-09-24 00:08,74,0,0.6,96
2026-09-24 00:09,69,0,0.1,97
2026-09-24 00:10,68,0,0.0,97
2026-09-24 00:11,70,0,0.2,96
2026-09-24 00:12,71,0,0.3,97
2026-09-24 00:13,72,0,0.4,96
2026-09-24 00:14,70,0,0.2,96
2026-09-24 00:15,71,0,0.3,95
2026-09-24 00:16,71,0,0.3,97
2026-09-24 00:17,68,0,0.0,96
2026-09-24 00:18,75,0,0.7,95
2026-09-24 00:19,69,0,0.1,96
2026-09-24 00:20,72,0,0.4,97
2026-09-24 00:21,73,0,0.5,97
2026-09-24 00:22,69,0,0.1,96
2026-09-24 00:23,71,0,0.3,97
2026-09-24 00:24,74,0,0.6,95
2026-09-24 00:25,70,0,0.2,96
2026-09-24 00:26,73,0,0.5,95
2026-09-24 00:27,72,0,0.4,96
2026-09-24 00:28,71,0,0.3,96
2026-09-24 00:29,72,0,0.4,97
2026-09-24 00:30,71,0,0.3,97
2026-09-24 00:31,71,0,0.3,97
2026-09-24 00:32,73,0,0.5,98
2026-09-24 00:33,72,0,0.4,96
2026-09-24 00:34,72,0,0.4,96
2026-09-24 00:35,69,0,0.1,97
2026-09-24 00:36,71,0,0.3,96
2026-09-24 00:37,73,0,0.5,96
2026-09-24 00:38,73,0,0.5,96
2026-09-24 00:39,72,0,0.4,96
2026-09-24 00:40,70,0,0.2,96
2026-09-24 00:41,70,0,0.2,97
2026-09-24 00:42,72,0,0.4,95
2026-09-24 00:43,74,0,0.6,95
2026-09-24 00:44,71,0,0.3,96
2026-09-24 00:45,74,0,0.6,95
2026-09-24 00:46,70,0,0.2,96
2026-09-24 00:47,73,0,0.5,96
2026-09-24 00:48,69,0,0.1,96
2026-09-24 00:49,71,0,0.3,97
2026-09-24 00:50,69,0,0.1,97
2026-09-24 00:51,72,0,0.4,96
2026-09-24 00:52,72,0,0.4,95
2026-09-24 00:53,69,0,0.1,94
2026-09-24 00:54,70,0,0.2,95
2026-09-24 00:55,70,0,0.2,96
2026-09-24 00:56,68,0,0.0,96
2026-09-24 00:57,69,0,0.1,96
2026-09-24 00:58,69,0,0.1,96
2026-09-24 00:59,73,0,0.5,95
2026-09-24 01:00,74,0,0.6,95
2026-09-24 01:01,70,0,0.2,95
2026-09-24 01:02,70,0,0.2,97
2026-09-24 01:03,71,0,0.3,95
2026-09-24 01:04,70,0,0.2,97
2026-09-24 01:05,70,0,0.2,96
2026-09-24 01:06,73,0,0.5,97
2026-09-24 01:07,71,0,0.3,96
2026-09-24 01:08,71,0,0.3,97
2026-09-24 01:09,70,0,0.2,97
2026-09-24 01:10,74,0,0.6,96
2026-09-24 01:11,70,0,0.2,95
2026-09-24 01:12,71,0,0.3,96
2026-09-24 01:13,69,0,0.1,96
2026-09-24 01:14,70,0,0.2,97
2026-09-24 01:15,71,0,0.3,96
2026-09-24 01:16,70,0,0.2,96
2026-09-24 01:17,72,0,0.4,96
2026-09-24 01:18,71,0,0.3,96
2026-09-24 01:19,68,0,0.0,97
2026-09-24 01:20,68,0,0.0,95
2026-09-24 01:21,73,0,0.5,96
2026-09-24 01:22,70,0,0.2,96
2026-09-24 01:23,74,0,0.6,96
2026-09-24 01:24,71,0,0.3,96
2026-09-24 01:25,70,0,0.2,97
2026-09-24 01:26,72,0,0.4,96
2026-09-24 01:27,70,0,0.2,95
2026-09-24 01:28,71,0,0.3,95
2026-09-24 01:29,69,0,0.1,97
2026-09-24 01:30,72,0,0.4,95
2026-09-24 01:31,73,0,0.5,97
2026-09-24 01:32,70,0,0.2,97
2026-09-24 01:33,75,0,0.7,96
2026-09-24 01:34,70,0,0.2,96
2026-09-24 01:35,72,0,0.4,96
2026-09-24 01:36,68,0,0.0,96
2026-09-24 01:37,68,0,0.0,96
2026-09-24 01:38,75,0,0.7,97
2026-09-24 01:39,74,0,0.6,95
2026-09-24 01:40,73,0,0.5,96
2026-09-24 01:41,68,0,0.0,96
2026-09-24 01:42,71,0,0.3,96
2026-09-24 01:43,72,0,0.4,95
2026-09-24 01:44,71,0,0.3,95
2026-09-24 01:45,72,0,0.4,95
2026-09-24 01:46,69,0,0.1,96
2026-09-24 01:47,71,0,0.3,96
2026-09-24 01:48,69,0,0.1,96
2026-09-24 01:49,70,0,0.2,97
2026-09-24 01:50,72,0,0.4,97
2026-09-24 01:51,69,0,0.1,97
2026-09-24 01:52,70,0,0.2,96
2026-09-24 01:53,70,0,0.2,97
2026-09-24 01:54,71,0,0.3,97
2026-09-24 01:55,73,0,0.5,97
2026-09-24 01:56,71,0,0.3,96
2026-09-24 01:57,72,0,0.4,97
2026-09-24 01:58,68,0,0.0,97
2026-09-24 01:59,70,0,0.2,96
2026-09-24 02:00,73,0,0.5,95
2026-09-24 02:01,69,0,0.1,97
2026-09-24 02:02,70,0,0.2,97
2026-09-24 02:03,69,0,0.1,96
2026-09-24 02:04,74,0,0.6,96
2026-09-24 02:05,70,0,0.2,98
2026-09-24 02:06,70,0,0.2,96
2026-09-24 02:07,72,0,0.4,95
2026-09-24 02:08,73,0,0.5,96
2026-09-24 02:09,72,0,0.4,96
2026-09-24 02:10,73,0,0.5,96
2026-09-24 02:11,71,0,0.3,96
2026-09-24 02:12,71,0,0.3,96
2026-09-24 02:13,70,0,0.2,96
2026-09-24 02:14,70,0,0.2,96
2026-09-24 02:15,70,0,0.2,96
2026-09-24 02:16,72,0,0.4,95
2026-09-24 02:17,71,0,0.3,96
2026-09-24 02:18,71,0,0.3,95
2026-09-24 02:19,72,0,0.4,97
2026-09-24 02:20,71,0,0.3,95
2026-09-24 02:21,68,0,0.0,96
2026-09-24 02:22,69,0,0.1,95
2026-09-24 02:23,69,0,0.1,96
2026-09-24 02:24,68,0,0.0,95
2026-09-24 02:25,71,0,0.3,97
2026-09-24 02:26,69,0,0.1,96
2026-09-24 02:27,68,0,0.0,96
2026-09-24 02:28,69,0,0.1,95
2026-09-24 02:29,73,0,0.5,95
2026-09-24 02:30,70,0,0.2,96
2026-09-24 02:31,73,0,0.5,95
2026-09-24 02:32,71,0,0.3,97
2026-09-24 02:33,70,0,0.2,96
2026-09-24 02:34,72,0,0.4,96
2026-09-24 02:35,72,0,0.4,96
2026-09-24 02:36,71,0,0.3,96
2026-09-24 02:37,69,0,0.1,97
2026-09-24 02:38,70,0,0.2,96
2026-09-24 02:39,69,0,0.1,96
2026-09-24 02:40,70,0,0.2,97
2026-09-24 02:41,71,0,0.3,96
2026-09-24 02:42,74,0,0.6,96
2026-09-24 02:43,74,0,0.6,96
2026-09-24 02:44,72,0,0.4,96
2026-09-24 02:45,73,0,0.5,97
2026-09-24 02:46,71,0,0.3,96
2026-09-24 02:47,77,0,0.9,95
2026-09-24 02:48,74,0,0.6,96
2026-09-24 02:49,76,0,0.8,96
2026-09-24 02:50,72,0,0.4,96
2026-09-24 02:51,72,0,0.4,96
2026-09-24 02:52,73,0,0.5,97
2026-09-24 02:53,71,0,0.3,95
2026-09-24 02:54,72,0,0.4,95
2026-09-24 02:55,69,0,0.1,97
2026-09-24 02:56,73,0,0.5,95
2026-09-24 02:57,71,0,0.3,96
2026-09-24 02:58,73,0,0.5,96
2026-09-24 02:59,71,0,0.3,95
2026-09-24 03:00,68,0,0.0,97
2026-09-24 03:01,72,0,0.4,97
2026-09-24 03:02,73,0,0.5,96
2026-09-24 03:03,68,0,0.0,95
2026-09-24 03:04,69,0,0.1,97
2026-09-24 03:05,70,0,0.2,95
2026-09-24 03:06,71,0,0.3,96
2026-09-24 03:07,68,0,0.0,96
2026-09-24 03:08,75,0,0.7,96
2026-09-24 03:09,73,0,0.5,95
2026-09-24 03:10,70,0,0.2,96
2026-09-24 03:11,68,0,0.0,96
2026-09-24 03:12,72,0,0.4,95
2026-09-24 03:13,75,0,0.7,96
2026-09-24 03:14,73,0,0.5,97
2026-09-24 03:15,73,0,0.5,96
2026-09-24 03:16,69,0,0.1,96
2026-09-24 03:17,71,0,0.3,96
2026-09-24 03:18,68,0,0.0,96
2026-09-24 03:19,75,0,0.7,96
2026-09-24 03:20,72,0,0.4,96
2026-09-24 03:21,68,0,0.0,95
2026-09-24 03:22,68,0,0.0,96
2026-09-24 03:23,72,0,0.4,96
2026-09-24 03:24,71,0,0.3,96
2026-09-24 03:25,70,0,0.2,97
2026-09-24 03:26,72,0,0.4,97
2026-09-24 03:27,75,0,0.7,97
2026-09-24 03:28,72,0,0.4,96
2026-09-24 03:29,68,0,0.0,96
2026-09-24 03:30,71,0,0.3,96
2026-09-24 03:31,68,0,0.0,96
2026-09-24 03:32,69,0,0.1,96
2026-09-24 03:33,72,0,0.4,96
2026-09-24 03:34,71,0,0.3,96
2026-09-24 03:35,69,0,0.1,96
2026-09-24 03:36,71,0,0.3,97
2026-09-24 03:37,69,0,0.1,96
2026-09-24 03:38,72,0,0.4,96
2026-09-24 03:39,71,0,0.3,97
2026-09-24 03:40,72,0,0.4,96
2026-09-24 03:41,70,0,0.2,97
2026-09-24 03:42,72,0,0.4,97
2026-09-24 03:43,71,0,0.3,98
2026-09-24 03:44,71,0,0.3,95
2026-09-24 03:45,70,0,0.2,96
2026-09-24 03:46,71,0,0.3,96
2026-09-24 03:47,68,0,0.0,96
2026-09-24 03:48,76,0,0.8,97
2026-09-24 03:49,70,0,0.2,95
2026-09-24 03:50,71,0,0.3,96
2026-09-24 03:51,70,0,0.2,96
2026-09-24 03:52,70,0,0.2,97
2026-09-24 03:53,72,0,0.4,95
2026-09-24 03:54,70,0,0.2,95
2026-09-24 03:55,70,0,0.2,97
2026-09-24 03:56,68,0,0.0,97
2026-09-24 03:57,69,0,0.1,97
2026-09-24 03:58,69,0,0.1,95
2026-09-24 03:59,75,0,0.7,96
2026-09-24 04:00,68,0,0.0,96
2026-09-24 04:01,69,0,0.1,96
2026-09-24 04:02,71,0,0.3,96
2026-09-24 04:03,74,0,0.6,96
2026-09-24 04:04,68,0,0.0,97
2026-09-24 04:05,68,0,0.0,96
2026-09-24 04:06,71,0,0.3,96
2026-09-24 04:07,72,0,0.4,96
2026-09-24 04:08,68,0,0.0,96
2026-09-24 04:09,68,0,0.0,96
2026-09-24 04:10,69,0,0.1,96
2026-09-24 04:11,72,0,0.4,96
2026-09-24 04:12,71,0,0.3,97
2026-09-24 04:13,72,0,0.4,96
2026-09-24 04:14,71,0,0.3,96
2026-09-24 04:15,71,0,0.3,97
2026-09-24 04:16,72,0,0.4,96
2026-09-24 04:17,71,0,0.3,96
2026-09-24 04:18,71,0,0.3,96
2026-09-24 04:19,69,0,0.1,96
2026-09-24 04:20,70,0,0.2,96
2026-09-24 04:21,72,0,0.4,96
2026-09-24 04:22,70,0,0.2,95
2026-09-24 04:23,69,0,0.1,96
2026-09-24 04:24,72,0,0.4,96
2026-09-24 04:25,72,0,0.4,96
2026-09-24 04:26,71,0,0.3,96
2026-09-24 04:27,69,0,0.1,98
2026-09-24 04:28,73,0,0.5,97
2026-09-24 04:29,76,0,0.8,96
2026-09-24 04:30,69,0,0.1,96
2026-09-24 04:31,68,0,0.0,96
2026-09-24 04:32,69,0,0.1,96
2026-09-24 04:33,69,0,0.1,96
2026-09-24 04:34,68,0,0.0,97
2026-09-24 04:35,69,0,0.1,95
2026-09-24 04:36,73,0,0.5,96
2026-09-24 04:37,73,0,0.5,96
2026-09-24 04:38,74,0,0.6,95
2026-09-24 04:39,72,0,0.4,96
2026-09-24 04:40,70,0,0.2,96
2026-09-24 04:41,73,0,0.5,96
2026-09-24 04:42,70,0,0.2,98
2026-09-24 04:43,70,0,0.2,97
2026-09-24 04:44,69,0,0.1,96
2026-09-24 04:45,73,0,0.5,96
2026-09-24 04:46,73,0,0.5,96
2026-09-24 04:47,70,0,0.2,96
2026-09-24 04:48,70,0,0.2,96
2026-09-24 04:49,71,0,0.3,95
2026-09-24 04:50,71,0,0.3,95
2026-09-24 04:51,73,0,0.5,96
2026-09-24 04:52,71,0,0.3,96
2026-09-24 04:53,72,0,0.4,96
2026-09-24 04:54,68,0,0.0,96
2026-09-24 04:55,70,0,0.2,97
2026-09-24 04:56,68,0,0.0,97
2026-09-24 04:57,75,0,0.7,96
2026-09-24 04:58,74,0,0.6,95
2026-09-24 04:59,72,0,0.4,96
2026-09-24 05:00,73,0,0.5,96
2026-09-24 05:01,75,0,0.7,96
2026-09-24 05:02,73,0,0.5,96
2026-09-24 05:03,68,0,0.0,96
2026-09-24 05:04,71,0,0.3,95
2026-09-24 05:05,68,0,0.0,94
2026-09-24 05:06,69,0,0.1,96
2026-09-24 05:07,68,0,0.0,96
2026-09-24 05:08,71,0,0.3,96
2026-09-24 05:09,72,0,0.4,96
2026-09-24 05:10,69,0,0.1,96
2026-09-24 05:11,70,0,0.2,97
2026-09-24 05:12,71,0,0.3,95
2026-09-24 05:13,71,0,0.3,96
2026-09-24 05:14,71,0,0.3,95
2026-09-24 05:15,68,0,0.0,96
2026-09-24 05:16,70,0,0.2,96
2026-09-24 05:17,73,0,0.5,97
2026-09-24 05:18,71,0,0.3,96
2026-09-24 05:19,68,0,0.0,95
2026-09-24 05:20,70,0,0.2,96
2026-09-24 05:21,71,0,0.3,97
2026-09-24 05:22,69,0,0.1,97
2026-09-24 05:23,72,0,0.4,97
2026-09-24 05:24,69,0,0.1,96
2026-09-24 05:25,70,0,0.2,95
2026-09-24 05:26,71,0,0.3,96
2026-09-24 05:27,75,0,0.7,96
2026-09-24 05:28,70,0,0.2,97
2026-09-24 05:29,70,0,0.2,95
2026-09-24 05:30,72,0,0.4,97
2026-09-24 05:31,70,0,0.2,97
2026-09-24 05:32,71,0,0.3,95
2026-09-24 05:33,68,0,0.0,96
2026-09-24 05:34,72,0,0.4,96
2026-09-24 05:35,71,0,0.3,96
2026-09-24 05:36,68,0,0.0,96
2026-09-24 05:37,74,0,0.6,96
2026-09-24 05:38,70,0,0.2,95
2026-09-24 05:39,71,0,0.3,96
2026-09-24 05:40,68,0,0.0,95
2026-09-24 05:41,68,0,0.0,96
2026-09-24 05:42,70,0,0.2,96
2026-09-24 05:43,68,0,0.0,97
2026-09-24 05:44,72,0,0.4,96
2026-09-24 05:45,73,0,0.5,96
2026-09-24 05:46,70,0,0.2,95
2026-09-24 05:47,68,0,0.0,96
2026-09-24 05:48,70,0,0.2,96
2026-09-24 05:49,69,0,0.1,98
2026-09-24 05:50,71,0,0.3,94
2026-09-24 05:51,71,0,0.3,96
2026-09-24 05:52,70,0,0.2,94
2026-09-24 05:53,71,0,0.3,97
2026-09-24 05:54,73,0,0.5,96
2026-09-24 05:55,74,0,0.6,97
2026-09-24 05:56,70,0,0.2,96
2026-09-24 05:57,72,0,0.4,97
2026-09-24 05:58,70,0,0.2,96
2026-09-24 05:59,69,0,0.1,97
2026-09-24 06:00,73,0,0.5,96
2026-09-24 06:01,72,0,0.4,94
2026-09-24 06:02,71,0,0.3,96
2026-09-24 06:03,72,0,0.4,95
2026-09-24 06:04,71,0,0.3,97
2026-09-24 06:05,69,0,0.1,96
2026-09-24 06:06,74,0,0.6,96
2026-09-24 06:07,73,0,0.5,96
2026-09-24 06:08,71,0,0.3,96
2026-09-24 06:09,73,0,0.5,96
2026-09-24 06:10,73,0,0.5,97
2026-09-24 06:11,71,0,0.3,96
2026-09-24 06:12,72,0,0.4,96
2026-09-24 06:13,70,0,0.2,95
2026-09-24 06:14,72,0,0.4,96
2026-09-24 06:15,70,0,0.2,96
2026-09-24 06:16,76,0,0.8,96
2026-09-24 06:17,70,0,0.2,96
2026-09-24 06:18,72,0,0.4,96
2026-09-24 06:19,72,0,0.4,95
2026-09-24 06:20,70,0,0.2,96
2026-09-24 06:21,73,0,0.5,95
2026-09-24 06:22,71,0,0.3,96
2026-09-24 06:23,70,0,0.2,96
2026-09-24 06:24,71,0,0.3,97
2026-09-24 06:25,69,0,0.1,96
2026-09-24 06:26,73,0,0.5,96
2026-09-24 06:27,72,0,0.4,95
2026-09-24 06:28,73,0,0.5,96
2026-09-24 06:29,68,0,0.0,97
2026-09-24 06:30,79,2,1.1,97
2026-09-24 06:31,80,12,1.2,95
2026-09-24 06:32,78,1,1.0,96
2026-09-24 06:33,84,12,1.6,96
2026-09-24 06:34,82,11,1.4,96
2026-09-24 06:35,78,1,1.0,96
2026-09-24 06:36,80,1,1.2,97
2026-09-24 06:37,82,7,1.4,95
2026-09-24 06:38,82,1,1.4,97
2026-09-24 06:39,74,1,0.6,95
2026-09-24 06:40,80,5,1.2,96
2026-09-24 06:41,78,3,1.0,96
2026-09-24 06:42,78,5,1.0,97
2026-09-24 06:43,82,14,1.4,97
2026-09-24 06:44,77,6,0.9,97
2026-09-24 06:45,75,4,0.7,97
2026-09-24 06:46,76,0,0.8,96
2026-09-24 06:47,77,0,0.9,97
2026-09-24 06:48,82,2,1.4,97
2026-09-24 06:49,80,12,1.2,96
2026-09-24 06:50,76,3,0.8,95
2026-09-24 06:51,74,0,0.6,95
2026-09-24 06:52,77,0,0.9,97
2026-09-24 06:53,81,13,1.3,97
2026-09-24 06:54,78,0,1.0,96
2026-09-24 06:55,77,5,0.9,96
2026-09-24 06:56,80,12,1.2,96
2026-09-24 06:57,75,5,0.7,97
2026-09-24 06:58,79,1,1.1,95
2026-09-24 06:59,76,4,0.8,96
2026-09-24 07:00,74,4,0.6,96
2026-09-24 07:01,81,4,1.3,96
2026-09-24 07:02,87,27,1.9,96
2026-09-24 07:03,79,1,1.1,96
2026-09-24 07:04,79,1,1.1,96
2026-09-24 07:05,96,95,2.8,95
2026-09-24 07:06,110,111,4.2,98
2026-09-24 07:07,114,106,4.6,97
2026-09-24 07:08,120,110,5.2,97
2026-09-24 07:09,121,104,5.3,96
2026-09-24 07:10,121,122,5.3,96
2026-09-24 07:11,120,127,5.2,97
2026-09-24 07:12,122,115,5.4,97
2026-09-24 07:13,120,99,5.2,95
2026-09-24 07:14,114,103,4.6,95
2026-09-24 07:15,122,123,5.4,96
2026-09-24 07:16,121,119,5.3,96
2026-09-24 07:17,120,110,5.2,97
2026-09-24 07:18,124,116,5.6,95
2026-09-24 07:19,117,113,4.9,96
2026-09-24 07:20,113,107,4.5,96
2026-09-24 07:21,124,116,5.6,96
2026-09-24 07:22,121,117,5.3,97
2026-09-24 07:23,116,120,4.8,95
2026-09-24 07:24,119,111,5.1,95
2026-09-24 07:25,122,120,5.4,96
2026-09-24 07:26,117,108,4.9,97
2026-09-24 07:27,122,104,5.4,96
2026-09-24 07:28,126,108,5.8,96
2026-09-24 07:29,122,116,5.4,97
2026-09-24 07:30,102,0,3.4,96
2026-09-24 07:31,98,0,3.0,96
2026-09-24 07:32,94,6,2.6,96
2026-09-24 07:33,92,1,2.4,96
2026-09-24 07:34,90,4,2.2,96
2026-09-24 07:35,87,0,1.9,96
2026-09-24 07:36,85,7,1.7,96
2026-09-24 07:37,87,9,1.9,96
2026-09-24 07:38,85,0,1.7,96
2026-09-24 07:39,83,0,1.5,96
2026-09-24 07:40,83,0,1.5,96
2026-09-24 07:41,84,2,1.6,96
2026-09-24 07:42,84,6,1.6,96
2026-09-24 07:43,81,2,1.3,96
2026-09-24 07:44,81,0,1.3,97
2026-09-24 07:45,78,4,1.0,96
2026-09-24 07:46,81,1,1.3,97
2026-09-24 07:47,81,4,1.3,96
2026-09-24 07:48,83,15,1.5,97
2026-09-24 07:49,76,9,0.8,96
2026-09-24 07:50,79,2,1.1,95
2026-09-24 07:51,86,19,1.8,96
2026-09-24 07:52,78,2,1.0,96
2026-09-24 07:53,83,2,1.5,96
2026-09-24 07:54,80,5,1.2,96
2026-09-24 07:55,76,0,0.8,96
2026-09-24 07:56,79,0,1.1,96
2026-09-24 07:57,83,16,1.5,96
2026-09-24 07:58,80,0,1.2,96
2026-09-24 07:59,81,12,1.3,97
2026-09-24 08:00,84,10,1.6,94
2026-09-24 08:01,87,34,1.9,96
2026-09-24 08:02,78,0,1.0,97
2026-09-24 08:03,75,0,0.7,97
2026-09-24 08:04,77,3,0.9,96
2026-09-24 08:05,79,1,1.1,97
2026-09-24 08:06,83,20,1.5,96
2026-09-24 08:07,79,6,1.1,96
2026-09-24 08:08,81,12,1.3,96
2026-09-24 08:09,78,0,1.0,95
2026-09-24 08:10,79,0,1.1,96
2026-09-24 08:11,79,0,1.1,96
2026-09-24 08:12,84,13,1.6,95
2026-09-24 08:13,78,0,1.0,96
2026-09-24 08:14,77,1,0.9,95
2026-09-24 08:15,77,9,0.9,96
2026-09-24 08:16,82,15,1.4,96
2026-09-24 08:17,76,0,0.8,96
2026-09-24 08:18,78,12,1.0,95
2026-09-24 08:19,83,7,1.5,96
2026-09-24 08:20,74,0,0.6,95
2026-09-24 08:21,80,3,1.2,96
2026-09-24 08:22,83,14,1.5,96
2026-09-24 08:23,83,20,1.5,97
2026-09-24 08:24,83,0,1.5,96
2026-09-24 08:25,86,28,1.8,96
2026-09-24 08:26,76,0,0.8,97
2026-09-24 08:27,82,0,1.4,97
2026-09-24 08:28,78,4,1.0,96
2026-09-24 08:29,80,16,1.2,97
2026-09-24 08:30,77,2,0.9,97
2026-09-24 08:31,80,10,1.2,96
2026-09-24 08:32,79,2,1.1,95
2026-09-24 08:33,79,1,1.1,95
2026-09-24 08:34,77,6,0.9,96
2026-09-24 08:35,79,2,1.1,98
2026-09-24 08:36,83,2,1.5,96
2026-09-24 08:37,77,0,0.9,97
2026-09-24 08:38,81,11,1.3,97
2026-09-24 08:39,81,5,1.3,95
2026-09-24 08:40,80,0,1.2,96
2026-09-24 08:41,77,0,0.9,97
2026-09-24 08:42,78,6,1.0,97
2026-09-24 08:43,79,11,1.1,96
2026-09-24 08:44,82,7,1.4,96
2026-09-24 08:45,83,12,1.5,97
2026-09-24 08:46,74,0,0.6,96
2026-09-24 08:47,74,0,0.6,98
2026-09-24 08:48,77,5,0.9,95
2026-09-24 08:49,75,0,0.7,95
2026-09-24 08:50,84,17,1.6,96
2026-09-24 08:51,79,2,1.1,97
2026-09-24 08:52,84,7,1.6,96
2026-09-24 08:53,82,8,1.4,96
2026-09-24 08:54,78,0,1.0,95
2026-09-24 08:55,80,0,1.2,96
2026-09-24 08:56,76,0,0.8,95
2026-09-24 08:57,75,0,0.7,95
2026-09-24 08:58,78,1,1.0,95
2026-09-24 08:59,80,0,1.2,96
2026-09-24 09:00,76,3,0.8,97
2026-09-24 09:01,80,0,1.2,96
2026-09-24 09:02,80,0,1.2,96
2026-09-24 09:03,78,2,1.0,98
2026-09-24 09:04,80,5,1.2,96
2026-09-24 09:05,81,11,1.3,95
2026-09-24 09:06,78,1,1.0,96
2026-09-24 09:07,80,0,1.2,95
2026-09-24 09:08,77,1,0.9,96
2026-09-24 09:09,84,12,1.6,97
2026-09-24 09:10,80,2,1.2,95
2026-09-24 09:11,82,9,1.4,96
2026-09-24 09:12,75,2,0.7,97
2026-09-24 09:13,76,7,0.8,95
2026-09-24 09:14,79,0,1.1,96
2026-09-24 09:15,83,21,1.5,96
2026-09-24 09:16,79,9,1.1,96
2026-09-24 09:17,76,0,0.8,96
2026-09-24 09:18,79,11,1.1,97
2026-09-24 09:19,77,0,0.9,96
2026-09-24 09:20,79,7,1.1,96
2026-09-24 09:21,77,1,0.9,96
2026-09-24 09:22,79,1,1.1,96
2026-09-24 09:23,79,10,1.1,95
2026-09-24 09:24,80,0,1.2,97
2026-09-24 09:25,73,0,0.5,96
2026-09-24 09:26,85,5,1.7,97
2026-09-24 09:27,81,21,1.3,95
2026-09-24 09:28,82,11,1.4,96
2026-09-24 09:29,83,9,1.5,96
2026-09-24 09:30,79,4,1.1,96
2026-09-24 09:31,79,0,1.1,96
2026-09-24 09:32,78,0,1.0,96
2026-09-24 09:33,74,0,0.6,95
2026-09-24 09:34,80,6,1.2,96
2026-09-24 09:35,80,0,1.2,94
2026-09-24 09:36,77,1,0.9,96
2026-09-24 09:37,75,0,0.7,97
2026-09-24 09:38,77,0,0.9,97
2026-09-24 09:39,80,3,1.2,97
2026-09-24 09:40,79,0,1.1,96
2026-09-24 09:41,81,1,1.3,96
2026-09-24 09:42,80,3,1.2,96
2026-09-24 09:43,79,1,1.1,96
2026-09-24 09:44,77,11,0.9,96
2026-09-24 09:45,83,3,1.5,94
2026-09-24 09:46,78,0,1.0,97
2026-09-24 09:47,81,4,1.3,96
2026-09-24 09:48,78,1,1.0,97
2026-09-24 09:49,80,9,1.2,95
2026-09-24 09:50,82,12,1.4,97
2026-09-24 09:51,83,5,1.5,96
2026-09-24 09:52,82,2,1.4,95
2026-09-24 09:53,83,12,1.5,95
2026-09-24 09:54,82,1,1.4,96
2026-09-24 09:55,79,6,1.1,96
2026-09-24 09:56,79,0,1.1,96
2026-09-24 09:57,81,13,1.3,96
2026-09-24 09:58,85,16,1.7,97
2026-09-24 09:59,79,2,1.1,95
2026-09-24 10:00,80,1,1.2,95
2026-09-24 10:01,83,5,1.5,95
2026-09-24 10:02,75,3,0.7,95
2026-09-24 10:03,84,4,1.6,96
2026-09-24 10:04,83,13,1.5,96
2026-09-24 10:05,77,0,0.9,95
2026-09-24 10:06,74,1,0.6,96
2026-09-24 10:07,80,8,1.2,97
2026-09-24 10:08,74,4,0.6,97
2026-09-24 10:09,79,4,1.1,97
2026-09-24 10:10,79,3,1.1,97
2026-09-24 10:11,83,3,1.5,96
2026-09-24 10:12,77,0,0.9,97
2026-09-24 10:13,80,1,1.2,97
2026-09-24 10:14,82,4,1.4,97
2026-09-24 10:15,82,0,1.4,96
2026-09-24 10:16,78,1,1.0,95
2026-09-24 10:17,82,7,1.4,95
2026-09-24 10:18,75,0,0.7,96
2026-09-24 10:19,76,0,0.8,96
2026-09-24 10:20,78,1,1.0,96
2026-09-24 10:21,78,0,1.0,97
2026-09-24 10:22,75,0,0.7,95
2026-09-24 10:23,82,15,1.4,96
2026-09-24 10:24,80,1,1.2,97
2026-09-24 10:25,77,1,0.9,96
2026-09-24 10:26,78,1,1.0,96
2026-09-24 10:27,76,0,0.8,97
2026-09-24 10:28,81,0,1.3,97
2026-09-24 10:29,82,2,1.4,96
2026-09-24 10:30,80,6,1.2,96
2026-09-24 10:31,78,0,1.0,95
2026-09-24 10:32,82,2,1.4,96
2026-09-24 10:33,83,13,1.5,96
2026-09-24 10:34,77,1,0.9,95
2026-09-24 10:35,78,10,1.0,97
2026-09-24 10:36,77,1,0.9,97
2026-09-24 10:37,82,0,1.4,96
2026-09-24 10:38,81,14,1.3,97
2026-09-24 10:39,85,4,1.7,97
2026-09-24 10:40,82,15,1.4,96
2026-09-24 10:41,79,5,1.1,97
2026-09-24 10:42,83,6,1.5,96
2026-09-24 10:43,80,7,1.2,95
2026-09-24 10:44,79,1,1.1,95
2026-09-24 10:45,76,0,0.8,96
2026-09-24 10:46,76,3,0.8,97
2026-09-24 10:47,77,3,0.9,96
2026-09-24 10:48,81,10,1.3,97
2026-09-24 10:49,78,4,1.0,96
2026-09-24 10:50,79,16,1.1,95
2026-09-24 10:51,80,5,1.2,97
2026-09-24 10:52,81,10,1.3,98
2026-09-24 10:53,81,11,1.3,96
2026-09-24 10:54,78,3,1.0,96
2026-09-24 10:55,74,1,0.6,97
2026-09-24 10:56,82,3,1.4,95
2026-09-24 10:57,77,0,0.9,96
2026-09-24 10:58,81,6,1.3,95
2026-09-24 10:59,81,2,1.3,96
2026-09-24 11:00,85,16,1.7,96
2026-09-24 11:01,81,9,1.3,96
2026-09-24 11:02,78,0,1.0,96
2026-09-24 11:03,84,19,1.6,95
2026-09-24 11:04,85,17,1.7,96
2026-09-24 11:05,81,7,1.3,97
2026-09-24 11:06,80,9,1.2,96
2026-09-24 11:07,80,2,1.2,97
2026-09-24 11:08,79,2,1.1,96
2026-09-24 11:09,80,1,1.2,96
2026-09-24 11:10,78,0,1.0,96
2026-09-24 11:11,81,1,1.3,96
2026-09-24 11:12,79,1,1.1,97
2026-09-24 11:13,80,0,1.2,95
2026-09-24 11:14,78,0,1.0,97
2026-09-24 11:15,84,23,1.6,97
2026-09-24 11:16,76,0,0.8,96
2026-09-24 11:17,79,6,1.1,96
2026-09-24 11:18,81,8,1.3,96
2026-09-24 11:19,81,0,1.3,97
2026-09-24 11:20,78,0,1.0,96
2026-09-24 11:21,78,2,1.0,96
2026-09-24 11:22,78,2,1.0,96
2026-09-24 11:23,81,1,1.3,97
2026-09-24 11:24,82,12,1.4,96
2026-09-24 11:25,77,0,0.9,96
2026-09-24 11:26,80,3,1.2,96
2026-09-24 11:27,76,1,0.8,96
2026-09-24 11:28,81,9,1.3,96
2026-09-24 11:29,79,3,1.1,95
2026-09-24 11:30,78,1,1.0,96
2026-09-24 11:31,76,0,0.8,97
2026-09-24 11:32,92,41,2.4,96
2026-09-24 11:33,87,20,1.9,95
2026-09-24 11:34,79,13,1.1,97
2026-09-24 11:35,93,48,2.5,96
2026-09-24 11:36,79,0,1.1,96
2026-09-24 11:37,84,5,1.6,96
2026-09-24 11:38,81,14,1.3,97
2026-09-24 11:39,77,2,0.9,96
2026-09-24 11:40,78,0,1.0,96
2026-09-24 11:41,85,8,1.7,97
2026-09-24 11:42,78,0,1.0,96
2026-09-24 11:43,81,7,1.3,96
2026-09-24 11:44,82,2,1.4,96
2026-09-24 11:45,74,1,0.6,97
2026-09-24 11:46,74,0,0.6,95
2026-09-24 11:47,80,0,1.2,97
2026-09-24 11:48,80,3,1.2,96
2026-09-24 11:49,76,2,0.8,97
2026-09-24 11:50,79,0,1.1,97
2026-09-24 11:51,80,8,1.2,96
2026-09-24 11:52,79,3,1.1,97
2026-09-24 11:53,78,6,1.0,97
2026-09-24 11:54,77,0,0.9,96
2026-09-24 11:55,77,3,0.9,96
2026-09-24 11:56,81,11,1.3,96
2026-09-24 11:57,78,0,1.0,97
2026-09-24 11:58,81,0,1.3,95
2026-09-24 11:59,79,0,1.1,96
2026-09-24 12:00,77,6,0.9,95
2026-09-24 12:01,82,9,1.4,96
2026-09-24 12:02,86,16,1.8,95
2026-09-24 12:03,79,2,1.1,95
2026-09-24 12:04,80,0,1.2,96
2026-09-24 12:05,82,15,1.4,96
2026-09-24 12:06,82,10,1.4,96
2026-09-24 12:07,76,0,0.8,95
2026-09-24 12:08,81,4,1.3,96
2026-09-24 12:09,75,1,0.7,95
2026-09-24 12:10,81,2,1.3,96
2026-09-24 12:11,78,11,1.0,97
2026-09-24 12:12,75,4,0.7,97
2026-09-24 12:13,84,18,1.6,96
2026-09-24 12:14,78,0,1.0,97
2026-09-24 12:15,80,5,1.2,96
2026-09-24 12:16,85,20,1.7,97
2026-09-24 12:17,80,8,1.2,96
2026-09-24 12:18,78,6,1.0,96
2026-09-24 12:19,84,18,1.6,96
2026-09-24 12:20,79,0,1.1,94
2026-09-24 12:21,79,0,1.1,97
2026-09-24 12:22,82,0,1.4,96
2026-09-24 12:23,77,1,0.9,97
2026-09-24 12:24,78,0,1.0,95
2026-09-24 12:25,81,5,1.3,97
2026-09-24 12:26,79,6,1.1,95
2026-09-24 12:27,80,16,1.2,96
2026-09-24 12:28,78,4,1.0,96
2026-09-24 12:29,81,2,1.3,96
2026-09-24 12:30,78,1,1.0,96
2026-09-24 12:31,80,1,1.2,97
2026-09-24 12:32,77,1,0.9,96
2026-09-24 12:33,91,39,2.3,96
2026-09-24 12:34,79,8,1.1,97
2026-09-24 12:35,77,3,0.9,96
2026-09-24 12:36,78,0,1.0,96
2026-09-24 12:37,79,3,1.1,97
2026-09-24 12:38,86,16,1.8,96
2026-09-24 12:39,75,1,0.7,96
2026-09-24 12:40,79,0,1.1,96
2026-09-24 12:41,82,3,1.4,96
2026-09-24 12:42,81,1,1.3,94
2026-09-24 12:43,78,1,1.0,97
2026-09-24 12:44,77,1,0.9,95
2026-09-24 12:45,78,5,1.0,97
2026-09-24 12:46,84,19,1.6,97
2026-09-24 12:47,79,1,1.1,95
2026-09-24 12:48,79,1,1.1,97
2026-09-24 12:49,80,1,1.2,96
2026-09-24 12:50,76,0,0.8,96
2026-09-24 12:51,76,0,0.8,95
2026-09-24 12:52,75,0,0.7,96
2026-09-24 12:53,77,5,0.9,96
2026-09-24 12:54,80,6,1.2,97
2026-09-24 12:55,79,2,1.1,98
2026-09-24 12:56,83,1,1.5,96
2026-09-24 12:57,79,0,1.1,96
2026-09-24 12:58,78,0,1.0,98
2026-09-24 12:59,81,1,1.3,96
2026-09-24 13:00,76,0,0.8,96
2026-09-24 13:01,79,0,1.1,96
2026-09-24 13:02,80,0,1.2,96
2026-09-24 13:03,81,4,1.3,97
2026-09-24 13:04,81,6,1.3,96
2026-09-24 13:05,77,0,0.9,96
2026-09-24 13:06,84,27,1.6,97
2026-09-24 13:07,78,1,1.0,97
2026-09-24 13:08,79,7,1.1,96
2026-09-24 13:09,79,0,1.1,96
2026-09-24 13:10,78,0,1.0,96
2026-09-24 13:11,81,5,1.3,97
2026-09-24 13:12,75,2,0.7,96
2026-09-24 13:13,83,11,1.5,96
2026-09-24 13:14,79,10,1.1,96
2026-09-24 13:15,77,9,0.9,96
2026-09-24 13:16,75,0,0.7,96
2026-09-24 13:17,77,0,0.9,96
2026-09-24 13:18,80,0,1.2,96
2026-09-24 13:19,83,11,1.5,96
2026-09-24 13:20,76,1,0.8,96
2026-09-24 13:21,79,4,1.1,96
2026-09-24 13:22,79,5,1.1,96
2026-09-24 13:23,77,6,0.9,96
2026-09-24 13:24,76,1,0.8,97
2026-09-24 13:25,75,5,0.7,97
2026-09-24 13:26,76,0,0.8,96
2026-09-24 13:27,73,0,0.5,96
2026-09-24 13:28,77,3,0.9,96
2026-09-24 13:29,79,9,1.1,97
2026-09-24 13:30,77,1,0.9,97
2026-09-24 13:31,78,5,1.0,95
2026-09-24 13:32,82,7,1.4,96
2026-09-24 13:33,81,13,1.3,96
2026-09-24 13:34,78,0,1.0,96
2026-09-24 13:35,80,1,1.2,95
2026-09-24 13:36,85,16,1.7,96
2026-09-24 13:37,80,1,1.2,95
2026-09-24 13:38,79,7,1.1,96
2026-09-24 13:39,76,1,0.8,97
2026-09-24 13:40,76,0,0.8,97
2026-09-24 13:41,77,0,0.9,96
2026-09-24 13:42,83,15,1.5,95
2026-09-24 13:43,78,0,1.0,96
2026-09-24 13:44,81,2,1.3,95
2026-09-24 13:45,78,2,1.0,95
2026-09-24 13:46,82,1,1.4,96
2026-09-24 13:47,81,2,1.3,95
2026-09-24 13:48,79,5,1.1,97
2026-09-24 13:49,80,0,1.2,96
2026-09-24 13:50,77,16,0.9,96
2026-09-24 13:51,81,0,1.3,97
2026-09-24 13:52,79,0,1.1,97
2026-09-24 13:53,79,0,1.1,96
2026-09-24 13:54,75,0,0.7,97
2026-09-24 13:55,83,0,1.5,97
2026-09-24 13:56,80,7,1.2,96
2026-09-24 13:57,78,2,1.0,96
2026-09-24 13:58,81,3,1.3,96
2026-09-24 13:59,82,13,1.4,95
2026-09-24 14:00,80,11,1.2,97
2026-09-24 14:01,79,0,1.1,97
2026-09-24 14:02,77,2,0.9,95
2026-09-24 14:03,80,1,1.2,96
2026-09-24 14:04,79,3,1.1,95
2026-09-24 14:05,81,1,1.3,97
2026-09-24 14:06,76,0,0.8,96
2026-09-24 14:07,81,2,1.3,96
2026-09-24 14:08,79,2,1.1,97
2026-09-24 14:09,82,1,1.4,96
2026-09-24 14:10,84,25,1.6,96
2026-09-24 14:11,83,5,1.5,97
2026-09-24 14:12,79,0,1.1,96
2026-09-24 14:13,84,13,1.6,97
2026-09-24 14:14,83,21,1.5,96
2026-09-24 14:15,79,0,1.1,97
2026-09-24 14:16,79,0,1.1,97
2026-09-24 14:17,82,20,1.4,97
2026-09-24 14:18,76,1,0.8,95
2026-09-24 14:19,76,0,0.8,97
2026-09-24 14:20,85,12,1.7,96
2026-09-24 14:21,80,5,1.2,97
2026-09-24 14:22,83,9,1.5,96
2026-09-24 14:23,80,4,1.2,96
2026-09-24 14:24,79,2,1.1,96
2026-09-24 14:25,83,14,1.5,97
2026-09-24 14:26,79,7,1.1,96
2026-09-24 14:27,80,0,1.2,96
2026-09-24 14:28,80,6,1.2,95
2026-09-24 14:29,79,3,1.1,96
2026-09-24 14:30,75,0,0.7,96
2026-09-24 14:31,79,0,1.1,96
2026-09-24 14:32,77,2,0.9,95
2026-09-24 14:33,79,6,1.1,96
2026-09-24 14:34,85,16,1.7,95
2026-09-24 14:35,78,8,1.0,97
2026-09-24 14:36,83,18,1.5,96
2026-09-24 14:37,80,1,1.2,98
2026-09-24 14:38,82,6,1.4,97
2026-09-24 14:39,79,6,1.1,96
2026-09-24 14:40,79,2,1.1,96
2026-09-24 14:41,85,23,1.7,96
2026-09-24 14:42,76,0,0.8,96
2026-09-24 14:43,75,3,0.7,95
2026-09-24 14:44,76,7,0.8,97
2026-09-24 14:45,81,5,1.3,95
2026-09-24 14:46,84,20,1.6,96
2026-09-24 14:47,75,0,0.7,94
2026-09-24 14:48,77,2,0.9,96
2026-09-24 14:49,78,4,1.0,97
2026-09-24 14:50,77,0,0.9,96
2026-09-24 14:51,78,1,1.0,96
2026-09-24 14:52,83,0,1.5,96
2026-09-24 14:53,77,2,0.9,96
2026-09-24 14:54,86,26,1.8,97
2026-09-24 14:55,77,3,0.9,96
2026-09-24 14:56,77,0,0.9,96
2026-09-24 14:57,82,20,1.4,97
2026-09-24 14:58,82,16,1.4,96
2026-09-24 14:59,78,3,1.0,96
2026-09-24 15:00,81,7,1.3,96
2026-09-24 15:01,79,1,1.1,96
2026-09-24 15:02,76,0,0.8,98
2026-09-24 15:03,85,10,1.7,96
2026-09-24 15:04,82,22,1.4,97
2026-09-24 15:05,79,2,1.1,97
2026-09-24 15:06,84,4,1.6,95
2026-09-24 15:07,77,0,0.9,96
2026-09-24 15:08,84,10,1.6,97
2026-09-24 15:09,81,2,1.3,97
2026-09-24 15:10,79,1,1.1,96
2026-09-24 15:11,75,1,0.7,96
2026-09-24 15:12,82,2,1.4,95
2026-09-24 15:13,78,0,1.0,95
2026-09-24 15:14,77,2,0.9,96
2026-09-24 15:15,82,4,1.4,96
2026-09-24 15:16,77,2,0.9,97
2026-09-24 15:17,80,1,1.2,96
2026-09-24 15:18,77,0,0.9,97
2026-09-24 15:19,79,1,1.1,95
2026-09-24 15:20,77,3,0.9,95
2026-09-24 15:21,77,0,0.9,96
2026-09-24 15:22,76,0,0.8,97
2026-09-24 15:23,77,0,0.9,95
2026-09-24 15:24,78,0,1.0,95
2026-09-24 15:25,78,1,1.0,96
2026-09-24 15:26,82,13,1.4,97
2026-09-24 15:27,82,3,1.4,95
2026-09-24 15:28,79,3,1.1,96
2026-09-24 15:29,75,4,0.7,95
2026-09-24 15:30,85,24,1.7,97
2026-09-24 15:31,78,1,1.0,97
2026-09-24 15:32,80,0,1.2,96
2026-09-24 15:33,80,0,1.2,96
2026-09-24 15:34,80,0,1.2,96
2026-09-24 15:35,86,28,1.8,96
2026-09-24 15:36,80,1,1.2,96
2026-09-24 15:37,76,2,0.8,96
2026-09-24 15:38,82,5,1.4,95
2026-09-24 15:39,79,0,1.1,96
2026-09-24 15:40,81,6,1.3,96
2026-09-24 15:41,79,6,1.1,97
2026-09-24 15:42,80,5,1.2,95
2026-09-24 15:43,77,1,0.9,96
2026-09-24 15:44,82,8,1.4,96
2026-09-24 15:45,75,0,0.7,97
2026-09-24 15:46,80,0,1.2,96
2026-09-24 15:47,79,1,1.1,95
2026-09-24 15:48,82,0,1.4,95
2026-09-24 15:49,78,0,1.0,97
2026-09-24 15:50,78,1,1.0,96
2026-09-24 15:51,79,2,1.1,96
2026-09-24 15:52,80,6,1.2,96
2026-09-24 15:53,80,6,1.2,96
2026-09-24 15:54,76,0,0.8,96
2026-09-24 15:55,76,0,0.8,95
2026-09-24 15:56,81,13,1.3,96
2026-09-24 15:57,77,0,0.9,97
2026-09-24 15:58,76,0,0.8,97
2026-09-24 15:59,76,1,0.8,96
2026-09-24 16:00,81,13,1.3,96
2026-09-24 16:01,81,4,1.3,97
2026-09-24 16:02,84,21,1.6,96
2026-09-24 16:03,81,7,1.3,95
2026-09-24 16:04,80,0,1.2,96
2026-09-24 16:05,84,14,1.6,97
2026-09-24 16:06,78,3,1.0,97
2026-09-24 16:07,77,1,0.9,96
2026-09-24 16:08,78,13,1.0,96
2026-09-24 16:09,77,1,0.9,96
2026-09-24 16:10,80,4,1.2,97
2026-09-24 16:11,76,0,0.8,96
2026-09-24 16:12,81,1,1.3,96
2026-09-24 16:13,82,5,1.4,95
2026-09-24 16:14,81,11,1.3,96
2026-09-24 16:15,81,4,1.3,96
2026-09-24 16:16,77,6,0.9,94
2026-09-24 16:17,76,0,0.8,97
2026-09-24 16:18,77,0,0.9,96
2026-09-24 16:19,78,0,1.0,96
2026-09-24 16:20,78,2,1.0,96
2026-09-24 16:21,79,8,1.1,96
2026-09-24 16:22,85,11,1.7,96
2026-09-24 16:23,79,1,1.1,95
2026-09-24 16:24,82,13,1.4,96
2026-09-24 16:25,82,9,1.4,96
2026-09-24 16:26,82,12,1.4,96
2026-09-24 16:27,79,5,1.1,95
2026-09-24 16:28,77,0,0.9,96
2026-09-24 16:29,76,4,0.8,95
2026-09-24 16:30,84,9,1.6,96
2026-09-24 16:31,76,0,0.8,97
2026-09-24 16:32,77,9,0.9,97
2026-09-24 16:33,79,10,1.1,96
2026-09-24 16:34,76,5,0.8,96
2026-09-24 16:35,82,1,1.4,96
2026-09-24 16:36,79,2,1.1,96
2026-09-24 16:37,81,0,1.3,96
2026-09-24 16:38,82,2,1.4,96
2026-09-24 16:39,79,0,1.1,94
2026-09-24 16:40,82,9,1.4,96
2026-09-24 16:41,78,5,1.0,96
2026-09-24 16:42,80,7,1.2,96
2026-09-24 16:43,82,17,1.4,97
2026-09-24 16:44,79,3,1.1,95
2026-09-24 16:45,77,0,0.9,95
2026-09-24 16:46,81,0,1.3,97
2026-09-24 16:47,80,0,1.2,95
2026-09-24 16:48,78,0,1.0,96
2026-09-24 16:49,75,2,0.7,96
2026-09-24 16:50,82,9,1.4,96
2026-09-24 16:51,80,2,1.2,96
2026-09-24 16:52,78,0,1.0,97
2026-09-24 16:53,78,7,1.0,97
2026-09-24 16:54,79,1,1.1,95
2026-09-24 16:55,89,31,2.1,96
2026-09-24 16:56,74,0,0.6,97
2026-09-24 16:57,80,2,1.2,96
2026-09-24 16:58,75,4,0.7,95
2026-09-24 16:59,78,0,1.0,96
2026-09-24 17:00,82,0,1.4,97
2026-09-24 17:01,78,0,1.0,95
2026-09-24 17:02,79,1,1.1,96
2026-09-24 17:03,77,0,0.9,96
2026-09-24 17:04,85,23,1.7,96
2026-09-24 17:05,83,1,1.5,96
2026-09-24 17:06,81,0,1.3,97
2026-09-24 17:07,77,0,0.9,97
2026-09-24 17:08,80,8,1.2,97
2026-09-24 17:09,78,1,1.0,95
2026-09-24 17:10,84,5,1.6,97
2026-09-24 17:11,79,2,1.1,97
2026-09-24 17:12,80,0,1.2,97
2026-09-24 17:13,78,2,1.0,96
2026-09-24 17:14,76,2,0.8,97
2026-09-24 17:15,88,25,2.0,96
2026-09-24 17:16,83,18,1.5,95
2026-09-24 17:17,76,0,0.8,97
2026-09-24 17:18,77,3,0.9,96
2026-09-24 17:19,77,1,0.9,95
2026-09-24 17:20,77,2,0.9,96
2026-09-24 17:21,75,0,0.7,96
2026-09-24 17:22,83,8,1.5,96
2026-09-24 17:23,79,1,1.1,96
2026-09-24 17:24,80,0,1.2,96
2026-09-24 17:25,77,0,0.9,97
2026-09-24 17:26,82,10,1.4,96
2026-09-24 17:27,79,3,1.1,97
2026-09-24 17:28,81,2,1.3,97
2026-09-24 17:29,81,4,1.3,96
2026-09-24 17:30,79,2,1.1,97
2026-09-24 17:31,79,9,1.1,97
2026-09-24 17:32,76,3,0.8,96
2026-09-24 17:33,77,1,0.9,97
2026-09-24 17:34,77,1,0.9,97
2026-09-24 17:35,77,0,0.9,97
2026-09-24 17:36,80,14,1.2,95
2026-09-24 17:37,83,4,1.5,96
2026-09-24 17:38,79,2,1.1,96
2026-09-24 17:39,74,2,0.6,96
2026-09-24 17:40,78,7,1.0,96
2026-09-24 17:41,77,7,0.9,96
2026-09-24 17:42,81,9,1.3,97
2026-09-24 17:43,80,0,1.2,96
2026-09-24 17:44,77,2,0.9,96
2026-09-24 17:45,80,3,1.2,97
2026-09-24 17:46,82,15,1.4,97
2026-09-24 17:47,83,8,1.5,97
2026-09-24 17:48,82,5,1.4,97
2026-09-24 17:49,80,5,1.2,96
2026-09-24 17:50,79,0,1.1,96
2026-09-24 17:51,79,5,1.1,95
2026-09-24 17:52,78,3,1.0,95
2026-09-24 17:53,77,6,0.9,97
2026-09-24 17:54,80,6,1.2,96
2026-09-24 17:55,78,0,1.0,97
2026-09-24 17:56,81,13,1.3,97
2026-09-24 17:57,82,14,1.4,95
2026-09-24 17:58,78,2,1.0,96
2026-09-24 17:59,77,3,0.9,98
2026-09-24 18:00,78,3,1.0,96
2026-09-24 18:01,81,3,1.3,96
2026-09-24 18:02,79,4,1.1,96
2026-09-24 18:03,81,0,1.3,96
2026-09-24 18:04,76,2,0.8,96
2026-09-24 18:05,76,3,0.8,96
2026-09-24 18:06,79,2,1.1,97
2026-09-24 18:07,80,3,1.2,96
2026-09-24 18:08,77,0,0.9,96
2026-09-24 18:09,81,5,1.3,96
2026-09-24 18:10,81,5,1.3,96
2026-09-24 18:11,82,6,1.4,96
2026-09-24 18:12,78,0,1.0,96
2026-09-24 18:13,80,6,1.2,96
2026-09-24 18:14,75,0,0.7,96
2026-09-24 18:15,78,0,1.0,96
2026-09-24 18:16,79,2,1.1,97
2026-09-24 18:17,81,2,1.3,95
2026-09-24 18:18,76,1,0.8,96
2026-09-24 18:19,76,0,0.8,97
2026-09-24 18:20,78,7,1.0,96
2026-09-24 18:21,86,19,1.8,97
2026-09-24 18:22,74,5,0.6,97
2026-09-24 18:23,76,0,0.8,95
2026-09-24 18:24,87,15,1.9,96
2026-09-24 18:25,79,0,1.1,96
2026-09-24 18:26,75,0,0.7,96
2026-09-24 18:27,78,1,1.0,97
2026-09-24 18:28,80,0,1.2,97
2026-09-24 18:29,79,0,1.1,96
2026-09-24 18:30,79,4,1.1,95
2026-09-24 18:31,77,2,0.9,96
2026-09-24 18:32,84,16,1.6,96
2026-09-24 18:33,79,3,1.1,95
2026-09-24 18:34,81,5,1.3,96
2026-09-24 18:35,79,1,1.1,94
2026-09-24 18:36,80,11,1.2,96
2026-09-24 18:37,86,18,1.8,97
2026-09-24 18:38,78,4,1.0,94
2026-09-24 18:39,80,3,1.2,96
2026-09-24 18:40,77,0,0.9,95
2026-09-24 18:41,81,11,1.3,96
2026-09-24 18:42,78,2,1.0,95
2026-09-24 18:43,77,0,0.9,97
2026-09-24 18:44,78,0,1.0,96
2026-09-24 18:45,84,11,1.6,96
2026-09-24 18:46,82,0,1.4,95
2026-09-24 18:47,84,9,1.6,96
2026-09-24 18:48,78,0,1.0,97
2026-09-24 18:49,83,6,1.5,95
2026-09-24 18:50,79,2,1.1,96
2026-09-24 18:51,83,3,1.5,96
2026-09-24 18:52,76,1,0.8,95
2026-09-24 18:53,81,1,1.3,97
2026-09-24 18:54,77,1,0.9,96
2026-09-24 18:55,81,3,1.3,98
2026-09-24 18:56,80,11,1.2,97
2026-09-24 18:57,82,6,1.4,96
2026-09-24 18:58,78,3,1.0,96
2026-09-24 18:59,75,1,0.7,95
2026-09-24 19:00,80,14,1.2,95
2026-09-24 19:01,78,2,1.0,97
2026-09-24 19:02,78,0,1.0,96
2026-09-24 19:03,74,3,0.6,96
2026-09-24 19:04,77,4,0.9,96
2026-09-24 19:05,77,0,0.9,97
2026-09-24 19:06,78,0,1.0,97
2026-09-24 19:07,78,0,1.0,96
2026-09-24 19:08,78,5,1.0,96
2026-09-24 19:09,81,21,1.3,96
2026-09-24 19:10,79,2,1.1,98
2026-09-24 19:11,80,10,1.2,95
2026-09-24 19:12,81,3,1.3,95
2026-09-24 19:13,77,0,0.9,96
2026-09-24 19:14,80,3,1.2,96
2026-09-24 19:15,77,4,0.9,97
2026-09-24 19:16,81,7,1.3,97
2026-09-24 19:17,79,4,1.1,97
2026-09-24 19:18,83,12,1.5,96
2026-09-24 19:19,76,0,0.8,97
2026-09-24 19:20,78,1,1.0,96
2026-09-24 19:21,78,7,1.0,97
2026-09-24 19:22,78,0,1.0,96
2026-09-24 19:23,79,0,1.1,97
2026-09-24 19:24,85,2,1.7,96
2026-09-24 19:25,80,7,1.2,96
2026-09-24 19:26,80,2,1.2,96
2026-09-24 19:27,79,2,1.1,96
2026-09-24 19:28,83,10,1.5,96
2026-09-24 19:29,79,1,1.1,95
2026-09-24 19:30,82,7,1.4,97
2026-09-24 19:31,81,8,1.3,96
2026-09-24 19:32,83,0,1.5,97
2026-09-24 19:33,82,3,1.4,95
2026-09-24 19:34,79,14,1.1,95
2026-09-24 19:35,83,16,1.5,96
2026-09-24 19:36,79,3,1.1,96
2026-09-24 19:37,74,2,0.6,97
2026-09-24 19:38,77,3,0.9,97
2026-09-24 19:39,77,0,0.9,97
2026-09-24 19:40,77,3,0.9,97
2026-09-24 19:41,80,5,1.2,97
2026-09-24 19:42,80,19,1.2,96
2026-09-24 19:43,80,0,1.2,96
2026-09-24 19:44,81,4,1.3,97
2026-09-24 19:45,81,7,1.3,96
2026-09-24 19:46,85,26,1.7,96
2026-09-24 19:47,79,3,1.1,97
2026-09-24 19:48,79,5,1.1,96
2026-09-24 19:49,80,0,1.2,97
2026-09-24 19:50,83,14,1.5,96
2026-09-24 19:51,82,1,1.4,97
2026-09-24 19:52,80,10,1.2,96
2026-09-24 19:53,81,0,1.3,96
2026-09-24 19:54,77,1,0.9,96
2026-09-24 19:55,78,0,1.0,95
2026-09-24 19:56,76,0,0.8,95
2026-09-24 19:57,80,4,1.2,97
2026-09-24 19:58,80,6,1.2,95
2026-09-24 19:59,80,1,1.2,97
2026-09-24 20:00,84,9,1.6,96
2026-09-24 20:01,79,3,1.1,96
2026-09-24 20:02,79,2,1.1,96
2026-09-24 20:03,81,5,1.3,96
2026-09-24 20:04,82,14,1.4,97
2026-09-24 20:05,79,6,1.1,97
2026-09-24 20:06,79,0,1.1,96
2026-09-24 20:07,79,1,1.1,95
2026-09-24 20:08,81,5,1.3,95
2026-09-24 20:09,80,0,1.2,97
2026-09-24 20:10,79,7,1.1,95
2026-09-24 20:11,79,0,1.1,95
2026-09-24 20:12,81,2,1.3,97
2026-09-24 20:13,77,0,0.9,95
2026-09-24 20:14,80,4,1.2,97
2026-09-24 20:15,78,3,1.0,97
2026-09-24 20:16,80,6,1.2,96
2026-09-24 20:17,81,0,1.3,97
2026-09-24 20:18,78,0,1.0,95
2026-09-24 20:19,76,0,0.8,95
2026-09-24 20:20,83,13,1.5,96
2026-09-24 20:21,78,0,1.0,96
2026-09-24 20:22,82,6,1.4,96
2026-09-24 20:23,79,11,1.1,96
2026-09-24 20:24,79,10,1.1,96
2026-09-24 20:25,78,1,1.0,95
2026-09-24 20:26,75,0,0.7,96
2026-09-24 20:27,80,0,1.2,96
2026-09-24 20:28,75,4,0.7,97
2026-09-24 20:29,78,5,1.0,98
2026-09-24 20:30,77,6,0.9,96
2026-09-24 20:31,77,1,0.9,97
2026-09-24 20:32,81,5,1.3,96
2026-09-24 20:33,79,0,1.1,97
2026-09-24 20:34,81,3,1.3,96
2026-09-24 20:35,80,1,1.2,96
2026-09-24 20:36,74,0,0.6,97
2026-09-24 20:37,79,2,1.1,95
2026-09-24 20:38,76,7,0.8,97
2026-09-24 20:39,78,4,1.0,96
2026-09-24 20:40,77,0,0.9,97
2026-09-24 20:41,78,2,1.0,95
2026-09-24 20:42,81,7,1.3,96
2026-09-24 20:43,78,5,1.0,98
2026-09-24 20:44,81,0,1.3,96
2026-09-24 20:45,79,0,1.1,96
2026-09-24 20:46,81,3,1.3,97
2026-09-24 20:47,80,2,1.2,98
2026-09-24 20:48,80,1,1.2,96
2026-09-24 20:49,78,0,1.0,96
2026-09-24 20:50,82,0,1.4,96
2026-09-24 20:51,77,3,0.9,96
2026-09-24 20:52,79,0,1.1,96
2026-09-24 20:53,80,6,1.2,96
2026-09-24 20:54,78,3,1.0,96
2026-09-24 20:55,80,3,1.2,96
2026-09-24 20:56,79,7,1.1,96
2026-09-24 20:57,80,0,1.2,96
2026-09-24 20:58,83,11,1.5,95
2026-09-24 20:59,79,1,1.1,97
2026-09-24 21:00,79,0,1.1,96
2026-09-24 21:01,76,0,0.8,96
2026-09-24 21:02,76,7,0.8,96
2026-09-24 21:03,77,2,0.9,96
2026-09-24 21:04,80,8,1.2,96
2026-09-24 21:05,83,0,1.5,96
2026-09-24 21:06,78,3,1.0,97
2026-09-24 21:07,80,0,1.2,97
2026-09-24 21:08,80,1,1.2,96
2026-09-24 21:09,84,7,1.6,96
2026-09-24 21:10,78,0,1.0,95
2026-09-24 21:11,85,19,1.7,96
2026-09-24 21:12,79,5,1.1,96
2026-09-24 21:13,77,1,0.9,97
2026-09-24 21:14,77,3,0.9,96
2026-09-24 21:15,76,0,0.8,96
2026-09-24 21:16,82,3,1.4,96
2026-09-24 21:17,81,8,1.3,96
2026-09-24 21:18,86,29,1.8,95
2026-09-24 21:19,84,19,1.6,96
2026-09-24 21:20,79,6,1.1,96
2026-09-24 21:21,78,1,1.0,95
2026-09-24 21:22,78,0,1.0,96
2026-09-24 21:23,82,8,1.4,96
2026-09-24 21:24,81,3,1.3,97
2026-09-24 21:25,77,9,0.9,96
2026-09-24 21:26,78,0,1.0,96
2026-09-24 21:27,81,0,1.3,97
2026-09-24 21:28,77,4,0.9,96
2026-09-24 21:29,79,4,1.1,97
2026-09-24 21:30,80,5,1.2,96
2026-09-24 21:31,83,9,1.5,96
2026-09-24 21:32,80,4,1.2,95
2026-09-24 21:33,78,1,1.0,96
2026-09-24 21:34,81,7,1.3,95
2026-09-24 21:35,81,3,1.3,96
2026-09-24 21:36,80,3,1.2,95
2026-09-24 21:37,82,0,1.4,96
2026-09-24 21:38,80,5,1.2,96
2026-09-24 21:39,76,0,0.8,96
2026-09-24 21:40,79,8,1.1,95
2026-09-24 21:41,78,0,1.0,96
2026-09-24 21:42,78,1,1.0,98
2026-09-24 21:43,80,3,1.2,97
2026-09-24 21:44,82,12,1.4,96
2026-09-24 21:45,82,2,1.4,94
2026-09-24 21:46,85,19,1.7,95
2026-09-24 21:47,82,2,1.4,96
2026-09-24 21:48,77,1,0.9,96
2026-09-24 21:49,80,10,1.2,96
2026-09-24 21:50,80,2,1.2,97
2026-09-24 21:51,79,1,1.1,96
2026-09-24 21:52,79,0,1.1,97
2026-09-24 21:53,82,11,1.4,95
2026-09-24 21:54,77,0,0.9,98
2026-09-24 21:55,87,19,1.9,96
2026-09-24 21:56,80,0,1.2,96
2026-09-24 21:57,75,0,0.7,97
2026-09-24 21:58,79,7,1.1,97
2026-09-24 21:59,78,1,1.0,97
2026-09-24 22:00,80,1,1.2,96
2026-09-24 22:01,78,1,1.0,96
2026-09-24 22:02,75,0,0.7,97
2026-09-24 22:03,82,7,1.4,95
2026-09-24 22:04,79,4,1.1,96
2026-09-24 22:05,82,5,1.4,96
2026-09-24 22:06,79,0,1.1,96
2026-09-24 22:07,80,0,1.2,96
2026-09-24 22:08,80,1,1.2,95
2026-09-24 22:09,80,0,1.2,96
2026-09-24 22:10,77,1,0.9,96
2026-09-24 22:11,82,7,1.4,97
2026-09-24 22:12,80,6,1.2,96
2026-09-24 22:13,76,0,0.8,96
2026-09-24 22:14,88,36,2.0,95
2026-09-24 22:15,77,0,0.9,96
2026-09-24 22:16,79,0,1.1,96
2026-09-24 22:17,82,7,1.4,97
2026-09-24 22:18,78,6,1.0,98
2026-09-24 22:19,80,3,1.2,97
2026-09-24 22:20,79,4,1.1,95
2026-09-24 22:21,77,4,0.9,95
2026-09-24 22:22,80,2,1.2,96
2026-09-24 22:23,80,10,1.2,95
2026-09-24 22:24,76,0,0.8,97
2026-09-24 22:25,80,2,1.2,96
2026-09-24 22:26,80,0,1.2,96
2026-09-24 22:27,78,3,1.0,96
2026-09-24 22:28,80,1,1.2,97
2026-09-24 22:29,82,7,1.4,95
2026-09-24 22:30,70,0,0.2,96
2026-09-24 22:31,75,0,0.7,95
2026-09-24 22:32,71,0,0.3,96
2026-09-24 22:33,71,0,0.3,96
2026-09-24 22:34,68,0,0.0,96
2026-09-24 22:35,72,0,0.4,96
2026-09-24 22:36,70,0,0.2,97
2026-09-24 22:37,72,0,0.4,97
2026-09-24 22:38,68,0,0.0,96
2026-09-24 22:39,73,0,0.5,95
2026-09-24 22:40,74,0,0.6,96
2026-09-24 22:41,75,0,0.7,96
2026-09-24 22:42,68,0,0.0,96
2026-09-24 22:43,72,0,0.4,96
2026-09-24 22:44,72,0,0.4,97
2026-09-24 22:45,68,0,0.0,97
2026-09-24 22:46,70,0,0.2,96
2026-09-24 22:47,71,0,0.3,96
2026-09-24 22:48,74,0,0.6,96
2026-09-24 22:49,69,0,0.1,96
2026-09-24 22:50,71,0,0.3,96
2026-09-24 22:51,71,0,0.3,95
2026-09-24 22:52,72,0,0.4,96
2026-09-24 22:53,70,0,0.2,95
2026-09-24 22:54,73,0,0.5,96
2026-09-24 22:55,73,0,0.5,97
2026-09-24 22:56,68,0,0.0,95
2026-09-24 22:57,73,0,0.5,96
2026-09-24 22:58,70,0,0.2,96
2026-09-24 22:59,71,0,0.3,96
2026-09-24 23:00,73,0,0.5,97
2026-09-24 23:01,71,0,0.3,97
2026-09-24 23:02,72,0,0.4,96
2026-09-24 23:03,73,0,0.5,96
2026-09-24 23:04,72,0,0.4,96
2026-09-24 23:05,70,0,0.2,96
2026-09-24 23:06,69,0,0.1,96
2026-09-24 23:07,72,0,0.4,95
2026-09-24 23:08,73,0,0.5,96
2026-09-24 23:09,72,0,0.4,96
2026-09-24 23:10,71,0,0.3,95
2026-09-24 23:11,73,0,0.5,97
2026-09-24 23:12,71,0,0.3,97
2026-09-24 23:13,68,0,0.0,96
2026-09-24 23:14,72,0,0.4,95
2026-09-24 23:15,72,0,0.4,96
2026-09-24 23:16,73,0,0.5,96
2026-09-24 23:17,69,0,0.1,96
2026-09-24 23:18,70,0,0.2,95
2026-09-24 23:19,72,0,0.4,96
2026-09-24 23:20,70,0,0.2,96
2026-09-24 23:21,71,0,0.3,96
2026-09-24 23:22,73,0,0.5,95
2026-09-24 23:23,72,0,0.4,96
2026-09-24 23:24,75,0,0.7,95
2026-09-24 23:25,72,0,0.4,95
2026-09-24 23:26,75,0,0.7,96
2026-09-24 23:27,73,0,0.5,96
2026-09-24 23:28,76,0,0.8,97
2026-09-24 23:29,71,0,0.3,97
2026-09-24 23:30,71,0,0.3,96
2026-09-24 23:31,74,0,0.6,96
2026-09-24 23:32,70,0,0.2,97
2026-09-24 23:33,70,0,0.2,97
2026-09-24 23:34,72,0,0.4,96
2026-09-24 23:35,72,0,0.4,96
2026-09-24 23:36,68,0,0.0,97
2026-09-24 23:37,72,0,0.4,97
2026-09-24 23:38,71,0,0.3,96
2026-09-24 23:39,71,0,0.3,97
2026-09-24 23:40,72,0,0.4,96
2026-09-24 23:41,71,0,0.3,97
2026-09-24 23:42,73,0,0.5,96
2026-09-24 23:43,72,0,0.4,96
2026-09-24 23:44,71,0,0.3,96
2026-09-24 23:45,71,0,0.3,96
2026-09-24 23:46,73,0,0.5,97
2026-09-24 23:47,73,0,0.5,95
2026-09-24 23:48,74,0,0.6,96
2026-09-24 23:49,71,0,0.3,96
2026-09-24 23:50,71,0,0.3,96
2026-09-24 23:51,75,0,0.7,98
2026-09-24 23:52,71,0,0.3,95
2026-09-24 23:53,75,0,0.7,98
2026-09-24 23:54,73,0,0.5,96
2026-09-24 23:55,70,0,0.2,97
2026-09-24 23:56,68,0,0.0,97
2026-09-24 23:57,72,0,0.4,96
2026-09-24 23:58,70,0,0.2,95
2026-09-24 23:59,70,0,0.2,96
2026-09-25 00:00,71,0,0.4,97
2026-09-25 00:01,69,0,0.2,98
2026-09-25 00:02,71,0,0.4,97
2026-09-25 00:03,69,0,0.2,96
2026-09-25 00:04,69,0,0.2,96
2026-09-25 00:05,72,0,0.5,97
2026-09-25 00:06,69,0,0.2,98
2026-09-25 00:07,71,0,0.4,97
2026-09-25 00:08,71,0,0.4,97
2026-09-25 00:09,70,0,0.3,97
2026-09-25 00:10,67,0,0.0,96
2026-09-25 00:11,67,0,0.0,97
2026-09-25 00:12,68,0,0.1,96
2026-09-25 00:13,67,0,0.0,97
2026-09-25 00:14,72,0,0.5,97
2026-09-25 00:15,68,0,0.1,97
2026-09-25 00:16,68,0,0.1,96
2026-09-25 00:17,69,0,0.2,97
2026-09-25 00:18,70,0,0.3,96
2026-09-25 00:19,67,0,0.0,97
2026-09-25 00:20,71,0,0.4,96
2026-09-25 00:21,71,0,0.4,97
2026-09-25 00:22,69,0,0.2,97
2026-09-25 00:23,72,0,0.5,98
2026-09-25 00:24,67,0,0.0,96
2026-09-25 00:25,69,0,0.2,96
2026-09-25 00:26,70,0,0.3,96
2026-09-25 00:27,70,0,0.3,98
2026-09-25 00:28,72,0,0.5,96
2026-09-25 00:29,69,0,0.2,98
2026-09-25 00:30,68,0,0.1,96
2026-09-25 00:31,70,0,0.3,97
2026-09-25 00:32,70,0,0.3,96
2026-09-25 00:33,71,0,0.4,97
2026-09-25 00:34,69,0,0.2,97
2026-09-25 00:35,70,0,0.3,97
2026-09-25 00:36,69,0,0.2,97
2026-09-25 00:37,71,0,0.4,97
2026-09-25 00:38,69,0,0.2,98
2026-09-25 00:39,69,0,0.2,97
2026-09-25 00:40,72,0,0.5,96
2026-09-25 00:41,68,0,0.1,95
2026-09-25 00:42,70,0,0.3,97
2026-09-25 00:43,71,0,0.4,95
2026-09-25 00:44,69,0,0.2,97
2026-09-25 00:45,72,0,0.5,97
2026-09-25 00:46,69,0,0.2,96
2026-09-25 00:47,72,0,0.5,97
2026-09-25 00:48,67,0,0.0,96
2026-09-25 00:49,67,0,0.0,98
2026-09-25 00:50,70,0,0.3,96
2026-09-25 00:51,73,0,0.6,96
2026-09-25 00:52,73,0,0.6,96
2026-09-25 00:53,68,0,0.1,97
2026-09-25 00:54,70,0,0.3,96
2026-09-25 00:55,69,0,0.2,98
2026-09-25 00:56,67,0,0.0,96
2026-09-25 00:57,71,0,0.4,98
2026-09-25 00:58,69,0,0.2,97
2026-09-25 00:59,73,0,0.6,96
2026-09-25 01:00,71,0,0.4,96
2026-09-25 01:01,69,0,0.2,96
2026-09-25 01:02,69,0,0.2,97
2026-09-25 01:03,70,0,0.3,98
2026-09-25 01:04,71,0,0.4,97
2026-09-25 01:05,69,0,0.2,96
2026-09-25 01:06,76,0,0.9,97
2026-09-25 01:07,70,0,0.3,96
2026-09-25 01:08,68,0,0.1,95
2026-09-25 01:09,70,0,0.3,97
2026-09-25 01:10,72,0,0.5,96
2026-09-25 01:11,71,0,0.4,96
2026-09-25 01:12,69,0,0.2,97
2026-09-25 01:13,69,0,0.2,96
2026-09-25 01:14,68,0,0.1,97
2026-09-25 01:15,68,0,0.1,98
2026-09-25 01:16,69,0,0.2,97
2026-09-25 01:17,71,0,0.4,98
2026-09-25 01:18,69,0,0.2,97
2026-09-25 01:19,73,0,0.6,97
2026-09-25 01:20,71,0,0.4,98
2026-09-25 01:21,69,0,0.2,96
2026-09-25 01:22,70,0,0.3,97
2026-09-25 01:23,73,0,0.6,97
2026-09-25 01:24,67,0,0.0,97
2026-09-25 01:25,70,0,0.3,97
2026-09-25 01:26,75,0,0.8,97
2026-09-25 01:27,72,0,0.5,97
2026-09-25 01:28,68,0,0.1,96
2026-09-25 01:29,70,0,0.3,97
2026-09-25 01:30,70,0,0.3,96
2026-09-25 01:31,75,0,0.8,97
2026-09-25 01:32,69,0,0.2,97
2026-09-25 01:33,69,0,0.2,97
2026-09-25 01:34,69,0,0.2,96
2026-09-25 01:35,67,0,0.0,97
2026-09-25 01:36,67,0,0.0,97
2026-09-25 01:37,70,0,0.3,96
2026-09-25 01:38,71,0,0.4,96
2026-09-25 01:39,69,0,0.2,97
2026-09-25 01:40,71,0,0.4,97
2026-09-25 01:41,71,0,0.4,96
2026-09-25 01:42,71,0,0.4,95
2026-09-25 01:43,67,0,0.0,96
2026-09-25 01:44,73,0,0.6,95
2026-09-25 01:45,72,0,0.5,97
2026-09-25 01:46,72,0,0.5,97
2026-09-25 01:47,70,0,0.3,98
2026-09-25 01:48,70,0,0.3,96
2026-09-25 01:49,69,0,0.2,97
2026-09-25 01:50,71,0,0.4,96
2026-09-25 01:51,72,0,0.5,96
2026-09-25 01:52,69,0,0.2,97
2026-09-25 01:53,72,0,0.5,96
2026-09-25 01:54,69,0,0.2,98
2026-09-25 01:55,71,0,0.4,97
2026-09-25 01:56,70,0,0.3,96
2026-09-25 01:57,72,0,0.5,98
2026-09-25 01:58,74,0,0.7,96
2026-09-25 01:59,70,0,0.3,96
2026-09-25 02:00,69,0,0.2,97
2026-09-25 02:01,69,0,0.2,96
2026-09-25 02:02,71,0,0.4,97
2026-09-25 02:03,69,0,0.2,97
2026-09-25 02:04,72,0,0.5,96
2026-09-25 02:05,71,0,0.4,96
2026-09-25 02:06,72,0,0.5,96
2026-09-25 02:07,69,0,0.2,96
2026-09-25 02:08,68,0,0.1,96
2026-09-25 02:09,69,0,0.2,96
2026-09-25 02:10,71,0,0.4,96
2026-09-25 02:11,68,0,0.1,97
2026-09-25 02:12,71,0,0.4,97
2026-09-25 02:13,67,0,0.0,97
2026-09-25 02:14,69,0,0.2,97
2026-09-25 02:15,70,0,0.3,96
2026-09-25 02:16,67,0,0.0,96
2026-09-25 02:17,69,0,0.2,97
2026-09-25 02:18,67,0,0.0,97
2026-09-25 02:19,70,0,0.3,97
2026-09-25 02:20,70,0,0.3,97
2026-09-25 02:21,71,0,0.4,96
2026-09-25 02:22,68,0,0.1,96
2026-09-25 02:23,67,0,0.0,97
2026-09-25 02:24,69,0,0.2,96
2026-09-25 02:25,70,0,0.3,96
2026-09-25 02:26,70,0,0.3,97
2026-09-25 02:27,70,0,0.3,97
2026-09-25 02:28,72,0,0.5,97
2026-09-25 02:29,69,0,0.2,96
2026-09-25 02:30,70,0,0.3,98
2026-09-25 02:31,68,0,0.1,97
2026-09-25 02:32,69,0,0.2,97
2026-09-25 02:33,72,0,0.5,96
2026-09-25 02:34,71,0,0.4,96
2026-09-25 02:35,67,0,0.0,98
2026-09-25 02:36,72,0,0.5,97
2026-09-25 02:37,67,0,0.0,97
2026-09-25 02:38,69,0,0.2,98
2026-09-25 02:39,72,0,0.5,97
2026-09-25 02:40,70,0,0.3,97
2026-09-25 02:41,71,0,0.4,98
2026-09-25 02:42,72,0,0.5,96
2026-09-25 02:43,71,0,0.4,97
2026-09-25 02:44,68,0,0.1,96
2026-09-25 02:45,71,0,0.4,98
2026-09-25 02:46,69,0,0.2,98
2026-09-25 02:47,67,0,0.0,96
2026-09-25 02:48,69,0,0.2,97
2026-09-25 02:49,71,0,0.4,97
2026-09-25 02:50,70,0,0.3,97
2026-09-25 02:51,70,0,0.3,97
2026-09-25 02:52,73,0,0.6,97
2026-09-25 02:53,71,0,0.4,98
2026-09-25 02:54,72,0,0.5,97
2026-09-25 02:55,71,0,0.4,96
2026-09-25 02:56,73,0,0.6,97
2026-09-25 02:57,69,0,0.2,97
2026-09-25 02:58,72,0,0.5,96
2026-09-25 02:59,74,0,0.7,97
2026-09-25 03:00,69,0,0.2,97
2026-09-25 03:01,72,0,0.5,97
2026-09-25 03:02,67,0,0.0,97
2026-09-25 03:03,71,0,0.4,97
2026-09-25 03:04,71,0,0.4,96
2026-09-25 03:05,68,0,0.1,96
2026-09-25 03:06,67,0,0.0,96
2026-09-25 03:07,70,0,0.3,97
2026-09-25 03:08,69,0,0.2,97
2026-09-25 03:09,70,0,0.3,97
2026-09-25 03:10,71,0,0.4,97
2026-09-25 03:11,72,0,0.5,96
2026-09-25 03:12,73,0,0.6,97
2026-09-25 03:13,71,0,0.4,97
2026-09-25 03:14,67,0,0.0,96
2026-09-25 03:15,71,0,0.4,98
2026-09-25 03:16,71,0,0.4,96
2026-09-25 03:17,70,0,0.3,96
2026-09-25 03:18,73,0,0.6,96
2026-09-25 03:19,71,0,0.4,96
2026-09-25 03:20,69,0,0.2,97
2026-09-25 03:21,71,0,0.4,97
2026-09-25 03:22,67,0,0.0,96
2026-09-25 03:23,72,0,0.5,97
2026-09-25 03:24,70,0,0.3,97
2026-09-25 03:25,73,0,0.6,97
2026-09-25 03:26,71,0,0.4,97
2026-09-25 03:27,71,0,0.4,97
2026-09-25 03:28,70,0,0.3,96
2026-09-25 03:29,68,0,0.1,97
2026-09-25 03:30,70,0,0.3,97
2026-09-25 03:31,71,0,0.4,97
2026-09-25 03:32,72,0,0.5,97
2026-09-25 03:33,71,0,0.4,97
2026-09-25 03:34,71,0,0.4,97
2026-09-25 03:35,71,0,0.4,97
2026-09-25 03:36,69,0,0.2,97
2026-09-25 03:37,71,0,0.4,95
2026-09-25 03:38,70,0,0.3,96
2026-09-25 03:39,68,0,0.1,96
2026-09-25 03:40,67,0,0.0,96
2026-09-25 03:41,72,0,0.5,96
2026-09-25 03:42,73,0,0.6,97
2026-09-25 03:43,73,0,0.6,96
2026-09-25 03:44,68,0,0.1,98
2026-09-25 03:45,73,0,0.6,96
2026-09-25 03:46,73,0,0.6,96
2026-09-25 03:47,69,0,0.2,96
2026-09-25 03:48,71,0,0.4,96
2026-09-25 03:49,73,0,0.6,97
2026-09-25 03:50,70,0,0.3,96
2026-09-25 03:51,72,0,0.5,96
2026-09-25 03:52,69,0,0.2,96
2026-09-25 03:53,69,0,0.2,97
2026-09-25 03:54,72,0,0.5,96
2026-09-25 03:55,70,0,0.3,96
2026-09-25 03:56,70,0,0.3,96
2026-09-25 03:57,70,0,0.3,97
2026-09-25 03:58,68,0,0.1,98
2026-09-25 03:59,73,0,0.6,98
2026-09-25 04:00,70,0,0.3,96
2026-09-25 04:01,69,0,0.2,96
2026-09-25 04:02,69,0,0.2,95
2026-09-25 04:03,70,0,0.3,95
2026-09-25 04:04,68,0,0.1,95
2026-09-25 04:05,72,0,0.5,97
2026-09-25 04:06,69,0,0.2,97
2026-09-25 04:07,72,0,0.5,96
2026-09-25 04:08,68,0,0.1,96
2026-09-25 04:09,68,0,0.1,96
2026-09-25 04:10,68,0,0.1,96
2026-09-25 04:11,71,0,0.4,98
2026-09-25 04:12,67,0,0.0,95
2026-09-25 04:13,72,0,0.5,96
2026-09-25 04:14,69,0,0.2,97
2026-09-25 04:15,72,0,0.5,97
2026-09-25 04:16,69,0,0.2,95
2026-09-25 04:17,72,0,0.5,97
2026-09-25 04:18,68,0,0.1,96
2026-09-25 04:19,68,0,0.1,96
2026-09-25 04:20,71,0,0.4,96
2026-09-25 04:21,69,0,0.2,97
2026-09-25 04:22,72,0,0.5,99
2026-09-25 04:23,69,0,0.2,97
2026-09-25 04:24,71,0,0.4,96
2026-09-25 04:25,68,0,0.1,95
2026-09-25 04:26,67,0,0.0,97
2026-09-25 04:27,73,0,0.6,97
2026-09-25 04:28,70,0,0.3,96
2026-09-25 04:29,72,0,0.5,97
2026-09-25 04:30,70,0,0.3,95
2026-09-25 04:31,67,0,0.0,96
2026-09-25 04:32,71,0,0.4,97
2026-09-25 04:33,72,0,0.5,96
2026-09-25 04:34,73,0,0.6,97
2026-09-25 04:35,73,0,0.6,98
2026-09-25 04:36,71,0,0.4,97
2026-09-25 04:37,70,0,0.3,97
2026-09-25 04:38,70,0,0.3,98
2026-09-25 04:39,68,0,0.1,97
2026-09-25 04:40,72,0,0.5,98
2026-09-25 04:41,71,0,0.4,98
2026-09-25 04:42,71,0,0.4,96
2026-09-25 04:43,69,0,0.2,98
2026-09-25 04:44,71,0,0.4,97
2026-09-25 04:45,69,0,0.2,97
2026-09-25 04:46,73,0,0.6,97
2026-09-25 04:47,69,0,0.2,97
2026-09-25 04:48,69,0,0.2,97
2026-09-25 04:49,69,0,0.2,96
2026-09-25 04:50,68,0,0.1,96
2026-09-25 04:51,68,0,0.1,96
2026-09-25 04:52,69,0,0.2,97
2026-09-25 04:53,67,0,0.0,97
2026-09-25 04:54,74,0,0.7,97
2026-09-25 04:55,71,0,0.4,97
2026-09-25 04:56,71,0,0.4,98
2026-09-25 04:57,68,0,0.1,95
2026-09-25 04:58,70,0,0.3,96
2026-09-25 04:59,70,0,0.3,97
2026-09-25 05:00,70,0,0.3,96
2026-09-25 05:01,67,0,0.0,97
2026-09-25 05:02,70,0,0.3,98
2026-09-25 05:03,67,0,0.0,97
2026-09-25 05:04,70,0,0.3,96
2026-09-25 05:05,68,0,0.1,97
2026-09-25 05:06,69,0,0.2,96
2026-09-25 05:07,69,0,0.2,97
2026-09-25 05:08,72,0,0.5,97
2026-09-25 05:09,72,0,0.5,97
2026-09-25 05:10,70,0,0.3,97
2026-09-25 05:11,68,0,0.1,97
2026-09-25 05:12,73,0,0.6,98
2026-09-25 05:13,67,0,0.0,97
2026-09-25 05:14,69,0,0.2,97
2026-09-25 05:15,70,0,0.3,97
2026-09-25 05:16,69,0,0.2,97
2026-09-25 05:17,73,0,0.6,97
2026-09-25 05:18,71,0,0.4,97
2026-09-25 05:19,72,0,0.5,97
2026-09-25 05:20,69,0,0.2,97
2026-09-25 05:21,72,0,0.5,97
2026-09-25 05:22,70,0,0.3,96
2026-09-25 05:23,70,0,0.3,96
2026-09-25 05:24,71,0,0.4,97
2026-09-25 05:25,71,0,0.4,97
2026-09-25 05:26,71,0,0.4,96
2026-09-25 05:27,70,0,0.3,96
2026-09-25 05:28,67,0,0.0,96
2026-09-25 05:29,69,0,0.2,96
2026-09-25 05:30,67,0,0.0,97
2026-09-25 05:31,69,0,0.2,96
2026-09-25 05:32,68,0,0.1,96
2026-09-25 05:33,72,0,0.5,98
2026-09-25 05:34,67,0,0.0,97
2026-09-25 05:35,74,0,0.7,96
2026-09-25 05:36,69,0,0.2,97
2026-09-25 05:37,67,0,0.0,96
2026-09-25 05:38,71,0,0.4,96
2026-09-25 05:39,71,0,0.4,97
2026-09-25 05:40,71,0,0.4,96
2026-09-25 05:41,74,0,0.7,97
2026-09-25 05:42,68,0,0.1,97
2026-09-25 05:43,71,0,0.4,97
2026-09-25 05:44,70,0,0.3,96
2026-09-25 05:45,69,0,0.2,96
2026-09-25 05:46,71,0,0.4,97
2026-09-25 05:47,72,0,0.5,98
2026-09-25 05:48,68,0,0.1,96
2026-09-25 05:49,71,0,0.4,97
2026-09-25 05:50,72,0,0.5,97
2026-09-25 05:51,71,0,0.4,98
2026-09-25 05:52,67,0,0.0,96
2026-09-25 05:53,71,0,0.4,97
2026-09-25 05:54,69,0,0.2,96
2026-09-25 05:55,72,0,0.5,97
2026-09-25 05:56,70,0,0.3,96
2026-09-25 05:57,74,0,0.7,95
2026-09-25 05:58,68,0,0.1,97
2026-09-25 05:59,71,0,0.4,97
2026-09-25 06:00,68,0,0.1,97
2026-09-25 06:01,74,0,0.7,96
2026-09-25 06:02,73,0,0.6,96
2026-09-25 06:03,68,0,0.1,97
2026-09-25 06:04,71,0,0.4,96
2026-09-25 06:05,70,0,0.3,97
2026-09-25 06:06,67,0,0.0,98
2026-09-25 06:07,68,0,0.1,97
2026-09-25 06:08,70,0,0.3,97
2026-09-25 06:09,71,0,0.4,96
2026-09-25 06:10,69,0,0.2,95
2026-09-25 06:11,71,0,0.4,97
2026-09-25 06:12,71,0,0.4,97
2026-09-25 06:13,71,0,0.4,97
2026-09-25 06:14,68,0,0.1,97
2026-09-25 06:15,70,0,0.3,98
2026-09-25 06:16,71,0,0.4,96
2026-09-25 06:17,67,0,0.0,97
2026-09-25 06:18,73,0,0.6,96
2026-09-25 06:19,73,0,0.6,96
2026-09-25 06:20,70,0,0.3,97
2026-09-25 06:21,74,0,0.7,96
2026-09-25 06:22,68,0,0.1,96
2026-09-25 06:23,68,0,0.1,97
2026-09-25 06:24,69,0,0.2,97
2026-09-25 06:25,69,0,0.2,96
2026-09-25 06:26,74,0,0.7,97
2026-09-25 06:27,70,0,0.3,96
2026-09-25 06:28,70,0,0.3,97
2026-09-25 06:29,71,0,0.4,97
2026-09-25 06:30,80,0,1.3,95
2026-09-25 06:31,79,7,1.2,96
2026-09-25 06:32,76,0,0.9,97
2026-09-25 06:33,78,1,1.1,96
2026-09-25 06:34,88,27,2.1,96
2026-09-25 06:35,84,23,1.7,96
2026-09-25 06:36,80,1,1.3,97
2026-09-25 06:37,79,4,1.2,97
2026-09-25 06:38,77,0,1.0,97
2026-09-25 06:39,79,3,1.2,98
2026-09-25 06:40,82,5,1.5,96
2026-09-25 06:41,77,0,1.0,96
2026-09-25 06:42,82,9,1.5,97
2026-09-25 06:43,78,1,1.1,97
2026-09-25 06:44,78,2,1.1,98
2026-09-25 06:45,77,1,1.0,98
2026-09-25 06:46,83,14,1.6,96
2026-09-25 06:47,81,9,1.4,97
2026-09-25 06:48,78,0,1.1,97
2026-09-25 06:49,82,13,1.5,97
2026-09-25 06:50,75,0,0.8,97
2026-09-25 06:51,79,12,1.2,96
2026-09-25 06:52,75,1,0.8,97
2026-09-25 06:53,84,25,1.7,95
2026-09-25 06:54,81,14,1.4,97
2026-09-25 06:55,77,3,1.0,97
2026-09-25 06:56,80,6,1.3,98
2026-09-25 06:57,77,5,1.0,96
2026-09-25 06:58,78,6,1.1,97
2026-09-25 06:59,79,0,1.2,97
2026-09-25 07:00,83,8,1.6,96
2026-09-25 07:01,77,1,1.0,97
2026-09-25 07:02,80,2,1.3,96
2026-09-25 07:03,82,7,1.5,96
2026-09-25 07:04,77,8,1.0,96
2026-09-25 07:05,79,6,1.2,97
2026-09-25 07:06,75,0,0.8,96
2026-09-25 07:07,77,2,1.0,95
2026-09-25 07:08,78,2,1.1,97
2026-09-25 07:09,77,8,1.0,96
2026-09-25 07:10,81,9,1.4,97
2026-09-25 07:11,77,1,1.0,97
2026-09-25 07:12,77,1,1.0,96
2026-09-25 07:13,80,6,1.3,96
2026-09-25 07:14,75,0,0.8,96
2026-09-25 07:15,74,2,0.7,96
2026-09-25 07:16,78,4,1.1,96
2026-09-25 07:17,79,10,1.2,96
2026-09-25 07:18,81,13,1.4,98
2026-09-25 07:19,77,6,1.0,95
2026-09-25 07:20,98,96,3.1,96
2026-09-25 07:21,107,94,4.0,97
2026-09-25 07:22,110,108,4.3,97
2026-09-25 07:23,120,96,5.3,98
2026-09-25 07:24,121,108,5.4,96
2026-09-25 07:25,120,94,5.3,97
2026-09-25 07:26,115,105,4.8,95
2026-09-25 07:27,119,99,5.2,97
2026-09-25 07:28,119,95,5.2,97
2026-09-25 07:29,120,102,5.3,97
2026-09-25 07:30,114,129,4.7,96
2026-09-25 07:31,116,93,4.9,96
2026-09-25 07:32,118,91,5.1,95
2026-09-25 07:33,121,105,5.4,96
2026-09-25 07:34,116,93,4.9,96
2026-09-25 07:35,120,80,5.3,97
2026-09-25 07:36,118,95,5.1,95
2026-09-25 07:37,123,98,5.6,97
2026-09-25 07:38,119,110,5.2,97
2026-09-25 07:39,114,116,4.7,96
2026-09-25 07:40,117,86,5.0,98
2026-09-25 07:41,119,98,5.2,97
2026-09-25 07:42,121,79,5.4,96
2026-09-25 07:43,120,98,5.3,98
2026-09-25 07:44,117,100,5.0,97
2026-09-25 07:45,115,117,4.8,98
2026-09-25 07:46,118,92,5.1,97
2026-09-25 07:47,118,96,5.1,95
2026-09-25 07:48,119,127,5.2,96
2026-09-25 07:49,98,0,3.1,95
2026-09-25 07:50,93,0,2.6,96
2026-09-25 07:51,89,3,2.2,96
2026-09-25 07:52,89,2,2.2,98
2026-09-25 07:53,88,1,2.1,97
2026-09-25 07:54,85,5,1.8,97
2026-09-25 07:55,84,2,1.7,97
2026-09-25 07:56,85,8,1.8,96
2026-09-25 07:57,84,6,1.7,97
2026-09-25 07:58,80,9,1.3,97
2026-09-25 07:59,82,16,1.5,96
2026-09-25 08:00,81,0,1.4,96
2026-09-25 08:01,81,1,1.4,97
2026-09-25 08:02,81,0,1.4,97
2026-09-25 08:03,87,24,2.0,98
2026-09-25 08:04,76,2,0.9,96
2026-09-25 08:05,79,12,1.2,97
2026-09-25 08:06,76,3,0.9,98
2026-09-25 08:07,76,0,0.9,99
2026-09-25 08:08,79,1,1.2,98
2026-09-25 08:09,75,0,0.8,97
2026-09-25 08:10,79,0,1.2,96
2026-09-25 08:11,79,8,1.2,97
2026-09-25 08:12,75,1,0.8,97
2026-09-25 08:13,76,0,0.9,96
2026-09-25 08:14,81,23,1.4,98
2026-09-25 08:15,74,0,0.7,98
2026-09-25 08:16,83,11,1.6,96
2026-09-25 08:17,79,2,1.2,96
2026-09-25 08:18,75,0,0.8,96
2026-09-25 08:19,78,5,1.1,96
2026-09-25 08:20,81,2,1.4,97
2026-09-25 08:21,76,0,0.9,96
2026-09-25 08:22,79,7,1.2,97
2026-09-25 08:23,78,0,1.1,97
2026-09-25 08:24,77,2,1.0,97
2026-09-25 08:25,77,0,1.0,96
2026-09-25 08:26,77,4,1.0,97
2026-09-25 08:27,77,0,1.0,97
2026-09-25 08:28,74,0,0.7,97
2026-09-25 08:29,79,5,1.2,97
2026-09-25 08:30,77,0,1.0,96
2026-09-25 08:31,74,0,0.7,97
2026-09-25 08:32,83,18,1.6,98
2026-09-25 08:33,77,7,1.0,98
2026-09-25 08:34,72,2,0.5,96
2026-09-25 08:35,82,28,1.5,97
2026-09-25 08:36,77,0,1.0,96
2026-09-25 08:37,82,14,1.5,97
2026-09-25 08:38,81,15,1.4,97
2026-09-25 08:39,75,4,0.8,96
2026-09-25 08:40,78,5,1.1,99
2026-09-25 08:41,80,4,1.3,98
2026-09-25 08:42,80,10,1.3,96
2026-09-25 08:43,75,4,0.8,96
2026-09-25 08:44,79,4,1.2,97
2026-09-25 08:45,79,9,1.2,97
2026-09-25 08:46,77,0,1.0,96
2026-09-25 08:47,78,2,1.1,97
2026-09-25 08:48,78,0,1.1,96
2026-09-25 08:49,77,1,1.0,96
2026-09-25 08:50,75,0,0.8,98
2026-09-25 08:51,78,3,1.1,97
2026-09-25 08:52,78,2,1.1,96
2026-09-25 08:53,79,0,1.2,98
2026-09-25 08:54,75,1,0.8,97
2026-09-25 08:55,78,4,1.1,97
2026-09-25 08:56,75,0,0.8,96
2026-09-25 08:57,79,4,1.2,97
2026-09-25 08:58,76,0,0.9,96
2026-09-25 08:59,71,0,0.4,97
2026-09-25 09:00,79,1,1.2,97
2026-09-25 09:01,76,0,0.9,98
2026-09-25 09:02,75,0,0.8,97
2026-09-25 09:03,75,5,0.8,97
2026-09-25 09:04,75,0,0.8,96
2026-09-25 09:05,88,47,2.1,96
2026-09-25 09:06,77,1,1.0,96
2026-09-25 09:07,77,0,1.0,98
2026-09-25 09:08,80,11,1.3,96
2026-09-25 09:09,78,0,1.1,95
2026-09-25 09:10,94,64,2.7,97
2026-09-25 09:11,80,8,1.3,97
2026-09-25 09:12,77,0,1.0,96
2026-09-25 09:13,78,0,1.1,97
2026-09-25 09:14,78,0,1.1,96
2026-09-25 09:15,76,0,0.9,97
2026-09-25 09:16,79,0,1.2,97
2026-09-25 09:17,80,5,1.3,97
2026-09-25 09:18,83,22,1.6,97
2026-09-25 09:19,81,1,1.4,96
2026-09-25 09:20,81,2,1.4,97
2026-09-25 09:21,75,4,0.8,96
2026-09-25 09:22,76,11,0.9,97
2026-09-25 09:23,77,3,1.0,98
2026-09-25 09:24,78,1,1.1,96
2026-09-25 09:25,80,5,1.3,97
2026-09-25 09:26,79,1,1.2,98
2026-09-25 09:27,78,3,1.1,98
2026-09-25 09:28,83,13,1.6,96
2026-09-25 09:29,79,2,1.2,96
2026-09-25 09:30,78,8,1.1,97
2026-09-25 09:31,77,0,1.0,96
2026-09-25 09:32,80,2,1.3,97
2026-09-25 09:33,78,7,1.1,96
2026-09-25 09:34,81,16,1.4,97
2026-09-25 09:35,77,7,1.0,96
2026-09-25 09:36,80,1,1.3,97
2026-09-25 09:37,78,0,1.1,97
2026-09-25 09:38,79,0,1.2,96
2026-09-25 09:39,77,2,1.0,96
2026-09-25 09:40,80,9,1.3,96
2026-09-25 09:41,79,0,1.2,95
2026-09-25 09:42,77,1,1.0,98
2026-09-25 09:43,79,0,1.2,95
2026-09-25 09:44,77,0,1.0,96
2026-09-25 09:45,78,4,1.1,97
2026-09-25 09:46,78,1,1.1,97
2026-09-25 09:47,80,4,1.3,97
2026-09-25 09:48,82,5,1.5,98
2026-09-25 09:49,78,5,1.1,97
2026-09-25 09:50,83,9,1.6,97
2026-09-25 09:51,75,0,0.8,96
2026-09-25 09:52,75,0,0.8,97
2026-09-25 09:53,73,0,0.6,97
2026-09-25 09:54,82,12,1.5,97
2026-09-25 09:55,80,0,1.3,97
2026-09-25 09:56,76,6,0.9,96
2026-09-25 09:57,76,0,0.9,96
2026-09-25 09:58,76,0,0.9,96
2026-09-25 09:59,74,0,0.7,96
2026-09-25 10:00,79,5,1.2,96
2026-09-25 10:01,78,0,1.1,97
2026-09-25 10:02,77,3,1.0,97
2026-09-25 10:03,75,0,0.8,98
2026-09-25 10:04,78,1,1.1,96
2026-09-25 10:05,83,17,1.6,97
2026-09-25 10:06,76,5,0.9,97
2026-09-25 10:07,77,0,1.0,97
2026-09-25 10:08,78,0,1.1,96
2026-09-25 10:09,71,0,0.4,97
2026-09-25 10:10,78,2,1.1,95
2026-09-25 10:11,81,1,1.4,96
2026-09-25 10:12,75,2,0.8,95
2026-09-25 10:13,91,38,2.4,97
2026-09-25 10:14,77,2,1.0,96
2026-09-25 10:15,80,7,1.3,96
2026-09-25 10:16,77,0,1.0,97
2026-09-25 10:17,75,0,0.8,96
2026-09-25 10:18,74,1,0.7,97
2026-09-25 10:19,83,5,1.6,96
2026-09-25 10:20,84,32,1.7,98
2026-09-25 10:21,78,4,1.1,96
2026-09-25 10:22,80,0,1.3,96
2026-09-25 10:23,78,3,1.1,97
2026-09-25 10:24,77,0,1.0,97
2026-09-25 10:25,75,6,0.8,97
2026-09-25 10:26,80,15,1.3,96
2026-09-25 10:27,74,0,0.7,97
2026-09-25 10:28,73,0,0.6,97
2026-09-25 10:29,79,5,1.2,98
2026-09-25 10:30,79,1,1.2,96
2026-09-25 10:31,75,0,0.8,97
2026-09-25 10:32,77,3,1.0,97
2026-09-25 10:33,78,0,1.1,97
2026-09-25 10:34,79,0,1.2,96
2026-09-25 10:35,76,5,0.9,97
2026-09-25 10:36,88,29,2.1,96
2026-09-25 10:37,81,7,1.4,97
2026-09-25 10:38,79,7,1.2,97
2026-09-25 10:39,75,0,0.8,95
2026-09-25 10:40,84,19,1.7,97
2026-09-25 10:41,79,2,1.2,95
2026-09-25 10:42,81,3,1.4,97
2026-09-25 10:43,76,0,0.9,96
2026-09-25 10:44,80,1,1.3,97
2026-09-25 10:45,80,11,1.3,97
2026-09-25 10:46,78,1,1.1,96
2026-09-25 10:47,82,17,1.5,95
2026-09-25 10:48,82,16,1.5,97
2026-09-25 10:49,81,3,1.4,96
2026-09-25 10:50,80,14,1.3,97
2026-09-25 10:51,79,1,1.2,97
2026-09-25 10:52,80,12,1.3,99
2026-09-25 10:53,81,14,1.4,97
2026-09-25 10:54,76,0,0.9,98
2026-09-25 10:55,78,1,1.1,97
2026-09-25 10:56,73,0,0.6,97
2026-09-25 10:57,77,1,1.0,97
2026-09-25 10:58,79,1,1.2,96
2026-09-25 10:59,83,14,1.6,96
2026-09-25 11:00,74,1,0.7,98
2026-09-25 11:01,75,1,0.8,97
2026-09-25 11:02,78,6,1.1,96
2026-09-25 11:03,82,5,1.5,97
2026-09-25 11:04,76,0,0.9,96
2026-09-25 11:05,78,2,1.1,97
2026-09-25 11:06,81,14,1.4,98
2026-09-25 11:07,78,0,1.1,98
2026-09-25 11:08,76,3,0.9,98
2026-09-25 11:09,78,2,1.1,98
2026-09-25 11:10,79,3,1.2,97
2026-09-25 11:11,86,22,1.9,97
2026-09-25 11:12,75,0,0.8,97
2026-09-25 11:13,79,0,1.2,97
2026-09-25 11:14,81,0,1.4,98
2026-09-25 11:15,80,4,1.3,97
2026-09-25 11:16,78,0,1.1,98
2026-09-25 11:17,72,0,0.5,97
2026-09-25 11:18,80,0,1.3,98
2026-09-25 11:19,82,4,1.5,95
2026-09-25 11:20,82,10,1.5,97
2026-09-25 11:21,79,2,1.2,96
2026-09-25 11:22,79,0,1.2,98
2026-09-25 11:23,83,0,1.6,98
2026-09-25 11:24,77,6,1.0,96
2026-09-25 11:25,79,11,1.2,97
2026-09-25 11:26,82,11,1.5,97
2026-09-25 11:27,78,1,1.1,97
2026-09-25 11:28,74,5,0.7,97
2026-09-25 11:29,83,19,1.6,97
2026-09-25 11:30,78,1,1.1,96
2026-09-25 11:31,75,0,0.8,98
2026-09-25 11:32,78,0,1.1,97
2026-09-25 11:33,77,0,1.0,95
2026-09-25 11:34,75,4,0.8,96
2026-09-25 11:35,78,0,1.1,97
2026-09-25 11:36,86,15,1.9,98
2026-09-25 11:37,80,0,1.3,97
2026-09-25 11:38,76,3,0.9,96
2026-09-25 11:39,77,8,1.0,98
2026-09-25 11:40,78,3,1.1,97
2026-09-25 11:41,78,0,1.1,97
2026-09-25 11:42,75,2,0.8,97
2026-09-25 11:43,76,0,0.9,96
2026-09-25 11:44,87,24,2.0,97
2026-09-25 11:45,78,3,1.1,97
2026-09-25 11:46,79,0,1.2,97
2026-09-25 11:47,78,4,1.1,97
2026-09-25 11:48,79,1,1.2,97
2026-09-25 11:49,76,1,0.9,98
2026-09-25 11:50,77,3,1.0,96
2026-09-25 11:51,76,4,0.9,96
2026-09-25 11:52,73,1,0.6,97
2026-09-25 11:53,81,17,1.4,97
2026-09-25 11:54,84,32,1.7,97
2026-09-25 11:55,84,26,1.7,97
2026-09-25 11:56,78,1,1.1,97
2026-09-25 11:57,84,22,1.7,96
2026-09-25 11:58,78,0,1.1,97
2026-09-25 11:59,76,0,0.9,98
2026-09-25 12:00,77,1,1.0,96
2026-09-25 12:01,79,0,1.2,98
2026-09-25 12:02,79,8,1.2,98
2026-09-25 12:03,77,0,1.0,96
2026-09-25 12:04,75,10,0.8,97
2026-09-25 12:05,75,0,0.8,96
2026-09-25 12:06,80,2,1.3,97
2026-09-25 12:07,75,0,0.8,96
2026-09-25 12:08,75,0,0.8,96
2026-09-25 12:09,79,0,1.2,95
2026-09-25 12:10,75,0,0.8,97
2026-09-25 12:11,79,1,1.2,96
2026-09-25 12:12,77,0,1.0,96
2026-09-25 12:13,85,31,1.8,95
2026-09-25 12:14,73,0,0.6,97
2026-09-25 12:15,81,6,1.4,98
2026-09-25 12:16,78,16,1.1,97
2026-09-25 12:17,75,0,0.8,97
2026-09-25 12:18,79,1,1.2,96
2026-09-25 12:19,77,9,1.0,96
2026-09-25 12:20,86,26,1.9,96
2026-09-25 12:21,79,6,1.2,96
2026-09-25 12:22,79,10,1.2,96
2026-09-25 12:23,78,10,1.1,96
2026-09-25 12:24,79,10,1.2,97
2026-09-25 12:25,78,1,1.1,97
2026-09-25 12:26,75,0,0.8,97
2026-09-25 12:27,79,3,1.2,98
2026-09-25 12:28,78,1,1.1,97
2026-09-25 12:29,79,4,1.2,96
2026-09-25 12:30,79,4,1.2,96
2026-09-25 12:31,78,1,1.1,97
2026-09-25 12:32,80,7,1.3,97
2026-09-25 12:33,80,3,1.3,97
2026-09-25 12:34,83,18,1.6,97
2026-09-25 12:35,89,39,2.2,99
2026-09-25 12:36,75,0,0.8,97
2026-09-25 12:37,74,0,0.7,97
2026-09-25 12:38,78,4,1.1,96
2026-09-25 12:39,79,0,1.2,96
2026-09-25 12:40,76,2,0.9,97
2026-09-25 12:41,76,8,0.9,97
2026-09-25 12:42,79,9,1.2,97
2026-09-25 12:43,78,1,1.1,95
2026-09-25 12:44,79,2,1.2,98
2026-09-25 12:45,77,3,1.0,98
2026-09-25 12:46,76,5,0.9,98
2026-09-25 12:47,77,0,1.0,97
2026-09-25 12:48,83,14,1.6,97
2026-09-25 12:49,80,11,1.3,97
2026-09-25 12:50,79,0,1.2,98
2026-09-25 12:51,78,6,1.1,96
2026-09-25 12:52,80,5,1.3,97
2026-09-25 12:53,84,14,1.7,97
2026-09-25 12:54,76,3,0.9,97
2026-09-25 12:55,75,0,0.8,98
2026-09-25 12:56,81,9,1.4,96
2026-09-25 12:57,83,0,1.6,96
2026-09-25 12:58,79,4,1.2,97
2026-09-25 12:59,78,4,1.1,96
2026-09-25 13:00,83,11,1.6,98
2026-09-25 13:01,79,8,1.2,96
2026-09-25 13:02,74,0,0.7,96
2026-09-25 13:03,81,20,1.4,97
2026-09-25 13:04,82,7,1.5,97
2026-09-25 13:05,77,12,1.0,96
2026-09-25 13:06,78,14,1.1,98
2026-09-25 13:07,81,7,1.4,95
2026-09-25 13:08,77,0,1.0,97
2026-09-25 13:09,80,2,1.3,96
2026-09-25 13:10,76,5,0.9,96
2026-09-25 13:11,89,46,2.2,98
2026-09-25 13:12,76,0,0.9,97
2026-09-25 13:13,80,18,1.3,96
2026-09-25 13:14,80,11,1.3,97
2026-09-25 13:15,78,4,1.1,98
2026-09-25 13:16,82,10,1.5,97
2026-09-25 13:17,77,2,1.0,96
2026-09-25 13:18,76,1,0.9,97
2026-09-25 13:19,80,7,1.3,96
2026-09-25 13:20,79,0,1.2,96
2026-09-25 13:21,79,1,1.2,96
2026-09-25 13:22,78,0,1.1,97
2026-09-25 13:23,77,3,1.0,96
2026-09-25 13:24,76,0,0.9,97
2026-09-25 13:25,81,22,1.4,98
2026-09-25 13:26,78,3,1.1,98
2026-09-25 13:27,78,2,1.1,96
2026-09-25 13:28,81,2,1.4,97
2026-09-25 13:29,78,2,1.1,96
2026-09-25 13:30,83,14,1.6,97
2026-09-25 13:31,82,7,1.5,97
2026-09-25 13:32,77,12,1.0,97
2026-09-25 13:33,77,3,1.0,96
2026-09-25 13:34,78,6,1.1,96
2026-09-25 13:35,78,3,1.1,96
2026-09-25 13:36,79,13,1.2,97
2026-09-25 13:37,79,0,1.2,97
2026-09-25 13:38,84,17,1.7,97
2026-09-25 13:39,78,0,1.1,97
2026-09-25 13:40,84,19,1.7,97
2026-09-25 13:41,85,35,1.8,98
2026-09-25 13:42,82,10,1.5,97
2026-09-25 13:43,76,0,0.9,97
2026-09-25 13:44,77,13,1.0,96
2026-09-25 13:45,77,0,1.0,96
2026-09-25 13:46,78,1,1.1,96
2026-09-25 13:47,76,0,0.9,96
2026-09-25 13:48,75,3,0.8,98
2026-09-25 13:49,83,27,1.6,97
2026-09-25 13:50,80,11,1.3,97
2026-09-25 13:51,72,1,0.5,97
2026-09-25 13:52,81,6,1.4,97
2026-09-25 13:53,79,1,1.2,97
2026-09-25 13:54,77,2,1.0,96
2026-09-25 13:55,80,3,1.3,96
2026-09-25 13:56,78,5,1.1,96
2026-09-25 13:57,75,0,0.8,97
2026-09-25 13:58,79,1,1.2,95
2026-09-25 13:59,80,7,1.3,97
2026-09-25 14:00,75,0,0.8,97
2026-09-25 14:01,74,0,0.7,97
2026-09-25 14:02,75,1,0.8,96
2026-09-25 14:03,79,0,1.2,96
2026-09-25 14:04,78,5,1.1,97
2026-09-25 14:05,85,8,1.8,96
2026-09-25 14:06,76,1,0.9,97
2026-09-25 14:07,87,28,2.0,96
2026-09-25 14:08,78,1,1.1,96
2026-09-25 14:09,77,0,1.0,96
2026-09-25 14:10,79,2,1.2,96
2026-09-25 14:11,75,0,0.8,96
2026-09-25 14:12,77,0,1.0,96
2026-09-25 14:13,76,4,0.9,98
2026-09-25 14:14,77,13,1.0,97
2026-09-25 14:15,77,1,1.0,96
2026-09-25 14:16,75,0,0.8,98
2026-09-25 14:17,76,4,0.9,97
2026-09-25 14:18,80,6,1.3,96
2026-09-25 14:19,80,11,1.3,96
2026-09-25 14:20,79,4,1.2,97
2026-09-25 14:21,81,2,1.4,97
2026-09-25 14:22,91,44,2.4,96
2026-09-25 14:23,78,1,1.1,98
2026-09-25 14:24,75,2,0.8,96
2026-09-25 14:25,79,0,1.2,97
2026-09-25 14:26,80,5,1.3,97
2026-09-25 14:27,77,8,1.0,97
2026-09-25 14:28,82,11,1.5,97
2026-09-25 14:29,79,5,1.2,98
2026-09-25 14:30,78,4,1.1,96
2026-09-25 14:31,79,6,1.2,98
2026-09-25 14:32,83,4,1.6,96
2026-09-25 14:33,76,0,0.9,97
2026-09-25 14:34,77,3,1.0,97
2026-09-25 14:35,78,4,1.1,97
2026-09-25 14:36,78,4,1.1,97
2026-09-25 14:37,73,0,0.6,96
2026-09-25 14:38,78,0,1.1,97
2026-09-25 14:39,86,23,1.9,97
2026-09-25 14:40,80,0,1.3,97
2026-09-25 14:41,76,1,0.9,96
2026-09-25 14:42,74,0,0.7,97
2026-09-25 14:43,80,7,1.3,97
2026-09-25 14:44,81,20,1.4,96
2026-09-25 14:45,77,0,1.0,98
2026-09-25 14:46,77,3,1.0,96
2026-09-25 14:47,78,2,1.1,96
2026-09-25 14:48,82,20,1.5,97
2026-09-25 14:49,78,0,1.1,96
2026-09-25 14:50,78,8,1.1,97
2026-09-25 14:51,82,1,1.5,97
2026-09-25 14:52,79,0,1.2,96
2026-09-25 14:53,76,2,0.9,97
2026-09-25 14:54,77,5,1.0,97
2026-09-25 14:55,77,1,1.0,98
2026-09-25 14:56,80,12,1.3,96
2026-09-25 14:57,75,0,0.8,97
2026-09-25 14:58,81,3,1.4,97
2026-09-25 14:59,80,2,1.3,97
2026-09-25 15:00,75,1,0.8,95
2026-09-25 15:01,80,7,1.3,96
2026-09-25 15:02,77,0,1.0,97
2026-09-25 15:03,79,0,1.2,97
2026-09-25 15:04,77,6,1.0,97
2026-09-25 15:05,83,6,1.6,97
2026-09-25 15:06,79,7,1.2,98
2026-09-25 15:07,82,4,1.5,97
2026-09-25 15:08,77,4,1.0,96
2026-09-25 15:09,80,0,1.3,98
2026-09-25 15:10,77,0,1.0,97
2026-09-25 15:11,84,12,1.7,97
2026-09-25 15:12,80,10,1.3,96
2026-09-25 15:13,88,45,2.1,98
2026-09-25 15:14,75,0,0.8,97
2026-09-25 15:15,76,0,0.9,96
2026-09-25 15:16,78,1,1.1,98
2026-09-25 15:17,78,0,1.1,96
2026-09-25 15:18,79,7,1.2,97
2026-09-25 15:19,80,4,1.3,97
2026-09-25 15:20,80,0,1.3,97
2026-09-25 15:21,75,1,0.8,96
2026-09-25 15:22,83,15,1.6,97
2026-09-25 15:23,83,5,1.6,96
2026-09-25 15:24,79,11,1.2,97
2026-09-25 15:25,76,2,0.9,97
2026-09-25 15:26,78,0,1.1,96
2026-09-25 15:27,78,2,1.1,98
2026-09-25 15:28,79,10,1.2,97
2026-09-25 15:29,77,1,1.0,97
2026-09-25 15:30,80,0,1.3,96
2026-09-25 15:31,79,1,1.2,97
2026-09-25 15:32,77,4,1.0,96
2026-09-25 15:33,75,4,0.8,97
2026-09-25 15:34,75,2,0.8,98
2026-09-25 15:35,77,0,1.0,98
2026-09-25 15:36,77,5,1.0,96
2026-09-25 15:37,83,25,1.6,98
2026-09-25 15:38,79,2,1.2,96
2026-09-25 15:39,76,0,0.9,97
2026-09-25 15:40,78,6,1.1,97
2026-09-25 15:41,82,15,1.5,97
2026-09-25 15:42,80,1,1.3,96
2026-09-25 15:43,84,22,1.7,97
2026-09-25 15:44,81,10,1.4,97
2026-09-25 15:45,82,16,1.5,96
2026-09-25 15:46,80,0,1.3,97
2026-09-25 15:47,75,1,0.8,97
2026-09-25 15:48,75,0,0.8,97
2026-09-25 15:49,80,15,1.3,97
2026-09-25 15:50,81,0,1.4,97
2026-09-25 15:51,80,1,1.3,97
2026-09-25 15:52,76,3,0.9,97
2026-09-25 15:53,82,20,1.5,97
2026-09-25 15:54,80,6,1.3,97
2026-09-25 15:55,77,1,1.0,97
2026-09-25 15:56,83,15,1.6,95
2026-09-25 15:57,76,0,0.9,96
2026-09-25 15:58,75,5,0.8,97
2026-09-25 15:59,79,2,1.2,97
2026-09-25 16:00,81,5,1.4,97
2026-09-25 16:01,74,0,0.7,97
2026-09-25 16:02,74,2,0.7,97
2026-09-25 16:03,76,1,0.9,97
2026-09-25 16:04,73,0,0.6,96
2026-09-25 16:05,78,1,1.1,97
2026-09-25 16:06,75,0,0.8,98
2026-09-25 16:07,79,1,1.2,96
2026-09-25 16:08,76,0,0.9,96
2026-09-25 16:09,82,16,1.5,97
2026-09-25 16:10,80,5,1.3,95
2026-09-25 16:11,77,0,1.0,96
2026-09-25 16:12,75,0,0.8,97
2026-09-25 16:13,79,2,1.2,97
2026-09-25 16:14,74,0,0.7,97
2026-09-25 16:15,80,2,1.3,98
2026-09-25 16:16,79,12,1.2,96
2026-09-25 16:17,76,1,0.9,98
2026-09-25 16:18,78,1,1.1,97
2026-09-25 16:19,81,10,1.4,96
2026-09-25 16:20,79,4,1.2,97
2026-09-25 16:21,82,25,1.5,97
2026-09-25 16:22,76,4,0.9,97
2026-09-25 16:23,82,14,1.5,97
2026-09-25 16:24,88,35,2.1,95
2026-09-25 16:25,77,1,1.0,95
2026-09-25 16:26,81,5,1.4,97
2026-09-25 16:27,78,6,1.1,97
2026-09-25 16:28,80,5,1.3,96
2026-09-25 16:29,79,0,1.2,97
2026-09-25 16:30,80,8,1.3,96
2026-09-25 16:31,77,1,1.0,96
2026-09-25 16:32,81,9,1.4,97
2026-09-25 16:33,79,5,1.2,97
2026-09-25 16:34,80,7,1.3,97
2026-09-25 16:35,76,1,0.9,98
2026-09-25 16:36,82,12,1.5,96
2026-09-25 16:37,81,2,1.4,97
2026-09-25 16:38,76,0,0.9,97
2026-09-25 16:39,78,1,1.1,96
2026-09-25 16:40,77,0,1.0,97
2026-09-25 16:41,79,0,1.2,97
2026-09-25 16:42,73,1,0.6,97
2026-09-25 16:43,81,4,1.4,97
2026-09-25 16:44,83,16,1.6,97
2026-09-25 16:45,77,0,1.0,96
2026-09-25 16:46,78,0,1.1,95
2026-09-25 16:47,83,13,1.6,97
2026-09-25 16:48,78,1,1.1,97
2026-09-25 16:49,80,7,1.3,97
2026-09-25 16:50,81,6,1.4,97
2026-09-25 16:51,79,4,1.2,97
2026-09-25 16:52,79,1,1.2,98
2026-09-25 16:53,81,2,1.4,96
2026-09-25 16:54,79,2,1.2,97
2026-09-25 16:55,76,1,0.9,96
2026-09-25 16:56,83,16,1.6,97
2026-09-25 16:57,83,5,1.6,96
2026-09-25 16:58,77,1,1.0,96
2026-09-25 16:59,80,8,1.3,95
2026-09-25 17:00,78,0,1.1,97
2026-09-25 17:01,79,2,1.2,97
2026-09-25 17:02,76,0,0.9,95
2026-09-25 17:03,78,4,1.1,98
2026-09-25 17:04,81,1,1.4,97
2026-09-25 17:05,78,0,1.1,96
2026-09-25 17:06,78,6,1.1,97
2026-09-25 17:07,79,0,1.2,97
2026-09-25 17:08,77,1,1.0,97
2026-09-25 17:09,80,0,1.3,98
2026-09-25 17:10,75,4,0.8,97
2026-09-25 17:11,77,0,1.0,97
2026-09-25 17:12,80,2,1.3,97
2026-09-25 17:13,79,14,1.2,97
2026-09-25 17:14,76,2,0.9,96
2026-09-25 17:15,79,3,1.2,97
2026-09-25 17:16,78,2,1.1,96
2026-09-25 17:17,76,0,0.9,97
2026-09-25 17:18,80,8,1.3,97
2026-09-25 17:19,75,1,0.8,97
2026-09-25 17:20,76,3,0.9,98
2026-09-25 17:21,80,0,1.3,97
2026-09-25 17:22,76,2,0.9,96
2026-09-25 17:23,79,5,1.2,98
2026-09-25 17:24,78,3,1.1,95
2026-09-25 17:25,81,9,1.4,98
2026-09-25 17:26,78,1,1.1,95
2026-09-25 17:27,78,2,1.1,96
2026-09-25 17:28,80,3,1.3,97
2026-09-25 17:29,78,0,1.1,96
2026-09-25 17:30,74,0,0.7,95
2026-09-25 17:31,76,2,0.9,96
2026-09-25 17:32,85,18,1.8,97
2026-09-25 17:33,83,13,1.6,96
2026-09-25 17:34,77,1,1.0,97
2026-09-25 17:35,76,8,0.9,97
2026-09-25 17:36,77,6,1.0,98
2026-09-25 17:37,81,1,1.4,97
2026-09-25 17:38,82,10,1.5,97
2026-09-25 17:39,83,13,1.6,96
2026-09-25 17:40,79,18,1.2,99
2026-09-25 17:41,84,31,1.7,98
2026-09-25 17:42,76,0,0.9,97
2026-09-25 17:43,77,9,1.0,97
2026-09-25 17:44,77,0,1.0,97
2026-09-25 17:45,79,15,1.2,95
2026-09-25 17:46,80,6,1.3,97
2026-09-25 17:47,78,4,1.1,96
2026-09-25 17:48,78,8,1.1,95
2026-09-25 17:49,79,2,1.2,97
2026-09-25 17:50,78,0,1.1,96
2026-09-25 17:51,77,0,1.0,97
2026-09-25 17:52,76,0,0.9,96
2026-09-25 17:53,78,4,1.1,96
2026-09-25 17:54,74,3,0.7,98
2026-09-25 17:55,77,14,1.0,97
2026-09-25 17:56,77,6,1.0,97
2026-09-25 17:57,79,6,1.2,96
2026-09-25 17:58,82,6,1.5,97
2026-09-25 17:59,79,4,1.2,96
2026-09-25 18:00,76,3,0.9,97
2026-09-25 18:01,76,1,0.9,96
2026-09-25 18:02,79,16,1.2,97
2026-09-25 18:03,77,1,1.0,97
2026-09-25 18:04,77,1,1.0,96
2026-09-25 18:05,78,4,1.1,97
2026-09-25 18:06,82,14,1.5,96
2026-09-25 18:07,79,0,1.2,98
2026-09-25 18:08,79,1,1.2,97
2026-09-25 18:09,77,8,1.0,97
2026-09-25 18:10,79,0,1.2,99
2026-09-25 18:11,78,11,1.1,97
2026-09-25 18:12,78,1,1.1,96
2026-09-25 18:13,84,22,1.7,97
2026-09-25 18:14,80,0,1.3,97
2026-09-25 18:15,91,47,2.4,98
2026-09-25 18:16,81,13,1.4,96
2026-09-25 18:17,80,13,1.3,98
2026-09-25 18:18,80,5,1.3,96
2026-09-25 18:19,78,2,1.1,96
2026-09-25 18:20,77,0,1.0,96
2026-09-25 18:21,79,0,1.2,96
2026-09-25 18:22,82,4,1.5,98
2026-09-25 18:23,80,0,1.3,97
2026-09-25 18:24,81,2,1.4,96
2026-09-25 18:25,76,0,0.9,97
2026-09-25 18:26,77,0,1.0,97
2026-09-25 18:27,78,3,1.1,97
2026-09-25 18:28,78,14,1.1,96
2026-09-25 18:29,81,1,1.4,97
2026-09-25 18:30,75,1,0.8,99
2026-09-25 18:31,78,0,1.1,97
2026-09-25 18:32,75,2,0.8,97
2026-09-25 18:33,77,0,1.0,96
2026-09-25 18:34,81,8,1.4,97
2026-09-25 18:35,78,0,1.1,96
2026-09-25 18:36,80,15,1.3,98
2026-09-25 18:37,76,2,0.9,98
2026-09-25 18:38,79,1,1.2,97
2026-09-25 18:39,77,0,1.0,96
2026-09-25 18:40,77,0,1.0,96
2026-09-25 18:41,80,4,1.3,96
2026-09-25 18:42,74,6,0.7,97
2026-09-25 18:43,78,0,1.1,96
2026-09-25 18:44,84,14,1.7,96
2026-09-25 18:45,83,7,1.6,97
2026-09-25 18:46,79,1,1.2,97
2026-09-25 18:47,78,8,1.1,96
2026-09-25 18:48,80,2,1.3,97
2026-09-25 18:49,86,18,1.9,97
2026-09-25 18:50,79,12,1.2,96
2026-09-25 18:51,77,4,1.0,98
2026-09-25 18:52,78,4,1.1,97
2026-09-25 18:53,79,9,1.2,98
2026-09-25 18:54,73,0,0.6,98
2026-09-25 18:55,74,6,0.7,96
2026-09-25 18:56,74,0,0.7,97
2026-09-25 18:57,79,12,1.2,97
2026-09-25 18:58,81,11,1.4,98
2026-09-25 18:59,78,7,1.1,97
2026-09-25 19:00,81,11,1.4,97
2026-09-25 19:01,82,6,1.5,96
2026-09-25 19:02,83,1,1.6,96
2026-09-25 19:03,79,0,1.2,97
2026-09-25 19:04,75,1,0.8,95
2026-09-25 19:05,84,15,1.7,96
2026-09-25 19:06,80,11,1.3,97
2026-09-25 19:07,80,7,1.3,97
2026-09-25 19:08,80,3,1.3,97
2026-09-25 19:09,85,22,1.8,97
2026-09-25 19:10,74,0,0.7,96
2026-09-25 19:11,75,0,0.8,96
2026-09-25 19:12,78,3,1.1,97
2026-09-25 19:13,79,1,1.2,97
2026-09-25 19:14,85,13,1.8,97
2026-09-25 19:15,84,19,1.7,97
2026-09-25 19:16,77,1,1.0,97
2026-09-25 19:17,81,15,1.4,96
2026-09-25 19:18,76,2,0.9,97
2026-09-25 19:19,75,1,0.8,97
2026-09-25 19:20,77,7,1.0,96
2026-09-25 19:21,78,6,1.1,97
2026-09-25 19:22,78,1,1.1,97
2026-09-25 19:23,81,19,1.4,98
2026-09-25 19:24,85,25,1.8,97
2026-09-25 19:25,78,6,1.1,97
2026-09-25 19:26,77,0,1.0,96
2026-09-25 19:27,77,3,1.0,96
2026-09-25 19:28,82,14,1.5,96
2026-09-25 19:29,77,0,1.0,95
2026-09-25 19:30,72,0,0.5,97
2026-09-25 19:31,79,4,1.2,97
2026-09-25 19:32,77,0,1.0,97
2026-09-25 19:33,76,0,0.9,96
2026-09-25 19:34,81,12,1.4,95
2026-09-25 19:35,76,0,0.9,95
2026-09-25 19:36,82,17,1.5,98
2026-09-25 19:37,75,0,0.8,97
2026-09-25 19:38,80,6,1.3,96
2026-09-25 19:39,78,0,1.1,97
2026-09-25 19:40,77,9,1.0,97
2026-09-25 19:41,76,2,0.9,96
2026-09-25 19:42,79,1,1.2,96
2026-09-25 19:43,78,0,1.1,97
2026-09-25 19:44,79,5,1.2,97
2026-09-25 19:45,76,4,0.9,97
2026-09-25 19:46,77,5,1.0,97
2026-09-25 19:47,77,0,1.0,97
2026-09-25 19:48,78,0,1.1,97
2026-09-25 19:49,77,1,1.0,97
2026-09-25 19:50,76,2,0.9,98
2026-09-25 19:51,78,4,1.1,97
2026-09-25 19:52,77,2,1.0,97
2026-09-25 19:53,80,18,1.3,97
2026-09-25 19:54,78,9,1.1,96
2026-09-25 19:55,75,0,0.8,97
2026-09-25 19:56,74,0,0.7,96
2026-09-25 19:57,81,10,1.4,96
2026-09-25 19:58,79,2,1.2,97
2026-09-25 19:59,79,0,1.2,98
2026-09-25 20:00,77,6,1.0,97
2026-09-25 20:01,76,0,0.9,97
2026-09-25 20:02,78,3,1.1,96
2026-09-25 20:03,77,2,1.0,96
2026-09-25 20:04,82,19,1.5,97
2026-09-25 20:05,76,0,0.9,97
2026-09-25 20:06,79,17,1.2,96
2026-09-25 20:07,79,0,1.2,97
2026-09-25 20:08,76,5,0.9,96
2026-09-25 20:09,74,1,0.7,98
2026-09-25 20:10,79,1,1.2,97
2026-09-25 20:11,80,18,1.3,97
2026-09-25 20:12,80,3,1.3,98
2026-09-25 20:13,78,2,1.1,95
2026-09-25 20:14,78,0,1.1,97
2026-09-25 20:15,77,4,1.0,97
2026-09-25 20:16,75,2,0.8,97
2026-09-25 20:17,75,0,0.8,97
2026-09-25 20:18,87,31,2.0,98
2026-09-25 20:19,77,2,1.0,96
2026-09-25 20:20,75,2,0.8,96
2026-09-25 20:21,76,4,0.9,98
2026-09-25 20:22,76,3,0.9,97
2026-09-25 20:23,78,4,1.1,97
2026-09-25 20:24,78,0,1.1,97
2026-09-25 20:25,80,5,1.3,97
2026-09-25 20:26,76,0,0.9,97
2026-09-25 20:27,80,0,1.3,97
2026-09-25 20:28,78,0,1.1,97
2026-09-25 20:29,80,1,1.3,96
2026-09-25 20:30,76,2,0.9,96
2026-09-25 20:31,81,10,1.4,97
2026-09-25 20:32,80,4,1.3,97
2026-09-25 20:33,74,0,0.7,97
2026-09-25 20:34,79,0,1.2,97
2026-09-25 20:35,78,1,1.1,97
2026-09-25 20:36,79,2,1.2,97
2026-09-25 20:37,80,9,1.3,97
2026-09-25 20:38,80,3,1.3,97
2026-09-25 20:39,76,1,0.9,97
2026-09-25 20:40,76,0,0.9,97
2026-09-25 20:41,83,14,1.6,96
2026-09-25 20:42,78,0,1.1,96
2026-09-25 20:43,77,9,1.0,98
2026-09-25 20:44,81,4,1.4,96
2026-09-25 20:45,80,2,1.3,97
2026-09-25 20:46,81,6,1.4,96
2026-09-25 20:47,76,3,0.9,97
2026-09-25 20:48,85,17,1.8,98
2026-09-25 20:49,79,2,1.2,98
2026-09-25 20:50,79,1,1.2,96
2026-09-25 20:51,80,10,1.3,96
2026-09-25 20:52,80,13,1.3,94
2026-09-25 20:53,77,3,1.0,97
2026-09-25 20:54,76,0,0.9,98
2026-09-25 20:55,82,10,1.5,97
2026-09-25 20:56,76,2,0.9,97
2026-09-25 20:57,76,0,0.9,97
2026-09-25 20:58,84,22,1.7,96
2026-09-25 20:59,79,10,1.2,97
2026-09-25 21:00,73,1,0.6,98
2026-09-25 21:01,78,8,1.1,98
2026-09-25 21:02,76,0,0.9,97
2026-09-25 21:03,83,11,1.6,96
2026-09-25 21:04,80,5,1.3,97
2026-09-25 21:05,75,0,0.8,96
2026-09-25 21:06,75,1,0.8,98
2026-09-25 21:07,85,29,1.8,98
2026-09-25 21:08,78,3,1.1,97
2026-09-25 21:09,78,7,1.1,97
2026-09-25 21:10,78,1,1.1,97
2026-09-25 21:11,78,11,1.1,96
2026-09-25 21:12,86,29,1.9,97
2026-09-25 21:13,81,4,1.4,97
2026-09-25 21:14,72,0,0.5,97
2026-09-25 21:15,80,11,1.3,97
2026-09-25 21:16,80,7,1.3,95
2026-09-25 21:17,80,7,1.3,97
2026-09-25 21:18,77,0,1.0,96
2026-09-25 21:19,77,0,1.0,96
2026-09-25 21:20,78,3,1.1,98
2026-09-25 21:21,78,1,1.1,96
2026-09-25 21:22,79,6,1.2,97
2026-09-25 21:23,81,2,1.4,97
2026-09-25 21:24,79,0,1.2,96
2026-09-25 21:25,79,2,1.2,98
2026-09-25 21:26,77,5,1.0,95
2026-09-25 21:27,76,0,0.9,97
2026-09-25 21:28,84,15,1.7,96
2026-09-25 21:29,85,33,1.8,98
2026-09-25 21:30,80,2,1.3,97
2026-09-25 21:31,74,0,0.7,97
2026-09-25 21:32,82,3,1.5,96
2026-09-25 21:33,80,2,1.3,97
2026-09-25 21:34,76,0,0.9,97
2026-09-25 21:35,77,2,1.0,97
2026-09-25 21:36,75,8,0.8,97
2026-09-25 21:37,80,10,1.3,97
2026-09-25 21:38,80,1,1.3,96
2026-09-25 21:39,81,10,1.4,97
2026-09-25 21:40,77,1,1.0,97
2026-09-25 21:41,81,0,1.4,97
2026-09-25 21:42,78,0,1.1,96
2026-09-25 21:43,80,8,1.3,97
2026-09-25 21:44,76,0,0.9,96
2026-09-25 21:45,78,1,1.1,96
2026-09-25 21:46,87,16,2.0,97
2026-09-25 21:47,78,2,1.1,97
2026-09-25 21:48,85,38,1.8,96
2026-09-25 21:49,78,1,1.1,96
2026-09-25 21:50,84,11,1.7,97
2026-09-25 21:51,79,0,1.2,97
2026-09-25 21:52,79,9,1.2,96
2026-09-25 21:53,81,10,1.4,97
2026-09-25 21:54,74,0,0.7,97
2026-09-25 21:55,80,5,1.3,96
2026-09-25 21:56,77,6,1.0,96
2026-09-25 21:57,77,3,1.0,98
2026-09-25 21:58,80,12,1.3,97
2026-09-25 21:59,78,9,1.1,98
2026-09-25 22:00,83,8,1.6,97
2026-09-25 22:01,81,3,1.4,97
2026-09-25 22:02,77,3,1.0,97
2026-09-25 22:03,78,4,1.1,98
2026-09-25 22:04,85,16,1.8,96
2026-09-25 22:05,77,1,1.0,96
2026-09-25 22:06,78,5,1.1,96
2026-09-25 22:07,76,2,0.9,97
2026-09-25 22:08,81,3,1.4,96
2026-09-25 22:09,79,4,1.2,97
2026-09-25 22:10,79,6,1.2,96
2026-09-25 22:11,77,4,1.0,97
2026-09-25 22:12,82,24,1.5,97
2026-09-25 22:13,79,0,1.2,97
2026-09-25 22:14,76,0,0.9,96
2026-09-25 22:15,77,2,1.0,98
2026-09-25 22:16,82,27,1.5,98
2026-09-25 22:17,75,0,0.8,97
2026-09-25 22:18,77,2,1.0,96
2026-09-25 22:19,78,7,1.1,97
2026-09-25 22:20,74,0,0.7,97
2026-09-25 22:21,76,2,0.9,97
2026-09-25 22:22,77,0,1.0,97
2026-09-25 22:23,72,0,0.5,96
2026-09-25 22:24,80,7,1.3,97
2026-09-25 22:25,77,3,1.0,96
2026-09-25 22:26,74,0,0.7,96
2026-09-25 22:27,77,2,1.0,96
2026-09-25 22:28,80,7,1.3,98
2026-09-25 22:29,78,2,1.1,96
2026-09-25 22:30,70,0,0.3,97
2026-09-25 22:31,70,0,0.3,96
2026-09-25 22:32,71,0,0.4,97
2026-09-25 22:33,67,0,0.0,97
2026-09-25 22:34,69,0,0.2,98
2026-09-25 22:35,71,0,0.4,97
2026-09-25 22:36,70,0,0.3,97
2026-09-25 22:37,68,0,0.1,95
2026-09-25 22:38,69,0,0.2,97
2026-09-25 22:39,69,0,0.2,97
2026-09-25 22:40,70,0,0.3,97
2026-09-25 22:41,67,0,0.0,97
2026-09-25 22:42,67,0,0.0,97
2026-09-25 22:43,67,0,0.0,97
2026-09-25 22:44,70,0,0.3,96
2026-09-25 22:45,75,0,0.8,97
2026-09-25 22:46,72,0,0.5,97
2026-09-25 22:47,72,0,0.5,97
2026-09-25 22:48,70,0,0.3,96
2026-09-25 22:49,73,0,0.6,95
2026-09-25 22:50,71,0,0.4,97
2026-09-25 22:51,70,0,0.3,97
2026-09-25 22:52,72,0,0.5,98
2026-09-25 22:53,68,0,0.1,97
2026-09-25 22:54,67,0,0.0,96
2026-09-25 22:55,68,0,0.1,97
2026-09-25 22:56,73,0,0.6,97
2026-09-25 22:57,72,0,0.5,96
2026-09-25 22:58,70,0,0.3,96
2026-09-25 22:59,70,0,0.3,95
2026-09-25 23:00,70,0,0.3,96
2026-09-25 23:01,71,0,0.4,96
2026-09-25 23:02,68,0,0.1,97
2026-09-25 23:03,71,0,0.4,97
2026-09-25 23:04,68,0,0.1,97
2026-09-25 23:05,73,0,0.6,98
2026-09-25 23:06,69,0,0.2,97
2026-09-25 23:07,68,0,0.1,98
2026-09-25 23:08,69,0,0.2,96
2026-09-25 23:09,68,0,0.1,96
2026-09-25 23:10,70,0,0.3,96
2026-09-25 23:11,67,0,0.0,95
2026-09-25 23:12,69,0,0.2,98
2026-09-25 23:13,70,0,0.3,97
2026-09-25 23:14,71,0,0.4,97
2026-09-25 23:15,69,0,0.2,98
2026-09-25 23:16,72,0,0.5,97
2026-09-25 23:17,67,0,0.0,98
2026-09-25 23:18,70,0,0.3,95
2026-09-25 23:19,69,0,0.2,98
2026-09-25 23:20,70,0,0.3,97
2026-09-25 23:21,69,0,0.2,96
2026-09-25 23:22,73,0,0.6,97
2026-09-25 23:23,70,0,0.3,97
2026-09-25 23:24,68,0,0.1,96
2026-09-25 23:25,75,0,0.8,95
2026-09-25 23:26,70,0,0.3,98
2026-09-25 23:27,70,0,0.3,95
2026-09-25 23:28,72,0,0.5,97
2026-09-25 23:29,69,0,0.2,98
2026-09-25 23:30,70,0,0.3,97
2026-09-25 23:31,72,0,0.5,96
2026-09-25 23:32,68,0,0.1,97
2026-09-25 23:33,69,0,0.2,96
2026-09-25 23:34,72,0,0.5,97
2026-09-25 23:35,73,0,0.6,97
2026-09-25 23:36,70,0,0.3,96
2026-09-25 23:37,70,0,0.3,96
2026-09-25 23:38,72,0,0.5,98
2026-09-25 23:39,67,0,0.0,96
2026-09-25 23:40,69,0,0.2,96
2026-09-25 23:41,68,0,0.1,98
2026-09-25 23:42,67,0,0.0,96
2026-09-25 23:43,67,0,0.0,96
2026-09-25 23:44,69,0,0.2,96
2026-09-25 23:45,72,0,0.5,97
2026-09-25 23:46,71,0,0.4,96
2026-09-25 23:47,72,0,0.5,97
2026-09-25 23:48,67,0,0.0,95
2026-09-25 23:49,70,0,0.3,96
2026-09-25 23:50,73,0,0.6,97
2026-09-25 23:51,68,0,0.1,97
2026-09-25 23:52,67,0,0.0,98
2026-09-25 23:53,71,0,0.4,97
2026-09-25 23:54,70,0,0.3,95
2026-09-25 23:55,71,0,0.4,96
2026-09-25 23:56,70,0,0.3,96
2026-09-25 23:57,72,0,0.5,96
2026-09-25 23:58,71,0,0.4,97
2026-09-25 23:59,70,0,0.3,97
2026-09-26 00:00,69,0,0.3,96
2026-09-26 00:01,67,0,0.1,96
2026-09-26 00:02,68,0,0.2,96
2026-09-26 00:03,72,0,0.6,97
2026-09-26 00:04,72,0,0.6,97
2026-09-26 00:05,66,0,0.0,96
2026-09-26 00:06,70,0,0.4,97
2026-09-26 00:07,68,0,0.2,97
2026-09-26 00:08,68,0,0.2,97
2026-09-26 00:09,70,0,0.4,96
2026-09-26 00:10,72,0,0.6,96
2026-09-26 00:11,70,0,0.4,97
2026-09-26 00:12,67,0,0.1,97
2026-09-26 00:13,69,0,0.3,96
2026-09-26 00:14,70,0,0.4,96
2026-09-26 00:15,71,0,0.5,96
2026-09-26 00:16,69,0,0.3,96
2026-09-26 00:17,69,0,0.3,97
2026-09-26 00:18,70,0,0.4,96
2026-09-26 00:19,70,0,0.4,96
2026-09-26 00:20,66,0,0.0,97
2026-09-26 00:21,72,0,0.6,96
2026-09-26 00:22,70,0,0.4,96
2026-09-26 00:23,69,0,0.3,97
2026-09-26 00:24,67,0,0.1,97
2026-09-26 00:25,70,0,0.4,95
2026-09-26 00:26,73,0,0.7,96
2026-09-26 00:27,68,0,0.2,96
2026-09-26 00:28,66,0,0.0,96
2026-09-26 00:29,70,0,0.4,96
2026-09-26 00:30,69,0,0.3,95
2026-09-26 00:31,69,0,0.3,96
2026-09-26 00:32,66,0,0.0,98
2026-09-26 00:33,70,0,0.4,96
2026-09-26 00:34,70,0,0.4,96
2026-09-26 00:35,66,0,0.0,97
2026-09-26 00:36,69,0,0.3,95
2026-09-26 00:37,71,0,0.5,96
2026-09-26 00:38,67,0,0.1,97
2026-09-26 00:39,66,0,0.0,96
2026-09-26 00:40,69,0,0.3,97
2026-09-26 00:41,73,0,0.7,96
2026-09-26 00:42,70,0,0.4,97
2026-09-26 00:43,74,0,0.8,97
2026-09-26 00:44,70,0,0.4,96
2026-09-26 00:45,69,0,0.3,96
2026-09-26 00:46,68,0,0.2,97
2026-09-26 00:47,72,0,0.6,95
2026-09-26 00:48,66,0,0.0,97
2026-09-26 00:49,68,0,0.2,98
2026-09-26 00:50,68,0,0.2,97
2026-09-26 00:51,70,0,0.4,97
2026-09-26 00:52,69,0,0.3,96
2026-09-26 00:53,66,0,0.0,97
2026-09-26 00:54,67,0,0.1,98
2026-09-26 00:55,72,0,0.6,97
2026-09-26 00:56,69,0,0.3,96
2026-09-26 00:57,69,0,0.3,97
2026-09-26 00:58,68,0,0.2,96
2026-09-26 00:59,70,0,0.4,96
2026-09-26 01:00,68,0,0.2,96
2026-09-26 01:01,71,0,0.5,97
2026-09-26 01:02,71,0,0.5,96
2026-09-26 01:03,69,0,0.3,97
2026-09-26 01:04,71,0,0.5,97
2026-09-26 01:05,69,0,0.3,97
2026-09-26 01:06,68,0,0.2,95
2026-09-26 01:07,71,0,0.5,96
2026-09-26 01:08,69,0,0.3,97
2026-09-26 01:09,67,0,0.1,97
2026-09-26 01:10,72,0,0.6,95
2026-09-26 01:11,69,0,0.3,96
2026-09-26 01:12,70,0,0.4,95
2026-09-26 01:13,72,0,0.6,97
2026-09-26 01:14,67,0,0.1,96
2026-09-26 01:15,68,0,0.2,97
2026-09-26 01:16,71,0,0.5,97
2026-09-26 01:17,68,0,0.2,97
2026-09-26 01:18,68,0,0.2,96
2026-09-26 01:19,69,0,0.3,97
2026-09-26 01:20,68,0,0.2,99
2026-09-26 01:21,68,0,0.2,96
2026-09-26 01:22,70,0,0.4,97
2026-09-26 01:23,69,0,0.3,96
2026-09-26 01:24,72,0,0.6,97
2026-09-26 01:25,70,0,0.4,96
2026-09-26 01:26,72,0,0.6,97
2026-09-26 01:27,69,0,0.3,95
2026-09-26 01:28,73,0,0.7,96
2026-09-26 01:29,69,0,0.3,98
2026-09-26 01:30,72,0,0.6,96
2026-09-26 01:31,69,0,0.3,96
2026-09-26 01:32,72,0,0.6,97
2026-09-26 01:33,68,0,0.2,96
2026-09-26 01:34,68,0,0.2,95
2026-09-26 01:35,70,0,0.4,95
2026-09-26 01:36,67,0,0.1,97
2026-09-26 01:37,72,0,0.6,97
2026-09-26 01:38,69,0,0.3,96
2026-09-26 01:39,70,0,0.4,96
2026-09-26 01:40,71,0,0.5,97
2026-09-26 01:41,70,0,0.4,96
2026-09-26 01:42,68,0,0.2,97
2026-09-26 01:43,66,0,0.0,97
2026-09-26 01:44,66,0,0.0,96
2026-09-26 01:45,67,0,0.1,97
2026-09-26 01:46,68,0,0.2,97
2026-09-26 01:47,68,0,0.2,96
2026-09-26 01:48,70,0,0.4,96
2026-09-26 01:49,66,0,0.0,97
2026-09-26 01:50,66,0,0.0,96
2026-09-26 01:51,69,0,0.3,95
2026-09-26 01:52,73,0,0.7,97
2026-09-26 01:53,67,0,0.1,98
2026-09-26 01:54,69,0,0.3,97
2026-09-26 01:55,69,0,0.3,97
2026-09-26 01:56,71,0,0.5,95
2026-09-26 01:57,71,0,0.5,95
2026-09-26 01:58,68,0,0.2,96
2026-09-26 01:59,71,0,0.5,96
2026-09-26 02:00,69,0,0.3,96
2026-09-26 02:01,71,0,0.5,96
2026-09-26 02:02,73,0,0.7,96
2026-09-26 02:03,66,0,0.0,96
2026-09-26 02:04,66,0,0.0,97
2026-09-26 02:05,66,0,0.0,97
2026-09-26 02:06,67,0,0.1,97
2026-09-26 02:07,69,0,0.3,97
2026-09-26 02:08,69,0,0.3,96
2026-09-26 02:09,73,0,0.7,96
2026-09-26 02:10,72,0,0.6,95
2026-09-26 02:11,70,0,0.4,95
2026-09-26 02:12,69,0,0.3,97
2026-09-26 02:13,70,0,0.4,97
2026-09-26 02:14,70,0,0.4,96
2026-09-26 02:15,68,0,0.2,96
2026-09-26 02:16,70,0,0.4,95
2026-09-26 02:17,68,0,0.2,95
2026-09-26 02:18,69,0,0.3,96
2026-09-26 02:19,69,0,0.3,96
2026-09-26 02:20,68,0,0.2,95
2026-09-26 02:21,68,0,0.2,97
2026-09-26 02:22,69,0,0.3,96
2026-09-26 02:23,69,0,0.3,97
2026-09-26 02:24,67,0,0.1,97
2026-09-26 02:25,72,0,0.6,97
2026-09-26 02:26,72,0,0.6,96
2026-09-26 02:27,72,0,0.6,97
2026-09-26 02:28,71,0,0.5,97
2026-09-26 02:29,69,0,0.3,96
2026-09-26 02:30,67,0,0.1,97
2026-09-26 02:31,67,0,0.1,96
2026-09-26 02:32,66,0,0.0,97
2026-09-26 02:33,68,0,0.2,96
2026-09-26 02:34,66,0,0.0,96
2026-09-26 02:35,69,0,0.3,96
2026-09-26 02:36,70,0,0.4,97
2026-09-26 02:37,68,0,0.2,96
2026-09-26 02:38,68,0,0.2,96
2026-09-26 02:39,69,0,0.3,96
2026-09-26 02:40,70,0,0.4,98
2026-09-26 02:41,68,0,0.2,96
2026-09-26 02:42,72,0,0.6,97
2026-09-26 02:43,67,0,0.1,95
2026-09-26 02:44,68,0,0.2,96
2026-09-26 02:45,68,0,0.2,95
2026-09-26 02:46,69,0,0.3,96
2026-09-26 02:47,69,0,0.3,97
2026-09-26 02:48,70,0,0.4,98
2026-09-26 02:49,68,0,0.2,96
2026-09-26 02:50,72,0,0.6,97
2026-09-26 02:51,66,0,0.0,96
2026-09-26 02:52,70,0,0.4,96
2026-09-26 02:53,69,0,0.3,96
2026-09-26 02:54,66,0,0.0,97
2026-09-26 02:55,66,0,0.0,96
2026-09-26 02:56,69,0,0.3,96
2026-09-26 02:57,71,0,0.5,96
2026-09-26 02:58,70,0,0.4,97
2026-09-26 02:59,69,0,0.3,96
2026-09-26 03:00,68,0,0.2,97
2026-09-26 03:01,68,0,0.2,95
2026-09-26 03:02,68,0,0.2,97
2026-09-26 03:03,70,0,0.4,96
2026-09-26 03:04,71,0,0.5,96
2026-09-26 03:05,70,0,0.4,98
2026-09-26 03:06,68,0,0.2,97
2026-09-26 03:07,70,0,0.4,96
2026-09-26 03:08,71,0,0.5,96
2026-09-26 03:09,66,0,0.0,97
2026-09-26 03:10,70,0,0.4,97
2026-09-26 03:11,68,0,0.2,96
2026-09-26 03:12,69,0,0.3,97
2026-09-26 03:13,66,0,0.0,96
2026-09-26 03:14,67,0,0.1,94
2026-09-26 03:15,69,0,0.3,97
2026-09-26 03:16,68,0,0.2,96
2026-09-26 03:17,68,0,0.2,97
2026-09-26 03:18,67,0,0.1,96
2026-09-26 03:19,70,0,0.4,96
2026-09-26 03:20,71,0,0.5,96
2026-09-26 03:21,67,0,0.1,97
2026-09-26 03:22,69,0,0.3,97
2026-09-26 03:23,68,0,0.2,97
2026-09-26 03:24,69,0,0.3,97
2026-09-26 03:25,71,0,0.5,97
2026-09-26 03:26,69,0,0.3,96
2026-09-26 03:27,69,0,0.3,96
2026-09-26 03:28,67,0,0.1,97
2026-09-26 03:29,71,0,0.5,95
2026-09-26 03:30,72,0,0.6,96
2026-09-26 03:31,66,0,0.0,96
2026-09-26 03:32,70,0,0.4,97
2026-09-26 03:33,69,0,0.3,97
2026-09-26 03:34,66,0,0.0,98
2026-09-26 03:35,72,0,0.6,96
2026-09-26 03:36,70,0,0.4,96
2026-09-26 03:37,73,0,0.7,96
2026-09-26 03:38,67,0,0.1,96
2026-09-26 03:39,68,0,0.2,96
2026-09-26 03:40,66,0,0.0,96
2026-09-26 03:41,69,0,0.3,97
2026-09-26 03:42,66,0,0.0,95
2026-09-26 03:43,68,0,0.2,96
2026-09-26 03:44,71,0,0.5,96
2026-09-26 03:45,70,0,0.4,97
2026-09-26 03:46,71,0,0.5,98
2026-09-26 03:47,69,0,0.3,96
2026-09-26 03:48,70,0,0.4,96
2026-09-26 03:49,69,0,0.3,97
2026-09-26 03:50,66,0,0.0,97
2026-09-26 03:51,70,0,0.4,96
2026-09-26 03:52,69,0,0.3,96
2026-09-26 03:53,67,0,0.1,97
2026-09-26 03:54,67,0,0.1,96
2026-09-26 03:55,71,0,0.5,97
2026-09-26 03:56,66,0,0.0,96
2026-09-26 03:57,67,0,0.1,96
2026-09-26 03:58,70,0,0.4,96
2026-09-26 03:59,70,0,0.4,97
2026-09-26 04:00,69,0,0.3,95
2026-09-26 04:01,66,0,0.0,96
2026-09-26 04:02,71,0,0.5,96
2026-09-26 04:03,69,0,0.3,96
2026-09-26 04:04,66,0,0.0,95
2026-09-26 04:05,71,0,0.5,96
2026-09-26 04:06,69,0,0.3,97
2026-09-26 04:07,66,0,0.0,96
2026-09-26 04:08,66,0,0.0,96
2026-09-26 04:09,69,0,0.3,97
2026-09-26 04:10,68,0,0.2,97
2026-09-26 04:11,69,0,0.3,97
2026-09-26 04:12,69,0,0.3,96
2026-09-26 04:13,67,0,0.1,96
2026-09-26 04:14,70,0,0.4,97
2026-09-26 04:15,69,0,0.3,95
2026-09-26 04:16,67,0,0.1,95
2026-09-26 04:17,70,0,0.4,96
2026-09-26 04:18,69,0,0.3,98
2026-09-26 04:19,69,0,0.3,96
2026-09-26 04:20,70,0,0.4,97
2026-09-26 04:21,67,0,0.1,95
2026-09-26 04:22,67,0,0.1,96
2026-09-26 04:23,69,0,0.3,97
2026-09-26 04:24,67,0,0.1,96
2026-09-26 04:25,72,0,0.6,96
2026-09-26 04:26,69,0,0.3,97
2026-09-26 04:27,70,0,0.4,96
2026-09-26 04:28,72,0,0.6,96
2026-09-26 04:29,72,0,0.6,96
2026-09-26 04:30,73,0,0.7,96
2026-09-26 04:31,67,0,0.1,97
2026-09-26 04:32,72,0,0.6,97
2026-09-26 04:33,68,0,0.2,96
2026-09-26 04:34,69,0,0.3,97
2026-09-26 04:35,69,0,0.3,97
2026-09-26 04:36,69,0,0.3,96
2026-09-26 04:37,69,0,0.3,96
2026-09-26 04:38,70,0,0.4,98
2026-09-26 04:39,72,0,0.6,97
2026-09-26 04:40,66,0,0.0,98
2026-09-26 04:41,66,0,0.0,98
2026-09-26 04:42,66,0,0.0,96
2026-09-26 04:43,70,0,0.4,96
2026-09-26 04:44,69,0,0.3,96
2026-09-26 04:45,70,0,0.4,97
2026-09-26 04:46,73,0,0.7,94
2026-09-26 04:47,69,0,0.3,96
2026-09-26 04:48,66,0,0.0,97
2026-09-26 04:49,70,0,0.4,96
2026-09-26 04:50,73,0,0.7,97
2026-09-26 04:51,73,0,0.7,96
2026-09-26 04:52,69,0,0.3,95
2026-09-26 04:53,69,0,0.3,97
2026-09-26 04:54,70,0,0.4,96
2026-09-26 04:55,70,0,0.4,97
2026-09-26 04:56,69,0,0.3,96
2026-09-26 04:57,68,0,0.2,98
2026-09-26 04:58,72,0,0.6,97
2026-09-26 04:59,72,0,0.6,97
2026-09-26 05:00,69,0,0.3,96
2026-09-26 05:01,68,0,0.2,96
2026-09-26 05:02,68,0,0.2,97
2026-09-26 05:03,67,0,0.1,97
2026-09-26 05:04,67,0,0.1,96
2026-09-26 05:05,68,0,0.2,95
2026-09-26 05:06,68,0,0.2,96
2026-09-26 05:07,70,0,0.4,98
2026-09-26 05:08,68,0,0.2,96
2026-09-26 05:09,67,0,0.1,96
2026-09-26 05:10,68,0,0.2,95
2026-09-26 05:11,66,0,0.0,96
2026-09-26 05:12,70,0,0.4,96
2026-09-26 05:13,69,0,0.3,97
2026-09-26 05:14,72,0,0.6,97
2026-09-26 05:15,68,0,0.2,97
2026-09-26 05:16,69,0,0.3,97
2026-09-26 05:17,67,0,0.1,96
2026-09-26 05:18,73,0,0.7,98
2026-09-26 05:19,70,0,0.4,96
2026-09-26 05:20,71,0,0.5,97
2026-09-26 05:21,68,0,0.2,98
2026-09-26 05:22,70,0,0.4,96
2026-09-26 05:23,67,0,0.1,97
2026-09-26 05:24,68,0,0.2,96
2026-09-26 05:25,68,0,0.2,96
2026-09-26 05:26,67,0,0.1,97
2026-09-26 05:27,70,0,0.4,96
2026-09-26 05:28,71,0,0.5,96
2026-09-26 05:29,71,0,0.5,97
2026-09-26 05:30,67,0,0.1,95
2026-09-26 05:31,68,0,0.2,96
2026-09-26 05:32,69,0,0.3,96
2026-09-26 05:33,70,0,0.4,95
2026-09-26 05:34,67,0,0.1,97
2026-09-26 05:35,68,0,0.2,96
2026-09-26 05:36,71,0,0.5,96
2026-09-26 05:37,69,0,0.3,95
2026-09-26 05:38,69,0,0.3,96
2026-09-26 05:39,67,0,0.1,97
2026-09-26 05:40,68,0,0.2,95
2026-09-26 05:41,70,0,0.4,97
2026-09-26 05:42,71,0,0.5,97
2026-09-26 05:43,66,0,0.0,97
2026-09-26 05:44,70,0,0.4,95
2026-09-26 05:45,68,0,0.2,96
2026-09-26 05:46,67,0,0.1,97
2026-09-26 05:47,73,0,0.7,96
2026-09-26 05:48,70,0,0.4,96
2026-09-26 05:49,67,0,0.1,96
2026-09-26 05:50,67,0,0.1,97
2026-09-26 05:51,69,0,0.3,95
2026-09-26 05:52,66,0,0.0,97
2026-09-26 05:53,69,0,0.3,96
2026-09-26 05:54,70,0,0.4,96
2026-09-26 05:55,66,0,0.0,97
2026-09-26 05:56,69,0,0.3,94
2026-09-26 05:57,70,0,0.4,95
2026-09-26 05:58,68,0,0.2,97
2026-09-26 05:59,70,0,0.4,97
2026-09-26 06:00,70,0,0.4,95
2026-09-26 06:01,70,0,0.4,95
2026-09-26 06:02,68,0,0.2,96
2026-09-26 06:03,71,0,0.5,96
2026-09-26 06:04,68,0,0.2,96
2026-09-26 06:05,69,0,0.3,96
2026-09-26 06:06,69,0,0.3,97
2026-09-26 06:07,69,0,0.3,96
2026-09-26 06:08,66,0,0.0,95
2026-09-26 06:09,71,0,0.5,96
2026-09-26 06:10,70,0,0.4,97
2026-09-26 06:11,69,0,0.3,97
2026-09-26 06:12,70,0,0.4,96
2026-09-26 06:13,68,0,0.2,95
2026-09-26 06:14,69,0,0.3,96
2026-09-26 06:15,70,0,0.4,98
2026-09-26 06:16,66,0,0.0,97
2026-09-26 06:17,67,0,0.1,97
2026-09-26 06:18,68,0,0.2,95
2026-09-26 06:19,68,0,0.2,96
2026-09-26 06:20,68,0,0.2,96
2026-09-26 06:21,67,0,0.1,98
2026-09-26 06:22,69,0,0.3,96
2026-09-26 06:23,70,0,0.4,96
2026-09-26 06:24,70,0,0.4,96
2026-09-26 06:25,71,0,0.5,94
2026-09-26 06:26,70,0,0.4,97
2026-09-26 06:27,72,0,0.6,95
2026-09-26 06:28,72,0,0.6,96
2026-09-26 06:29,68,0,0.2,95
2026-09-26 06:30,76,5,1.0,96
2026-09-26 06:31,79,14,1.3,96
2026-09-26 06:32,76,2,1.0,96
2026-09-26 06:33,77,0,1.1,97
2026-09-26 06:34,79,8,1.3,95
2026-09-26 06:35,76,0,1.0,96
2026-09-26 06:36,76,5,1.0,97
2026-09-26 06:37,76,4,1.0,96
2026-09-26 06:38,77,5,1.1,96
2026-09-26 06:39,78,7,1.2,98
2026-09-26 06:40,73,10,0.7,97
2026-09-26 06:41,77,1,1.1,96
2026-09-26 06:42,77,0,1.1,96
2026-09-26 06:43,75,2,0.9,96
2026-09-26 06:44,79,2,1.3,97
2026-09-26 06:45,83,18,1.7,95
2026-09-26 06:46,77,0,1.1,97
2026-09-26 06:47,73,0,0.7,97
2026-09-26 06:48,79,4,1.3,97
2026-09-26 06:49,77,3,1.1,96
2026-09-26 06:50,77,1,1.1,96
2026-09-26 06:51,73,4,0.7,96
2026-09-26 06:52,76,9,1.0,96
2026-09-26 06:53,76,1,1.0,97
2026-09-26 06:54,73,0,0.7,97
2026-09-26 06:55,79,3,1.3,96
2026-09-26 06:56,75,4,0.9,97
2026-09-26 06:57,77,0,1.1,95
2026-09-26 06:58,77,2,1.1,96
2026-09-26 06:59,81,0,1.5,96
2026-09-26 07:00,79,9,1.3,96
2026-09-26 07:01,79,0,1.3,96
2026-09-26 07:02,75,0,0.9,97
2026-09-26 07:03,74,0,0.8,97
2026-09-26 07:04,77,0,1.1,97
2026-09-26 07:05,79,2,1.3,96
2026-09-26 07:06,76,3,1.0,97
2026-09-26 07:07,79,2,1.3,97
2026-09-26 07:08,79,6,1.3,96
2026-09-26 07:09,76,1,1.0,95
2026-09-26 07:10,76,0,1.0,96
2026-09-26 07:11,78,5,1.2,98
2026-09-26 07:12,76,5,1.0,96
2026-09-26 07:13,80,11,1.4,96
2026-09-26 07:14,78,3,1.2,97
2026-09-26 07:15,74,0,0.8,95
2026-09-26 07:16,72,3,0.6,96
2026-09-26 07:17,77,0,1.1,96
2026-09-26 07:18,75,2,0.9,97
2026-09-26 07:19,78,3,1.2,96
2026-09-26 07:20,84,32,1.8,96
2026-09-26 07:21,77,1,1.1,95
2026-09-26 07:22,76,2,1.0,97
2026-09-26 07:23,76,1,1.0,95
2026-09-26 07:24,78,7,1.2,97
2026-09-26 07:25,81,16,1.5,96
2026-09-26 07:26,73,3,0.7,97
2026-09-26 07:27,82,11,1.6,98
2026-09-26 07:28,81,10,1.5,96
2026-09-26 07:29,78,6,1.2,97
2026-09-26 07:30,76,12,1.0,97
2026-09-26 07:31,78,0,1.2,97
2026-09-26 07:32,76,0,1.0,96
2026-09-26 07:33,81,7,1.5,97
2026-09-26 07:34,76,3,1.0,96
2026-09-26 07:35,79,11,1.3,96
2026-09-26 07:36,78,2,1.2,97
2026-09-26 07:37,73,4,0.7,97
2026-09-26 07:38,79,14,1.3,96
2026-09-26 07:39,76,3,1.0,96
2026-09-26 07:40,71,0,0.5,97
2026-09-26 07:41,80,19,1.4,97
2026-09-26 07:42,77,2,1.1,95
2026-09-26 07:43,77,0,1.1,97
2026-09-26 07:44,79,1,1.3,98
2026-09-26 07:45,78,0,1.2,96
2026-09-26 07:46,74,3,0.8,97
2026-09-26 07:47,78,1,1.2,96
2026-09-26 07:48,77,0,1.1,97
2026-09-26 07:49,83,22,1.7,97
2026-09-26 07:50,74,0,0.8,95
2026-09-26 07:51,80,0,1.4,96
2026-09-26 07:52,79,0,1.3,95
2026-09-26 07:53,77,1,1.1,96
2026-09-26 07:54,74,0,0.8,98
2026-09-26 07:55,74,2,0.8,96
2026-09-26 07:56,74,0,0.8,96
2026-09-26 07:57,79,4,1.3,96
2026-09-26 07:58,74,5,0.8,97
2026-09-26 07:59,79,2,1.3,96
2026-09-26 08:00,76,3,1.0,96
2026-09-26 08:01,78,6,1.2,96
2026-09-26 08:02,80,7,1.4,96
2026-09-26 08:03,84,11,1.8,95
2026-09-26 08:04,79,4,1.3,95
2026-09-26 08:05,77,3,1.1,97
2026-09-26 08:06,78,6,1.2,96
2026-09-26 08:07,76,0,1.0,96
2026-09-26 08:08,76,0,1.0,96
2026-09-26 08:09,78,6,1.2,97
2026-09-26 08:10,75,4,0.9,96
2026-09-26 08:11,77,2,1.1,96
2026-09-26 08:12,74,1,0.8,96
2026-09-26 08:13,79,3,1.3,97
2026-09-26 08:14,76,2,1.0,95
2026-09-26 08:15,74,0,0.8,95
2026-09-26 08:16,80,9,1.4,97
2026-09-26 08:17,78,2,1.2,95
2026-09-26 08:18,76,0,1.0,96
2026-09-26 08:19,73,0,0.7,95
2026-09-26 08:20,76,8,1.0,95
2026-09-26 08:21,80,9,1.4,96
2026-09-26 08:22,81,1,1.5,97
2026-09-26 08:23,77,3,1.1,97
2026-09-26 08:24,77,2,1.1,95
2026-09-26 08:25,77,1,1.1,96
2026-09-26 08:26,78,11,1.2,97
2026-09-26 08:27,82,13,1.6,96
2026-09-26 08:28,75,1,0.9,96
2026-09-26 08:29,84,26,1.8,97
2026-09-26 08:30,76,4,1.0,96
2026-09-26 08:31,74,0,0.8,95
2026-09-26 08:32,79,14,1.3,96
2026-09-26 08:33,74,1,0.8,97
2026-09-26 08:34,76,4,1.0,96
2026-09-26 08:35,79,1,1.3,96
2026-09-26 08:36,77,2,1.1,97
2026-09-26 08:37,80,18,1.4,96
2026-09-26 08:38,77,0,1.1,95
2026-09-26 08:39,77,7,1.1,96
2026-09-26 08:40,79,2,1.3,96
2026-09-26 08:41,79,6,1.3,96
2026-09-26 08:42,81,20,1.5,96
2026-09-26 08:43,76,2,1.0,96
2026-09-26 08:44,79,8,1.3,95
2026-09-26 08:45,77,9,1.1,96
2026-09-26 08:46,77,10,1.1,98
2026-09-26 08:47,78,6,1.2,95
2026-09-26 08:48,75,1,0.9,97
2026-09-26 08:49,78,6,1.2,97
2026-09-26 08:50,78,0,1.2,96
2026-09-26 08:51,82,22,1.6,96
2026-09-26 08:52,80,11,1.4,97
2026-09-26 08:53,85,20,1.9,96
2026-09-26 08:54,76,2,1.0,96
2026-09-26 08:55,79,2,1.3,96
2026-09-26 08:56,75,1,0.9,98
2026-09-26 08:57,74,0,0.8,95
2026-09-26 08:58,80,13,1.4,97
2026-09-26 08:59,76,0,1.0,98
2026-09-26 09:00,75,5,0.9,96
2026-09-26 09:01,79,1,1.3,98
2026-09-26 09:02,80,9,1.4,96
2026-09-26 09:03,74,0,0.8,96
2026-09-26 09:04,77,6,1.1,97
2026-09-26 09:05,83,24,1.7,96
2026-09-26 09:06,75,4,0.9,96
2026-09-26 09:07,77,2,1.1,97
2026-09-26 09:08,74,1,0.8,96
2026-09-26 09:09,73,0,0.7,97
2026-09-26 09:10,80,3,1.4,97
2026-09-26 09:11,76,4,1.0,95
2026-09-26 09:12,83,27,1.7,96
2026-09-26 09:13,76,3,1.0,97
2026-09-26 09:14,84,33,1.8,96
2026-09-26 09:15,80,1,1.4,97
2026-09-26 09:16,79,6,1.3,97
2026-09-26 09:17,78,0,1.2,96
2026-09-26 09:18,78,0,1.2,96
2026-09-26 09:19,81,4,1.5,96
2026-09-26 09:20,73,5,0.7,96
2026-09-26 09:21,80,8,1.4,97
2026-09-26 09:22,77,3,1.1,96
2026-09-26 09:23,77,3,1.1,96
2026-09-26 09:24,83,17,1.7,96
2026-09-26 09:25,78,1,1.2,97
2026-09-26 09:26,73,0,0.7,97
2026-09-26 09:27,77,1,1.1,96
2026-09-26 09:28,76,1,1.0,97
2026-09-26 09:29,80,7,1.4,98
2026-09-26 09:30,72,1,0.6,96
2026-09-26 09:31,77,0,1.1,97
2026-09-26 09:32,77,4,1.1,98
2026-09-26 09:33,78,1,1.2,96
2026-09-26 09:34,77,0,1.1,97
2026-09-26 09:35,74,8,0.8,95
2026-09-26 09:36,77,0,1.1,97
2026-09-26 09:37,80,13,1.4,97
2026-09-26 09:38,76,6,1.0,97
2026-09-26 09:39,78,0,1.2,96
2026-09-26 09:40,76,1,1.0,97
2026-09-26 09:41,80,1,1.4,97
2026-09-26 09:42,78,0,1.2,97
2026-09-26 09:43,74,0,0.8,96
2026-09-26 09:44,79,5,1.3,96
2026-09-26 09:45,76,1,1.0,96
2026-09-26 09:46,76,0,1.0,96
2026-09-26 09:47,79,10,1.3,96
2026-09-26 09:48,79,4,1.3,95
2026-09-26 09:49,75,2,0.9,96
2026-09-26 09:50,80,10,1.4,96
2026-09-26 09:51,73,0,0.7,96
2026-09-26 09:52,77,1,1.1,95
2026-09-26 09:53,74,2,0.8,95
2026-09-26 09:54,74,0,0.8,96
2026-09-26 09:55,77,2,1.1,96
2026-09-26 09:56,77,10,1.1,98
2026-09-26 09:57,84,19,1.8,96
2026-09-26 09:58,74,0,0.8,97
2026-09-26 09:59,80,3,1.4,97
2026-09-26 10:00,78,1,1.2,97
2026-09-26 10:01,76,1,1.0,96
2026-09-26 10:02,77,0,1.1,97
2026-09-26 10:03,77,3,1.1,97
2026-09-26 10:04,88,24,2.2,95
2026-09-26 10:05,77,0,1.1,97
2026-09-26 10:06,76,5,1.0,96
2026-09-26 10:07,78,4,1.2,95
2026-09-26 10:08,77,5,1.1,96
2026-09-26 10:09,76,0,1.0,97
2026-09-26 10:10,76,4,1.0,97
2026-09-26 10:11,85,34,1.9,96
2026-09-26 10:12,80,7,1.4,97
2026-09-26 10:13,76,1,1.0,97
2026-09-26 10:14,78,1,1.2,95
2026-09-26 10:15,78,7,1.2,96
2026-09-26 10:16,77,3,1.1,97
2026-09-26 10:17,76,3,1.0,96
2026-09-26 10:18,79,1,1.3,96
2026-09-26 10:19,80,1,1.4,97
2026-09-26 10:20,77,5,1.1,96
2026-09-26 10:21,78,0,1.2,96
2026-09-26 10:22,73,0,0.7,95
2026-09-26 10:23,74,1,0.8,98
2026-09-26 10:24,78,2,1.2,95
2026-09-26 10:25,73,0,0.7,96
2026-09-26 10:26,81,0,1.5,97
2026-09-26 10:27,79,2,1.3,96
2026-09-26 10:28,80,1,1.4,96
2026-09-26 10:29,76,1,1.0,96
2026-09-26 10:30,77,13,1.1,97
2026-09-26 10:31,78,13,1.2,97
2026-09-26 10:32,74,0,0.8,95
2026-09-26 10:33,78,0,1.2,95
2026-09-26 10:34,74,0,0.8,97
2026-09-26 10:35,75,1,0.9,97
2026-09-26 10:36,79,1,1.3,96
2026-09-26 10:37,74,0,0.8,97
2026-09-26 10:38,75,1,0.9,95
2026-09-26 10:39,79,0,1.3,95
2026-09-26 10:40,83,7,1.7,95
2026-09-26 10:41,76,12,1.0,97
2026-09-26 10:42,71,0,0.5,96
2026-09-26 10:43,75,2,0.9,97
2026-09-26 10:44,77,1,1.1,95
2026-09-26 10:45,78,6,1.2,98
2026-09-26 10:46,75,0,0.9,96
2026-09-26 10:47,73,0,0.7,98
2026-09-26 10:48,80,9,1.4,97
2026-09-26 10:49,75,1,0.9,95
2026-09-26 10:50,78,12,1.2,96
2026-09-26 10:51,78,6,1.2,96
2026-09-26 10:52,79,0,1.3,97
2026-09-26 10:53,82,18,1.6,96
2026-09-26 10:54,81,0,1.5,97
2026-09-26 10:55,77,6,1.1,96
2026-09-26 10:56,78,3,1.2,96
2026-09-26 10:57,72,0,0.6,96
2026-09-26 10:58,84,30,1.8,96
2026-09-26 10:59,77,2,1.1,96
2026-09-26 11:00,76,4,1.0,97
2026-09-26 11:01,74,0,0.8,97
2026-09-26 11:02,75,1,0.9,96
2026-09-26 11:03,76,6,1.0,96
2026-09-26 11:04,76,5,1.0,96
2026-09-26 11:05,77,2,1.1,97
2026-09-26 11:06,78,3,1.2,96
2026-09-26 11:07,74,0,0.8,97
2026-09-26 11:08,76,0,1.0,97
2026-09-26 11:09,75,2,0.9,96
2026-09-26 11:10,78,0,1.2,96
2026-09-26 11:11,82,7,1.6,96
2026-09-26 11:12,77,1,1.1,97
2026-09-26 11:13,77,0,1.1,96
2026-09-26 11:14,76,0,1.0,96
2026-09-26 11:15,77,1,1.1,96
2026-09-26 11:16,76,2,1.0,97
2026-09-26 11:17,74,1,0.8,97
2026-09-26 11:18,82,13,1.6,95
2026-09-26 11:19,81,1,1.5,97
2026-09-26 11:20,80,9,1.4,97
2026-09-26 11:21,76,1,1.0,97
2026-09-26 11:22,80,10,1.4,97
2026-09-26 11:23,80,2,1.4,96
2026-09-26 11:24,75,0,0.9,96
2026-09-26 11:25,78,0,1.2,97
2026-09-26 11:26,77,1,1.1,97
2026-09-26 11:27,72,0,0.6,96
2026-09-26 11:28,77,7,1.1,96
2026-09-26 11:29,78,2,1.2,97
2026-09-26 11:30,86,31,2.0,96
2026-09-26 11:31,76,2,1.0,97
2026-09-26 11:32,75,5,0.9,96
2026-09-26 11:33,77,0,1.1,96
2026-09-26 11:34,85,28,1.9,97
2026-09-26 11:35,81,13,1.5,95
2026-09-26 11:36,81,5,1.5,97
2026-09-26 11:37,76,0,1.0,96
2026-09-26 11:38,80,7,1.4,96
2026-09-26 11:39,77,0,1.1,96
2026-09-26 11:40,82,0,1.6,96
2026-09-26 11:41,88,36,2.2,96
2026-09-26 11:42,81,0,1.5,96
2026-09-26 11:43,74,1,0.8,95
2026-09-26 11:44,75,4,0.9,96
2026-09-26 11:45,77,0,1.1,96
2026-09-26 11:46,76,0,1.0,97
2026-09-26 11:47,80,3,1.4,96
2026-09-26 11:48,79,3,1.3,98
2026-09-26 11:49,78,1,1.2,96
2026-09-26 11:50,76,6,1.0,97
2026-09-26 11:51,76,0,1.0,95
2026-09-26 11:52,79,3,1.3,96
2026-09-26 11:53,76,4,1.0,96
2026-09-26 11:54,77,2,1.1,95
2026-09-26 11:55,79,2,1.3,95
2026-09-26 11:56,81,15,1.5,96
2026-09-26 11:57,77,0,1.1,96
2026-09-26 11:58,80,5,1.4,97
2026-09-26 11:59,79,8,1.3,96
2026-09-26 12:00,74,1,0.8,96
2026-09-26 12:01,78,6,1.2,95
2026-09-26 12:02,76,0,1.0,97
2026-09-26 12:03,77,0,1.1,97
2026-09-26 12:04,81,0,1.5,96
2026-09-26 12:05,81,7,1.5,96
2026-09-26 12:06,78,5,1.2,96
2026-09-26 12:07,77,6,1.1,97
2026-09-26 12:08,87,29,2.1,95
2026-09-26 12:09,77,2,1.1,96
2026-09-26 12:10,79,2,1.3,95
2026-09-26 12:11,77,0,1.1,96
2026-09-26 12:12,79,1,1.3,97
2026-09-26 12:13,78,11,1.2,96
2026-09-26 12:14,76,1,1.0,97
2026-09-26 12:15,76,0,1.0,96
2026-09-26 12:16,78,12,1.2,96
2026-09-26 12:17,77,0,1.1,97
2026-09-26 12:18,79,11,1.3,97
2026-09-26 12:19,75,0,0.9,97
2026-09-26 12:20,79,14,1.3,97
2026-09-26 12:21,79,9,1.3,97
2026-09-26 12:22,73,0,0.7,96
2026-09-26 12:23,78,0,1.2,97
2026-09-26 12:24,77,1,1.1,98
2026-09-26 12:25,81,13,1.5,96
2026-09-26 12:26,82,12,1.6,96
2026-09-26 12:27,78,4,1.2,95
2026-09-26 12:28,76,0,1.0,96
2026-09-26 12:29,84,18,1.8,95
2026-09-26 12:30,76,2,1.0,96
2026-09-26 12:31,76,0,1.0,95
2026-09-26 12:32,72,0,0.6,96
2026-09-26 12:33,75,0,0.9,95
2026-09-26 12:34,76,0,1.0,96
2026-09-26 12:35,77,0,1.1,96
2026-09-26 12:36,79,7,1.3,97
2026-09-26 12:37,82,12,1.6,97
2026-09-26 12:38,77,7,1.1,97
2026-09-26 12:39,76,3,1.0,96
2026-09-26 12:40,77,1,1.1,95
2026-09-26 12:41,75,3,0.9,97
2026-09-26 12:42,80,17,1.4,97
2026-09-26 12:43,76,0,1.0,96
2026-09-26 12:44,75,10,0.9,97
2026-09-26 12:45,73,0,0.7,98
2026-09-26 12:46,83,20,1.7,97
2026-09-26 12:47,77,8,1.1,96
2026-09-26 12:48,81,13,1.5,96
2026-09-26 12:49,76,4,1.0,96
2026-09-26 12:50,75,2,0.9,98
2026-09-26 12:51,81,12,1.5,95
2026-09-26 12:52,76,0,1.0,96
2026-09-26 12:53,77,0,1.1,97
2026-09-26 12:54,75,1,0.9,96
2026-09-26 12:55,76,4,1.0,95
2026-09-26 12:56,78,8,1.2,97
2026-09-26 12:57,74,0,0.8,97
2026-09-26 12:58,76,0,1.0,95
2026-09-26 12:59,74,0,0.8,97
2026-09-26 13:00,77,2,1.1,97
2026-09-26 13:01,78,1,1.2,98
2026-09-26 13:02,78,2,1.2,97
2026-09-26 13:03,74,0,0.8,97
2026-09-26 13:04,79,3,1.3,96
2026-09-26 13:05,73,0,0.7,97
2026-09-26 13:06,79,9,1.3,98
2026-09-26 13:07,79,8,1.3,97
2026-09-26 13:08,78,1,1.2,96
2026-09-26 13:09,77,8,1.1,96
2026-09-26 13:10,75,0,0.9,98
2026-09-26 13:11,80,4,1.4,95
2026-09-26 13:12,78,0,1.2,96
2026-09-26 13:13,78,12,1.2,96
2026-09-26 13:14,75,0,0.9,97
2026-09-26 13:15,75,2,0.9,96
2026-09-26 13:16,72,3,0.6,96
2026-09-26 13:17,79,2,1.3,96
2026-09-26 13:18,78,11,1.2,97
2026-09-26 13:19,78,7,1.2,97
2026-09-26 13:20,77,1,1.1,96
2026-09-26 13:21,75,5,0.9,96
2026-09-26 13:22,78,0,1.2,95
2026-09-26 13:23,77,7,1.1,97
2026-09-26 13:24,75,7,0.9,96
2026-09-26 13:25,77,2,1.1,96
2026-09-26 13:26,80,11,1.4,96
2026-09-26 13:27,75,0,0.9,95
2026-09-26 13:28,81,16,1.5,95
2026-09-26 13:29,79,0,1.3,96
2026-09-26 13:30,77,0,1.1,98
2026-09-26 13:31,76,1,1.0,96
2026-09-26 13:32,75,0,0.9,97
2026-09-26 13:33,81,4,1.5,96
2026-09-26 13:34,75,0,0.9,98
2026-09-26 13:35,76,14,1.0,96
2026-09-26 13:36,78,0,1.2,95
2026-09-26 13:37,76,2,1.0,96
2026-09-26 13:38,72,0,0.6,97
2026-09-26 13:39,75,6,0.9,97
2026-09-26 13:40,78,14,1.2,96
2026-09-26 13:41,72,1,0.6,97
2026-09-26 13:42,75,2,0.9,97
2026-09-26 13:43,75,0,0.9,96
2026-09-26 13:44,79,0,1.3,96
2026-09-26 13:45,76,0,1.0,97
2026-09-26 13:46,75,2,0.9,97
2026-09-26 13:47,76,2,1.0,96
2026-09-26 13:48,80,11,1.4,96
2026-09-26 13:49,79,5,1.3,98
2026-09-26 13:50,80,4,1.4,97
2026-09-26 13:51,73,3,0.7,97
2026-09-26 13:52,73,0,0.7,95
2026-09-26 13:53,76,0,1.0,97
2026-09-26 13:54,81,4,1.5,95
2026-09-26 13:55,75,1,0.9,97
2026-09-26 13:56,78,0,1.2,97
2026-09-26 13:57,76,2,1.0,96
2026-09-26 13:58,78,11,1.2,96
2026-09-26 13:59,76,1,1.0,96
2026-09-26 14:00,83,13,1.7,96
2026-09-26 14:01,76,3,1.0,95
2026-09-26 14:02,76,1,1.0,97
2026-09-26 14:03,77,1,1.1,95
2026-09-26 14:04,79,3,1.3,96
2026-09-26 14:05,76,1,1.0,96
2026-09-26 14:06,83,18,1.7,97
2026-09-26 14:07,89,31,2.3,95
2026-09-26 14:08,78,2,1.2,97
2026-09-26 14:09,78,9,1.2,97
2026-09-26 14:10,77,5,1.1,94
2026-09-26 14:11,78,5,1.2,95
2026-09-26 14:12,76,3,1.0,96
2026-09-26 14:13,74,1,0.8,96
2026-09-26 14:14,74,1,0.8,96
2026-09-26 14:15,81,20,1.5,97
2026-09-26 14:16,73,2,0.7,97
2026-09-26 14:17,84,8,1.8,96
2026-09-26 14:18,79,4,1.3,97
2026-09-26 14:19,76,3,1.0,96
2026-09-26 14:20,75,0,0.9,97
2026-09-26 14:21,80,4,1.4,96
2026-09-26 14:22,74,2,0.8,96
2026-09-26 14:23,75,2,0.9,96
2026-09-26 14:24,79,2,1.3,97
2026-09-26 14:25,76,0,1.0,96
2026-09-26 14:26,78,0,1.2,96
2026-09-26 14:27,82,20,1.6,95
2026-09-26 14:28,77,2,1.1,97
2026-09-26 14:29,75,1,0.9,97
2026-09-26 14:30,80,9,1.4,96
2026-09-26 14:31,81,14,1.5,97
2026-09-26 14:32,78,6,1.2,96
2026-09-26 14:33,81,19,1.5,96
2026-09-26 14:34,79,3,1.3,96
2026-09-26 14:35,79,8,1.3,97
2026-09-26 14:36,78,2,1.2,98
2026-09-26 14:37,74,2,0.8,96
2026-09-26 14:38,73,0,0.7,96
2026-09-26 14:39,78,1,1.2,97
2026-09-26 14:40,76,3,1.0,97
2026-09-26 14:41,77,8,1.1,97
2026-09-26 14:42,81,14,1.5,95
2026-09-26 14:43,79,0,1.3,97
2026-09-26 14:44,77,6,1.1,96
2026-09-26 14:45,82,21,1.6,96
2026-09-26 14:46,77,1,1.1,97
2026-09-26 14:47,77,0,1.1,96
2026-09-26 14:48,77,3,1.1,97
2026-09-26 14:49,80,25,1.4,96
2026-09-26 14:50,80,9,1.4,96
2026-09-26 14:51,75,0,0.9,98
2026-09-26 14:52,80,0,1.4,96
2026-09-26 14:53,76,5,1.0,97
2026-09-26 14:54,82,19,1.6,97
2026-09-26 14:55,77,2,1.1,96
2026-09-26 14:56,81,16,1.5,96
2026-09-26 14:57,84,10,1.8,96
2026-09-26 14:58,76,2,1.0,96
2026-09-26 14:59,78,1,1.2,95
2026-09-26 15:00,76,1,1.0,97
2026-09-26 15:01,81,18,1.5,96
2026-09-26 15:02,78,0,1.2,95
2026-09-26 15:03,79,6,1.3,97
2026-09-26 15:04,80,15,1.4,96
2026-09-26 15:05,74,0,0.8,95
2026-09-26 15:06,78,5,1.2,97
2026-09-26 15:07,85,6,1.9,96
2026-09-26 15:08,79,10,1.3,96
2026-09-26 15:09,80,10,1.4,97
2026-09-26 15:10,75,1,0.9,97
2026-09-26 15:11,83,0,1.7,96
2026-09-26 15:12,76,8,1.0,97
2026-09-26 15:13,77,7,1.1,97
2026-09-26 15:14,74,4,0.8,97
2026-09-26 15:15,79,4,1.3,97
2026-09-26 15:16,97,68,3.1,97
2026-09-26 15:17,78,3,1.2,94
2026-09-26 15:18,76,1,1.0,96
2026-09-26 15:19,80,2,1.4,98
2026-09-26 15:20,79,1,1.3,96
2026-09-26 15:21,80,5,1.4,96
2026-09-26 15:22,73,8,0.7,96
2026-09-26 15:23,75,2,0.9,95
2026-09-26 15:24,76,0,1.0,97
2026-09-26 15:25,80,7,1.4,98
2026-09-26 15:26,71,0,0.5,97
2026-09-26 15:27,80,1,1.4,96
2026-09-26 15:28,77,0,1.1,96
2026-09-26 15:29,84,16,1.8,96
2026-09-26 15:30,77,11,1.1,97
2026-09-26 15:31,75,0,0.9,96
2026-09-26 15:32,74,0,0.8,97
2026-09-26 15:33,76,5,1.0,97
2026-09-26 15:34,75,3,0.9,95
2026-09-26 15:35,73,2,0.7,96
2026-09-26 15:36,83,15,1.7,97
2026-09-26 15:37,77,1,1.1,97
2026-09-26 15:38,74,0,0.8,96
2026-09-26 15:39,73,5,0.7,97
2026-09-26 15:40,79,1,1.3,96
2026-09-26 15:41,74,8,0.8,96
2026-09-26 15:42,74,0,0.8,96
2026-09-26 15:43,75,6,0.9,97
2026-09-26 15:44,75,0,0.9,95
2026-09-26 15:45,77,0,1.1,96
2026-09-26 15:46,80,6,1.4,96
2026-09-26 15:47,77,1,1.1,96
2026-09-26 15:48,74,2,0.8,96
2026-09-26 15:49,79,0,1.3,97
2026-09-26 15:50,82,12,1.6,96
2026-09-26 15:51,82,14,1.6,96
2026-09-26 15:52,81,1,1.5,97
2026-09-26 15:53,77,10,1.1,95
2026-09-26 15:54,75,2,0.9,98
2026-09-26 15:55,77,9,1.1,96
2026-09-26 15:56,75,1,0.9,96
2026-09-26 15:57,78,2,1.2,95
2026-09-26 15:58,78,5,1.2,96
2026-09-26 15:59,87,40,2.1,96
2026-09-26 16:00,83,15,1.7,96
2026-09-26 16:01,76,1,1.0,96
2026-09-26 16:02,75,0,0.9,95
2026-09-26 16:03,77,9,1.1,97
2026-09-26 16:04,74,3,0.8,97
2026-09-26 16:05,76,0,1.0,97
2026-09-26 16:06,75,2,0.9,97
2026-09-26 16:07,76,0,1.0,97
2026-09-26 16:08,79,8,1.3,96
2026-09-26 16:09,85,28,1.9,98
2026-09-26 16:10,76,3,1.0,96
2026-09-26 16:11,80,1,1.4,95
2026-09-26 16:12,74,2,0.8,98
2026-09-26 16:13,80,8,1.4,96
2026-09-26 16:14,81,17,1.5,96
2026-09-26 16:15,77,0,1.1,96
2026-09-26 16:16,75,1,0.9,96
2026-09-26 16:17,75,3,0.9,97
2026-09-26 16:18,78,1,1.2,97
2026-09-26 16:19,73,0,0.7,95
2026-09-26 16:20,80,11,1.4,97
2026-09-26 16:21,73,0,0.7,96
2026-09-26 16:22,73,1,0.7,95
2026-09-26 16:23,76,1,1.0,97
2026-09-26 16:24,75,0,0.9,97
2026-09-26 16:25,81,3,1.5,96
2026-09-26 16:26,73,1,0.7,96
2026-09-26 16:27,76,0,1.0,97
2026-09-26 16:28,76,0,1.0,96
2026-09-26 16:29,77,1,1.1,96
2026-09-26 16:30,75,1,0.9,97
2026-09-26 16:31,78,16,1.2,97
2026-09-26 16:32,77,0,1.1,95
2026-09-26 16:33,79,6,1.3,97
2026-09-26 16:34,77,0,1.1,95
2026-09-26 16:35,78,4,1.2,96
2026-09-26 16:36,79,3,1.3,97
2026-09-26 16:37,80,8,1.4,96
2026-09-26 16:38,78,1,1.2,97
2026-09-26 16:39,75,0,0.9,97
2026-09-26 16:40,78,1,1.2,95
2026-09-26 16:41,77,8,1.1,97
2026-09-26 16:42,77,1,1.1,96
2026-09-26 16:43,79,18,1.3,96
2026-09-26 16:44,79,11,1.3,96
2026-09-26 16:45,78,1,1.2,96
2026-09-26 16:46,76,3,1.0,97
2026-09-26 16:47,79,3,1.3,97
2026-09-26 16:48,77,7,1.1,96
2026-09-26 16:49,81,7,1.5,96
2026-09-26 16:50,77,3,1.1,97
2026-09-26 16:51,82,4,1.6,97
2026-09-26 16:52,81,11,1.5,97
2026-09-26 16:53,76,1,1.0,96
2026-09-26 16:54,74,0,0.8,97
2026-09-26 16:55,76,3,1.0,97
2026-09-26 16:56,81,4,1.5,97
2026-09-26 16:57,73,0,0.7,97
2026-09-26 16:58,78,17,1.2,96
2026-09-26 16:59,78,5,1.2,96
2026-09-26 17:00,86,24,2.0,96
2026-09-26 17:01,76,1,1.0,96
2026-09-26 17:02,76,6,1.0,96
2026-09-26 17:03,76,2,1.0,96
2026-09-26 17:04,79,10,1.3,96
2026-09-26 17:05,78,0,1.2,96
2026-09-26 17:06,82,7,1.6,96
2026-09-26 17:07,82,22,1.6,95
2026-09-26 17:08,75,1,0.9,96
2026-09-26 17:09,76,8,1.0,96
2026-09-26 17:10,73,3,0.7,97
2026-09-26 17:11,78,8,1.2,96
2026-09-26 17:12,73,0,0.7,95
2026-09-26 17:13,79,4,1.3,95
2026-09-26 17:14,77,6,1.1,96
2026-09-26 17:15,75,0,0.9,96
2026-09-26 17:16,80,4,1.4,97
2026-09-26 17:17,72,0,0.6,95
2026-09-26 17:18,81,10,1.5,97
2026-09-26 17:19,76,0,1.0,96
2026-09-26 17:20,77,3,1.1,96
2026-09-26 17:21,76,0,1.0,96
2026-09-26 17:22,74,1,0.8,97
2026-09-26 17:23,77,0,1.1,97
2026-09-26 17:24,78,0,1.2,95
2026-09-26 17:25,72,0,0.6,96
2026-09-26 17:26,82,19,1.6,97
2026-09-26 17:27,77,5,1.1,97
2026-09-26 17:28,76,1,1.0,96
2026-09-26 17:29,79,7,1.3,96
2026-09-26 17:30,76,1,1.0,97
2026-09-26 17:31,75,0,0.9,96
2026-09-26 17:32,82,13,1.6,96
2026-09-26 17:33,77,9,1.1,97
2026-09-26 17:34,75,0,0.9,96
2026-09-26 17:35,75,1,0.9,97
2026-09-26 17:36,77,10,1.1,97
2026-09-26 17:37,75,0,0.9,97
2026-09-26 17:38,79,1,1.3,95
2026-09-26 17:39,76,5,1.0,96
2026-09-26 17:40,83,6,1.7,95
2026-09-26 17:41,73,2,0.7,97
2026-09-26 17:42,71,0,0.5,96
2026-09-26 17:43,75,0,0.9,96
2026-09-26 17:44,75,7,0.9,96
2026-09-26 17:45,78,0,1.2,95
2026-09-26 17:46,80,11,1.4,97
2026-09-26 17:47,74,0,0.8,96
2026-09-26 17:48,77,5,1.1,97
2026-09-26 17:49,76,3,1.0,96
2026-09-26 17:50,81,0,1.5,96
2026-09-26 17:51,77,1,1.1,97
2026-09-26 17:52,78,5,1.2,96
2026-09-26 17:53,80,9,1.4,96
2026-09-26 17:54,77,1,1.1,97
2026-09-26 17:55,77,2,1.1,97
2026-09-26 17:56,75,2,0.9,97
2026-09-26 17:57,79,8,1.3,97
2026-09-26 17:58,77,1,1.1,95
2026-09-26 17:59,75,5,0.9,96
2026-09-26 18:00,80,12,1.4,96
2026-09-26 18:01,75,5,0.9,96
2026-09-26 18:02,74,4,0.8,97
2026-09-26 18:03,76,0,1.0,98
2026-09-26 18:04,79,6,1.3,97
2026-09-26 18:05,78,0,1.2,97
2026-09-26 18:06,76,3,1.0,97
2026-09-26 18:07,73,1,0.7,97
2026-09-26 18:08,76,6,1.0,96
2026-09-26 18:09,79,11,1.3,96
2026-09-26 18:10,77,5,1.1,97
2026-09-26 18:11,79,7,1.3,97
2026-09-26 18:12,76,0,1.0,96
2026-09-26 18:13,83,15,1.7,97
2026-09-26 18:14,78,11,1.2,96
2026-09-26 18:15,77,2,1.1,95
2026-09-26 18:16,80,8,1.4,96
2026-09-26 18:17,77,0,1.1,95
2026-09-26 18:18,79,7,1.3,96
2026-09-26 18:19,74,0,0.8,96
2026-09-26 18:20,78,2,1.2,96
2026-09-26 18:21,75,1,0.9,96
2026-09-26 18:22,76,2,1.0,95
2026-09-26 18:23,74,0,0.8,95
2026-09-26 18:24,77,0,1.1,97
2026-09-26 18:25,77,6,1.1,97
2026-09-26 18:26,75,0,0.9,97
2026-09-26 18:27,78,1,1.2,96
2026-09-26 18:28,75,2,0.9,97
2026-09-26 18:29,77,0,1.1,96
2026-09-26 18:30,82,20,1.6,97
2026-09-26 18:31,82,18,1.6,96
2026-09-26 18:32,76,0,1.0,97
2026-09-26 18:33,74,3,0.8,96
2026-09-26 18:34,76,0,1.0,97
2026-09-26 18:35,77,2,1.1,96
2026-09-26 18:36,82,6,1.6,95
2026-09-26 18:37,83,12,1.7,96
2026-09-26 18:38,78,1,1.2,96
2026-09-26 18:39,78,0,1.2,97
2026-09-26 18:40,71,0,0.5,97
2026-09-26 18:41,75,0,0.9,96
2026-09-26 18:42,74,0,0.8,97
2026-09-26 18:43,78,3,1.2,96
2026-09-26 18:44,79,5,1.3,96
2026-09-26 18:45,78,3,1.2,96
2026-09-26 18:46,78,3,1.2,97
2026-09-26 18:47,80,10,1.4,97
2026-09-26 18:48,76,0,1.0,97
2026-09-26 18:49,75,0,0.9,96
2026-09-26 18:50,78,1,1.2,96
2026-09-26 18:51,77,4,1.1,97
2026-09-26 18:52,78,0,1.2,96
2026-09-26 18:53,75,1,0.9,96
2026-09-26 18:54,75,0,0.9,97
2026-09-26 18:55,77,8,1.1,97
2026-09-26 18:56,79,5,1.3,97
2026-09-26 18:57,75,3,0.9,97
2026-09-26 18:58,71,0,0.5,97
2026-09-26 18:59,74,0,0.8,96
2026-09-26 19:00,75,0,0.9,96
2026-09-26 19:01,77,2,1.1,96
2026-09-26 19:02,77,5,1.1,96
2026-09-26 19:03,79,1,1.3,95
2026-09-26 19:04,77,0,1.1,96
2026-09-26 19:05,78,1,1.2,98
2026-09-26 19:06,79,1,1.3,96
2026-09-26 19:07,80,5,1.4,96
2026-09-26 19:08,78,2,1.2,96
2026-09-26 19:09,76,2,1.0,96
2026-09-26 19:10,77,1,1.1,95
2026-09-26 19:11,81,17,1.5,97
2026-09-26 19:12,78,1,1.2,97
2026-09-26 19:13,77,6,1.1,97
2026-09-26 19:14,81,12,1.5,97
2026-09-26 19:15,76,2,1.0,96
2026-09-26 19:16,79,5,1.3,97
2026-09-26 19:17,83,14,1.7,96
2026-09-26 19:18,83,15,1.7,95
2026-09-26 19:19,75,0,0.9,96
2026-09-26 19:20,79,2,1.3,96
2026-09-26 19:21,74,6,0.8,97
2026-09-26 19:22,78,5,1.2,96
2026-09-26 19:23,73,0,0.7,96
2026-09-26 19:24,76,0,1.0,96
2026-09-26 19:25,74,0,0.8,97
2026-09-26 19:26,79,9,1.3,96
2026-09-26 19:27,75,0,0.9,97
2026-09-26 19:28,81,7,1.5,97
2026-09-26 19:29,80,0,1.4,96
2026-09-26 19:30,78,1,1.2,96
2026-09-26 19:31,78,0,1.2,96
2026-09-26 19:32,77,1,1.1,96
2026-09-26 19:33,78,7,1.2,96
2026-09-26 19:34,76,0,1.0,96
2026-09-26 19:35,75,6,0.9,97
2026-09-26 19:36,74,0,0.8,97
2026-09-26 19:37,80,9,1.4,96
2026-09-26 19:38,75,0,0.9,96
2026-09-26 19:39,77,2,1.1,96
2026-09-26 19:40,76,5,1.0,97
2026-09-26 19:41,83,7,1.7,97
2026-09-26 19:42,79,0,1.3,96
2026-09-26 19:43,76,0,1.0,97
2026-09-26 19:44,86,21,2.0,95
2026-09-26 19:45,79,6,1.3,96
2026-09-26 19:46,79,2,1.3,96
2026-09-26 19:47,76,0,1.0,97
2026-09-26 19:48,76,2,1.0,96
2026-09-26 19:49,79,0,1.3,96
2026-09-26 19:50,80,8,1.4,96
2026-09-26 19:51,78,2,1.2,95
2026-09-26 19:52,79,3,1.3,95
2026-09-26 19:53,80,13,1.4,96
2026-09-26 19:54,76,2,1.0,97
2026-09-26 19:55,77,0,1.1,97
2026-09-26 19:56,76,11,1.0,97
2026-09-26 19:57,78,6,1.2,97
2026-09-26 19:58,78,0,1.2,97
2026-09-26 19:59,76,2,1.0,95
2026-09-26 20:00,80,2,1.4,96
2026-09-26 20:01,80,14,1.4,97
2026-09-26 20:02,76,8,1.0,96
2026-09-26 20:03,80,8,1.4,97
2026-09-26 20:04,76,0,1.0,96
2026-09-26 20:05,81,13,1.5,95
2026-09-26 20:06,77,6,1.1,97
2026-09-26 20:07,78,4,1.2,96
2026-09-26 20:08,78,4,1.2,96
2026-09-26 20:09,78,4,1.2,97
2026-09-26 20:10,80,8,1.4,97
2026-09-26 20:11,77,9,1.1,96
2026-09-26 20:12,78,8,1.2,95
2026-09-26 20:13,78,0,1.2,96
2026-09-26 20:14,79,0,1.3,96
2026-09-26 20:15,78,0,1.2,95
2026-09-26 20:16,74,0,0.8,96
2026-09-26 20:17,76,0,1.0,97
2026-09-26 20:18,76,2,1.0,96
2026-09-26 20:19,75,0,0.9,96
2026-09-26 20:20,73,1,0.7,96
2026-09-26 20:21,72,1,0.6,96
2026-09-26 20:22,82,12,1.6,96
2026-09-26 20:23,78,2,1.2,96
2026-09-26 20:24,73,1,0.7,96
2026-09-26 20:25,83,26,1.7,96
2026-09-26 20:26,76,0,1.0,97
2026-09-26 20:27,76,2,1.0,96
2026-09-26 20:28,79,8,1.3,96
2026-09-26 20:29,76,1,1.0,97
2026-09-26 20:30,75,6,0.9,96
2026-09-26 20:31,75,0,0.9,98
2026-09-26 20:32,78,2,1.2,96
2026-09-26 20:33,75,1,0.9,98
2026-09-26 20:34,86,28,2.0,96
2026-09-26 20:35,79,2,1.3,97
2026-09-26 20:36,78,2,1.2,97
2026-09-26 20:37,77,0,1.1,97
2026-09-26 20:38,76,0,1.0,96
2026-09-26 20:39,77,1,1.1,96
2026-09-26 20:40,75,1,0.9,96
2026-09-26 20:41,72,2,0.6,96
2026-09-26 20:42,76,4,1.0,97
2026-09-26 20:43,80,3,1.4,95
2026-09-26 20:44,81,10,1.5,97
2026-09-26 20:45,77,11,1.1,97
2026-09-26 20:46,76,0,1.0,96
2026-09-26 20:47,76,5,1.0,97
2026-09-26 20:48,74,0,0.8,98
2026-09-26 20:49,75,0,0.9,97
2026-09-26 20:50,78,0,1.2,95
2026-09-26 20:51,76,0,1.0,95
2026-09-26 20:52,76,0,1.0,97
2026-09-26 20:53,72,2,0.6,95
2026-09-26 20:54,85,16,1.9,97
2026-09-26 20:55,80,21,1.4,96
2026-09-26 20:56,78,6,1.2,97
2026-09-26 20:57,80,8,1.4,96
2026-09-26 20:58,78,4,1.2,96
2026-09-26 20:59,78,2,1.2,95
2026-09-26 21:00,71,0,0.5,96
2026-09-26 21:01,75,3,0.9,96
2026-09-26 21:02,75,0,0.9,97
2026-09-26 21:03,74,1,0.8,96
2026-09-26 21:04,73,0,0.7,97
2026-09-26 21:05,79,4,1.3,97
2026-09-26 21:06,74,1,0.8,96
2026-09-26 21:07,86,26,2.0,96
2026-09-26 21:08,78,1,1.2,96
2026-09-26 21:09,76,1,1.0,96
2026-09-26 21:10,73,0,0.7,97
2026-09-26 21:11,75,0,0.9,96
2026-09-26 21:12,75,2,0.9,95
2026-09-26 21:13,78,11,1.2,97
2026-09-26 21:14,75,3,0.9,96
2026-09-26 21:15,76,1,1.0,97
2026-09-26 21:16,76,2,1.0,97
2026-09-26 21:17,76,0,1.0,95
2026-09-26 21:18,80,13,1.4,96
2026-09-26 21:19,81,9,1.5,96
2026-09-26 21:20,82,5,1.6,96
2026-09-26 21:21,76,0,1.0,97
2026-09-26 21:22,76,0,1.0,98
2026-09-26 21:23,76,1,1.0,96
2026-09-26 21:24,78,0,1.2,96
2026-09-26 21:25,81,13,1.5,97
2026-09-26 21:26,77,1,1.1,97
2026-09-26 21:27,76,1,1.0,96
2026-09-26 21:28,81,12,1.5,97
2026-09-26 21:29,78,1,1.2,97
2026-09-26 21:30,76,2,1.0,96
2026-09-26 21:31,78,4,1.2,97
2026-09-26 21:32,73,2,0.7,96
2026-09-26 21:33,75,0,0.9,97
2026-09-26 21:34,77,0,1.1,96
2026-09-26 21:35,73,0,0.7,96
2026-09-26 21:36,73,1,0.7,95
2026-09-26 21:37,76,0,1.0,96
2026-09-26 21:38,72,0,0.6,96
2026-09-26 21:39,83,25,1.7,96
2026-09-26 21:40,83,10,1.7,96
2026-09-26 21:41,78,5,1.2,96
2026-09-26 21:42,80,2,1.4,96
2026-09-26 21:43,82,8,1.6,96
2026-09-26 21:44,75,3,0.9,96
2026-09-26 21:45,76,0,1.0,96
2026-09-26 21:46,77,2,1.1,96
2026-09-26 21:47,78,0,1.2,95
2026-09-26 21:48,85,19,1.9,95
2026-09-26 21:49,78,0,1.2,97
2026-09-26 21:50,78,3,1.2,96
2026-09-26 21:51,75,2,0.9,96
2026-09-26 21:52,78,0,1.2,96
2026-09-26 21:53,75,2,0.9,95
2026-09-26 21:54,78,0,1.2,95
2026-09-26 21:55,83,13,1.7,96
2026-09-26 21:56,73,1,0.7,97
2026-09-26 21:57,81,4,1.5,96
2026-09-26 21:58,76,0,1.0,96
2026-09-26 21:59,78,0,1.2,96
2026-09-26 22:00,78,0,1.2,96
2026-09-26 22:01,80,0,1.4,95
2026-09-26 22:02,80,5,1.4,97
2026-09-26 22:03,84,17,1.8,96
2026-09-26 22:04,81,10,1.5,96
2026-09-26 22:05,75,1,0.9,97
2026-09-26 22:06,76,0,1.0,95
2026-09-26 22:07,78,1,1.2,96
2026-09-26 22:08,78,0,1.2,96
2026-09-26 22:09,77,2,1.1,97
2026-09-26 22:10,75,1,0.9,96
2026-09-26 22:11,74,0,0.8,97
2026-09-26 22:12,77,1,1.1,97
2026-09-26 22:13,85,9,1.9,96
2026-09-26 22:14,76,0,1.0,97
2026-09-26 22:15,75,0,0.9,97
2026-09-26 22:16,78,1,1.2,96
2026-09-26 22:17,83,17,1.7,97
2026-09-26 22:18,76,0,1.0,95
2026-09-26 22:19,73,2,0.7,97
2026-09-26 22:20,76,5,1.0,97
2026-09-26 22:21,78,12,1.2,97
2026-09-26 22:22,77,0,1.1,97
2026-09-26 22:23,76,3,1.0,96
2026-09-26 22:24,77,6,1.1,95
2026-09-26 22:25,74,2,0.8,97
2026-09-26 22:26,77,7,1.1,97
2026-09-26 22:27,82,4,1.6,97
2026-09-26 22:28,78,2,1.2,96
2026-09-26 22:29,77,1,1.1,95
2026-09-26 22:30,67,0,0.1,97
2026-09-26 22:31,67,0,0.1,96
2026-09-26 22:32,71,0,0.5,96
2026-09-26 22:33,69,0,0.3,97
2026-09-26 22:34,70,0,0.4,95
2026-09-26 22:35,70,0,0.4,97
2026-09-26 22:36,69,0,0.3,96
2026-09-26 22:37,66,0,0.0,96
2026-09-26 22:38,71,0,0.5,97
2026-09-26 22:39,73,0,0.7,95
2026-09-26 22:40,69,0,0.3,96
2026-09-26 22:41,69,0,0.3,96
2026-09-26 22:42,69,0,0.3,97
2026-09-26 22:43,69,0,0.3,96
2026-09-26 22:44,66,0,0.0,97
2026-09-26 22:45,68,0,0.2,95
2026-09-26 22:46,69,0,0.3,95
2026-09-26 22:47,71,0,0.5,96
2026-09-26 22:48,67,0,0.1,97
2026-09-26 22:49,68,0,0.2,97
2026-09-26 22:50,69,0,0.3,96
2026-09-26 22:51,70,0,0.4,96
2026-09-26 22:52,73,0,0.7,97
2026-09-26 22:53,70,0,0.4,97
2026-09-26 22:54,70,0,0.4,95
2026-09-26 22:55,67,0,0.1,95
2026-09-26 22:56,72,0,0.6,98
2026-09-26 22:57,66,0,0.0,96
2026-09-26 22:58,72,0,0.6,96
2026-09-26 22:59,71,0,0.5,96
2026-09-26 23:00,69,0,0.3,96
2026-09-26 23:01,67,0,0.1,96
2026-09-26 23:02,70,0,0.4,96
2026-09-26 23:03,68,0,0.2,95
2026-09-26 23:04,72,0,0.6,96
2026-09-26 23:05,66,0,0.0,96
2026-09-26 23:06,69,0,0.3,97
2026-09-26 23:07,66,0,0.0,97
2026-09-26 23:08,69,0,0.3,96
2026-09-26 23:09,68,0,0.2,96
2026-09-26 23:10,71,0,0.5,96
2026-09-26 23:11,67,0,0.1,98
2026-09-26 23:12,67,0,0.1,97
2026-09-26 23:13,66,0,0.0,96
2026-09-26 23:14,68,0,0.2,97
2026-09-26 23:15,69,0,0.3,96
2026-09-26 23:16,69,0,0.3,97
2026-09-26 23:17,67,0,0.1,96
2026-09-26 23:18,69,0,0.3,95
2026-09-26 23:19,70,0,0.4,96
2026-09-26 23:20,70,0,0.4,96
2026-09-26 23:21,66,0,0.0,97
2026-09-26 23:22,68,0,0.2,97
2026-09-26 23:23,67,0,0.1,95
2026-09-26 23:24,66,0,0.0,96
2026-09-26 23:25,70,0,0.4,97
2026-09-26 23:26,70,0,0.4,97
2026-09-26 23:27,67,0,0.1,97
2026-09-26 23:28,70,0,0.4,97
2026-09-26 23:29,70,0,0.4,97
2026-09-26 23:30,68,0,0.2,97
2026-09-26 23:31,70,0,0.4,96
2026-09-26 23:32,69,0,0.3,95
2026-09-26 23:33,68,0,0.2,97
2026-09-26 23:34,71,0,0.5,96
2026-09-26 23:35,66,0,0.0,95
2026-09-26 23:36,73,0,0.7,96
2026-09-26 23:37,70,0,0.4,96
2026-09-26 23:38,68,0,0.2,96
2026-09-26 23:39,70,0,0.4,95
2026-09-26 23:40,67,0,0.1,97
2026-09-26 23:41,68,0,0.2,96
2026-09-26 23:42,73,0,0.7,96
2026-09-26 23:43,70,0,0.4,96
2026-09-26 23:44,69,0,0.3,96
2026-09-26 23:45,69,0,0.3,97
2026-09-26 23:46,71,0,0.5,97
2026-09-26 23:47,71,0,0.5,96
2026-09-26 23:48,68,0,0.2,95
2026-09-26 23:49,71,0,0.5,97
2026-09-26 23:50,69,0,0.3,96
2026-09-26 23:51,69,0,0.3,97
2026-09-26 23:52,71,0,0.5,96
2026-09-26 23:53,68,0,0.2,96
2026-09-26 23:54,66,0,0.0,96
2026-09-26 23:55,69,0,0.3,96
2026-09-26 23:56,71,0,0.5,97
2026-09-26 23:57,68,0,0.2,95
2026-09-26 23:58,71,0,0.5,97
2026-09-26 23:59,71,0,0.5,96
2026-09-27 00:00,72,0,0.4,96
2026-09-27 00:01,73,0,0.5,95
2026-09-27 00:02,71,0,0.3,96
2026-09-27 00:03,73,0,0.5,97
2026-09-27 00:04,68,0,0.0,98
2026-09-27 00:05,69,0,0.1,95
2026-09-27 00:06,74,0,0.6,97
2026-09-27 00:07,74,0,0.6,95
2026-09-27 00:08,69,0,0.1,97
2026-09-27 00:09,69,0,0.1,96
2026-09-27 00:10,73,0,0.5,97
2026-09-27 00:11,71,0,0.3,96
2026-09-27 00:12,71,0,0.3,95
2026-09-27 00:13,74,0,0.6,95
2026-09-27 00:14,72,0,0.4,95
2026-09-27 00:15,71,0,0.3,95
2026-09-27 00:16,74,0,0.6,94
2026-09-27 00:17,68,0,0.0,95
2026-09-27 00:18,70,0,0.2,96
2026-09-27 00:19,77,0,0.9,96
2026-09-27 00:20,73,0,0.5,96
2026-09-27 00:21,74,0,0.6,96
2026-09-27 00:22,69,0,0.1,96
2026-09-27 00:23,75,0,0.7,96
2026-09-27 00:24,68,0,0.0,96
2026-09-27 00:25,72,0,0.4,95
2026-09-27 00:26,72,0,0.4,95
2026-09-27 00:27,69,0,0.1,96
2026-09-27 00:28,72,0,0.4,96
2026-09-27 00:29,68,0,0.0,95
2026-09-27 00:30,73,0,0.5,95
2026-09-27 00:31,71,0,0.3,96
2026-09-27 00:32,70,0,0.2,97
2026-09-27 00:33,68,0,0.0,97
2026-09-27 00:34,68,0,0.0,96
2026-09-27 00:35,69,0,0.1,96
2026-09-27 00:36,69,0,0.1,95
2026-09-27 00:37,71,0,0.3,96
2026-09-27 00:38,68,0,0.0,96
2026-09-27 00:39,69,0,0.1,95
2026-09-27 00:40,68,0,0.0,97
2026-09-27 00:41,75,0,0.7,96
2026-09-27 00:42,72,0,0.4,97
2026-09-27 00:43,68,0,0.0,95
2026-09-27 00:44,72,0,0.4,97
2026-09-27 00:45,76,0,0.8,97
2026-09-27 00:46,72,0,0.4,95
2026-09-27 00:47,72,0,0.4,96
2026-09-27 00:48,72,0,0.4,96
2026-09-27 00:49,75,0,0.7,96
2026-09-27 00:50,75,0,0.7,96
2026-09-27 00:51,72,0,0.4,95
2026-09-27 00:52,68,0,0.0,95
2026-09-27 00:53,71,0,0.3,96
2026-09-27 00:54,68,0,0.0,96
2026-09-27 00:55,68,0,0.0,96
2026-09-27 00:56,73,0,0.5,94
2026-09-27 00:57,71,0,0.3,96
2026-09-27 00:58,70,0,0.2,95
2026-09-27 00:59,72,0,0.4,96
2026-09-27 01:00,73,0,0.5,97
2026-09-27 01:01,69,0,0.1,96
2026-09-27 01:02,74,0,0.6,96
2026-09-27 01:03,69,0,0.1,97
2026-09-27 01:04,72,0,0.4,95
2026-09-27 01:05,70,0,0.2,96
2026-09-27 01:06,71,0,0.3,97
2026-09-27 01:07,70,0,0.2,96
2026-09-27 01:08,73,0,0.5,95
2026-09-27 01:09,73,0,0.5,95
2026-09-27 01:10,71,0,0.3,96
2026-09-27 01:11,73,0,0.5,96
2026-09-27 01:12,68,0,0.0,96
2026-09-27 01:13,72,0,0.4,97
2026-09-27 01:14,68,0,0.0,96
2026-09-27 01:15,68,0,0.0,96
2026-09-27 01:16,68,0,0.0,97
2026-09-27 01:17,73,0,0.5,95
2026-09-27 01:18,71,0,0.3,98
2026-09-27 01:19,71,0,0.3,96
2026-09-27 01:20,69,0,0.1,98
2026-09-27 01:21,69,0,0.1,96
2026-09-27 01:22,69,0,0.1,97
2026-09-27 01:23,71,0,0.3,96
2026-09-27 01:24,71,0,0.3,96
2026-09-27 01:25,71,0,0.3,96
2026-09-27 01:26,71,0,0.3,96
2026-09-27 01:27,71,0,0.3,97
2026-09-27 01:28,71,0,0.3,97
2026-09-27 01:29,72,0,0.4,97
2026-09-27 01:30,69,0,0.1,95
2026-09-27 01:31,72,0,0.4,95
2026-09-27 01:32,73,0,0.5,96
2026-09-27 01:33,68,0,0.0,97
2026-09-27 01:34,69,0,0.1,95
2026-09-27 01:35,70,0,0.2,95
2026-09-27 01:36,69,0,0.1,95
2026-09-27 01:37,70,0,0.2,96
2026-09-27 01:38,70,0,0.2,97
2026-09-27 01:39,74,0,0.6,96
2026-09-27 01:40,72,0,0.4,96
2026-09-27 01:41,74,0,0.6,95
2026-09-27 01:42,71,0,0.3,95
2026-09-27 01:43,71,0,0.3,96
2026-09-27 01:44,71,0,0.3,96
2026-09-27 01:45,71,0,0.3,96
2026-09-27 01:46,76,0,0.8,96
2026-09-27 01:47,73,0,0.5,96
2026-09-27 01:48,71,0,0.3,96
2026-09-27 01:49,68,0,0.0,96
2026-09-27 01:50,70,0,0.2,96
2026-09-27 01:51,73,0,0.5,97
2026-09-27 01:52,72,0,0.4,95
2026-09-27 01:53,70,0,0.2,96
2026-09-27 01:54,73,0,0.5,96
2026-09-27 01:55,72,0,0.4,97
2026-09-27 01:56,69,0,0.1,95
2026-09-27 01:57,71,0,0.3,95
2026-09-27 01:58,72,0,0.4,95
2026-09-27 01:59,73,0,0.5,95
2026-09-27 02:00,71,0,0.3,96
2026-09-27 02:01,70,0,0.2,97
2026-09-27 02:02,71,0,0.3,96
2026-09-27 02:03,72,0,0.4,96
2026-09-27 02:04,72,0,0.4,96
2026-09-27 02:05,73,0,0.5,96
2026-09-27 02:06,70,0,0.2,95
2026-09-27 02:07,71,0,0.3,95
2026-09-27 02:08,71,0,0.3,97
2026-09-27 02:09,72,0,0.4,95
2026-09-27 02:10,69,0,0.1,97
2026-09-27 02:11,74,0,0.6,95
2026-09-27 02:12,70,0,0.2,96
2026-09-27 02:13,74,0,0.6,95
2026-09-27 02:14,74,0,0.6,95
2026-09-27 02:15,68,0,0.0,96
2026-09-27 02:16,72,0,0.4,96
2026-09-27 02:17,72,0,0.4,96
2026-09-27 02:18,71,0,0.3,96
2026-09-27 02:19,72,0,0.4,96
2026-09-27 02:20,69,0,0.1,97
2026-09-27 02:21,73,0,0.5,96
2026-09-27 02:22,72,0,0.4,95
2026-09-27 02:23,71,0,0.3,96
2026-09-27 02:24,68,0,0.0,96
2026-09-27 02:25,73,0,0.5,97
2026-09-27 02:26,68,0,0.0,96
2026-09-27 02:27,74,0,0.6,96
2026-09-27 02:28,73,0,0.5,96
2026-09-27 02:29,68,0,0.0,95
2026-09-27 02:30,68,0,0.0,96
2026-09-27 02:31,72,0,0.4,96
2026-09-27 02:32,74,0,0.6,95
2026-09-27 02:33,71,0,0.3,96
2026-09-27 02:34,72,0,0.4,95
2026-09-27 02:35,71,0,0.3,96
2026-09-27 02:36,74,0,0.6,95
2026-09-27 02:37,72,0,0.4,96
2026-09-27 02:38,69,0,0.1,95
2026-09-27 02:39,74,0,0.6,97
2026-09-27 02:40,73,0,0.5,95
2026-09-27 02:41,71,0,0.3,97
2026-09-27 02:42,71,0,0.3,96
2026-09-27 02:43,74,0,0.6,97
2026-09-27 02:44,72,0,0.4,96
2026-09-27 02:45,71,0,0.3,95
2026-09-27 02:46,74,0,0.6,98
2026-09-27 02:47,70,0,0.2,96
2026-09-27 02:48,71,0,0.3,95
2026-09-27 02:49,68,0,0.0,97
2026-09-27 02:50,70,0,0.2,96
2026-09-27 02:51,76,0,0.8,96
2026-09-27 02:52,68,0,0.0,96
2026-09-27 02:53,68,0,0.0,96
2026-09-27 02:54,73,0,0.5,96
2026-09-27 02:55,69,0,0.1,96
2026-09-27 02:56,73,0,0.5,97
2026-09-27 02:57,74,0,0.6,96
2026-09-27 02:58,70,0,0.2,96
2026-09-27 02:59,70,0,0.2,96
2026-09-27 03:00,73,0,0.5,97
2026-09-27 03:01,72,0,0.4,96
2026-09-27 03:02,74,0,0.6,96
2026-09-27 03:03,71,0,0.3,96
2026-09-27 03:04,72,0,0.4,96
2026-09-27 03:05,70,0,0.2,96
2026-09-27 03:06,69,0,0.1,95
2026-09-27 03:07,69,0,0.1,95
2026-09-27 03:08,69,0,0.1,96
2026-09-27 03:09,74,0,0.6,97
2026-09-27 03:10,73,0,0.5,96
2026-09-27 03:11,71,0,0.3,97
2026-09-27 03:12,71,0,0.3,97
2026-09-27 03:13,71,0,0.3,97
2026-09-27 03:14,74,0,0.6,96
2026-09-27 03:15,71,0,0.3,96
2026-09-27 03:16,68,0,0.0,95
2026-09-27 03:17,71,0,0.3,96
2026-09-27 03:18,68,0,0.0,95
2026-09-27 03:19,70,0,0.2,97
2026-09-27 03:20,69,0,0.1,95
2026-09-27 03:21,68,0,0.0,97
2026-09-27 03:22,68,0,0.0,96
2026-09-27 03:23,71,0,0.3,96
2026-09-27 03:24,72,0,0.4,96
2026-09-27 03:25,72,0,0.4,96
2026-09-27 03:26,69,0,0.1,96
2026-09-27 03:27,69,0,0.1,95
2026-09-27 03:28,71,0,0.3,94
2026-09-27 03:29,73,0,0.5,97
2026-09-27 03:30,73,0,0.5,96
2026-09-27 03:31,71,0,0.3,97
2026-09-27 03:32,69,0,0.1,94
2026-09-27 03:33,72,0,0.4,96
2026-09-27 03:34,72,0,0.4,95
2026-09-27 03:35,70,0,0.2,96
2026-09-27 03:36,69,0,0.1,97
2026-09-27 03:37,70,0,0.2,95
2026-09-27 03:38,73,0,0.5,96
2026-09-27 03:39,74,0,0.6,96
2026-09-27 03:40,70,0,0.2,95
2026-09-27 03:41,71,0,0.3,96
2026-09-27 03:42,74,0,0.6,96
2026-09-27 03:43,68,0,0.0,96
2026-09-27 03:44,70,0,0.2,96
2026-09-27 03:45,71,0,0.3,97
2026-09-27 03:46,72,0,0.4,97
2026-09-27 03:47,68,0,0.0,97
2026-09-27 03:48,72,0,0.4,97
2026-09-27 03:49,68,0,0.0,96
2026-09-27 03:50,73,0,0.5,96
2026-09-27 03:51,71,0,0.3,95
2026-09-27 03:52,70,0,0.2,95
2026-09-27 03:53,73,0,0.5,96
2026-09-27 03:54,71,0,0.3,96
2026-09-27 03:55,69,0,0.1,96
2026-09-27 03:56,73,0,0.5,96
2026-09-27 03:57,70,0,0.2,97
2026-09-27 03:58,72,0,0.4,97
2026-09-27 03:59,74,0,0.6,96
2026-09-27 04:00,68,0,0.0,96
2026-09-27 04:01,72,0,0.4,95
2026-09-27 04:02,73,0,0.5,97
2026-09-27 04:03,75,0,0.7,96
2026-09-27 04:04,68,0,0.0,94
2026-09-27 04:05,73,0,0.5,96
2026-09-27 04:06,75,0,0.7,96
2026-09-27 04:07,72,0,0.4,97
2026-09-27 04:08,71,0,0.3,96
2026-09-27 04:09,70,0,0.2,96
2026-09-27 04:10,68,0,0.0,96
2026-09-27 04:11,74,0,0.6,97
2026-09-27 04:12,68,0,0.0,95
2026-09-27 04:13,68,0,0.0,96
2026-09-27 04:14,73,0,0.5,96
2026-09-27 04:15,73,0,0.5,96
2026-09-27 04:16,73,0,0.5,97
2026-09-27 04:17,73,0,0.5,96
2026-09-27 04:18,69,0,0.1,96
2026-09-27 04:19,71,0,0.3,96
2026-09-27 04:20,70,0,0.2,96
2026-09-27 04:21,69,0,0.1,96
2026-09-27 04:22,72,0,0.4,95
2026-09-27 04:23,69,0,0.1,96
2026-09-27 04:24,71,0,0.3,96
2026-09-27 04:25,74,0,0.6,96
2026-09-27 04:26,71,0,0.3,96
2026-09-27 04:27,71,0,0.3,96
2026-09-27 04:28,73,0,0.5,95
2026-09-27 04:29,68,0,0.0,96
2026-09-27 04:30,72,0,0.4,97
2026-09-27 04:31,73,0,0.5,96
2026-09-27 04:32,72,0,0.4,95
2026-09-27 04:33,69,0,0.1,96
2026-09-27 04:34,73,0,0.5,96
2026-09-27 04:35,70,0,0.2,95
2026-09-27 04:36,73,0,0.5,96
2026-09-27 04:37,69,0,0.1,97
2026-09-27 04:38,69,0,0.1,96
2026-09-27 04:39,74,0,0.6,95
2026-09-27 04:40,71,0,0.3,96
2026-09-27 04:41,71,0,0.3,95
2026-09-27 04:42,68,0,0.0,96
2026-09-27 04:43,70,0,0.2,95
2026-09-27 04:44,74,0,0.6,96
2026-09-27 04:45,72,0,0.4,95
2026-09-27 04:46,71,0,0.3,95
2026-09-27 04:47,68,0,0.0,96
2026-09-27 04:48,73,0,0.5,97
2026-09-27 04:49,72,0,0.4,96
2026-09-27 04:50,73,0,0.5,97
2026-09-27 04:51,70,0,0.2,97
2026-09-27 04:52,72,0,0.4,96
2026-09-27 04:53,70,0,0.2,96
2026-09-27 04:54,68,0,0.0,95
2026-09-27 04:55,68,0,0.0,96
2026-09-27 04:56,72,0,0.4,96
2026-09-27 04:57,70,0,0.2,95
2026-09-27 04:58,71,0,0.3,97
2026-09-27 04:59,68,0,0.0,96
2026-09-27 05:00,74,0,0.6,96
2026-09-27 05:01,70,0,0.2,96
2026-09-27 05:02,68,0,0.0,97
2026-09-27 05:03,68,0,0.0,96
2026-09-27 05:04,70,0,0.2,95
2026-09-27 05:05,73,0,0.5,96
2026-09-27 05:06,72,0,0.4,98
2026-09-27 05:07,72,0,0.4,97
2026-09-27 05:08,69,0,0.1,97
2026-09-27 05:09,73,0,0.5,96
2026-09-27 05:10,71,0,0.3,97
2026-09-27 05:11,73,0,0.5,96
2026-09-27 05:12,69,0,0.1,96
2026-09-27 05:13,70,0,0.2,96
2026-09-27 05:14,69,0,0.1,95
2026-09-27 05:15,70,0,0.2,95
2026-09-27 05:16,69,0,0.1,97
2026-09-27 05:17,72,0,0.4,96
2026-09-27 05:18,70,0,0.2,96
2026-09-27 05:19,68,0,0.0,97
2026-09-27 05:20,70,0,0.2,96
2026-09-27 05:21,69,0,0.1,96
2026-09-27 05:22,68,0,0.0,96
2026-09-27 05:23,71,0,0.3,96
2026-09-27 05:24,71,0,0.3,96
2026-09-27 05:25,71,0,0.3,97
2026-09-27 05:26,74,0,0.6,96
2026-09-27 05:27,68,0,0.0,95
2026-09-27 05:28,72,0,0.4,96
2026-09-27 05:29,71,0,0.3,95
2026-09-27 05:30,69,0,0.1,96
2026-09-27 05:31,73,0,0.5,97
2026-09-27 05:32,68,0,0.0,95
2026-09-27 05:33,71,0,0.3,96
2026-09-27 05:34,72,0,0.4,97
2026-09-27 05:35,70,0,0.2,96
2026-09-27 05:36,69,0,0.1,96
2026-09-27 05:37,73,0,0.5,95
2026-09-27 05:38,73,0,0.5,95
2026-09-27 05:39,70,0,0.2,96
2026-09-27 05:40,73,0,0.5,96
2026-09-27 05:41,72,0,0.4,96
2026-09-27 05:42,68,0,0.0,96
2026-09-27 05:43,72,0,0.4,95
2026-09-27 05:44,71,0,0.3,95
2026-09-27 05:45,70,0,0.2,96
2026-09-27 05:46,72,0,0.4,97
2026-09-27 05:47,72,0,0.4,96
2026-09-27 05:48,69,0,0.1,97
2026-09-27 05:49,70,0,0.2,95
2026-09-27 05:50,72,0,0.4,96
2026-09-27 05:51,72,0,0.4,96
2026-09-27 05:52,74,0,0.6,96
2026-09-27 05:53,71,0,0.3,96
2026-09-27 05:54,71,0,0.3,94
2026-09-27 05:55,69,0,0.1,96
2026-09-27 05:56,75,0,0.7,97
2026-09-27 05:57,71,0,0.3,96
2026-09-27 05:58,72,0,0.4,95
2026-09-27 05:59,74,0,0.6,96
2026-09-27 06:00,72,0,0.4,95
2026-09-27 06:01,69,0,0.1,97
2026-09-27 06:02,70,0,0.2,95
2026-09-27 06:03,73,0,0.5,97
2026-09-27 06:04,72,0,0.4,96
2026-09-27 06:05,70,0,0.2,95
2026-09-27 06:06,70,0,0.2,96
2026-09-27 06:07,73,0,0.5,96
2026-09-27 06:08,69,0,0.1,96
2026-09-27 06:09,71,0,0.3,95
2026-09-27 06:10,73,0,0.5,97
2026-09-27 06:11,73,0,0.5,95
2026-09-27 06:12,69,0,0.1,95
2026-09-27 06:13,71,0,0.3,96
2026-09-27 06:14,72,0,0.4,95
2026-09-27 06:15,71,0,0.3,96
2026-09-27 06:16,70,0,0.2,97
2026-09-27 06:17,70,0,0.2,96
2026-09-27 06:18,70,0,0.2,97
2026-09-27 06:19,71,0,0.3,97
2026-09-27 06:20,71,0,0.3,97
2026-09-27 06:21,74,0,0.6,96
2026-09-27 06:22,72,0,0.4,97
2026-09-27 06:23,72,0,0.4,97
2026-09-27 06:24,72,0,0.4,97
2026-09-27 06:25,70,0,0.2,96
2026-09-27 06:26,73,0,0.5,97
2026-09-27 06:27,70,0,0.2,97
2026-09-27 06:28,73,0,0.5,96
2026-09-27 06:29,72,0,0.4,95
2026-09-27 06:30,79,7,1.1,96
2026-09-27 06:31,80,0,1.2,96
2026-09-27 06:32,79,5,1.1,95
2026-09-27 06:33,83,13,1.5,95
2026-09-27 06:34,76,0,0.8,97
2026-09-27 06:35,79,1,1.1,96
2026-09-27 06:36,81,1,1.3,97
2026-09-27 06:37,79,7,1.1,96
2026-09-27 06:38,75,3,0.7,95
2026-09-27 06:39,77,2,0.9,96
2026-09-27 06:40,79,1,1.1,94
2026-09-27 06:41,78,1,1.0,96
2026-09-27 06:42,78,11,1.0,95
2026-09-27 06:43,80,9,1.2,97
2026-09-27 06:44,77,0,0.9,95
2026-09-27 06:45,74,0,0.6,96
2026-09-27 06:46,77,0,0.9,95
2026-09-27 06:47,79,4,1.1,95
2026-09-27 06:48,78,2,1.0,96
2026-09-27 06:49,77,0,0.9,95
2026-09-27 06:50,81,0,1.3,98
2026-09-27 06:51,76,3,0.8,96
2026-09-27 06:52,77,1,0.9,94
2026-09-27 06:53,83,10,1.5,96
2026-09-27 06:54,82,12,1.4,95
2026-09-27 06:55,76,3,0.8,96
2026-09-27 06:56,79,2,1.1,95
2026-09-27 06:57,74,3,0.6,95
2026-09-27 06:58,77,0,0.9,95
2026-09-27 06:59,81,8,1.3,96
2026-09-27 07:00,75,0,0.7,96
2026-09-27 07:01,80,4,1.2,96
2026-09-27 07:02,78,0,1.0,96
2026-09-27 07:03,78,2,1.0,97
2026-09-27 07:04,83,0,1.5,95
2026-09-27 07:05,80,3,1.2,96
2026-09-27 07:06,78,0,1.0,97
2026-09-27 07:07,75,0,0.7,96
2026-09-27 07:08,76,3,0.8,96
2026-09-27 07:09,77,0,0.9,95
2026-09-27 07:10,78,1,1.0,96
2026-09-27 07:11,79,0,1.1,96
2026-09-27 07:12,80,15,1.2,96
2026-09-27 07:13,80,10,1.2,97
2026-09-27 07:14,80,4,1.2,95
2026-09-27 07:15,76,4,0.8,96
2026-09-27 07:16,80,8,1.2,96
2026-09-27 07:17,80,0,1.2,96
2026-09-27 07:18,77,0,0.9,96
2026-09-27 07:19,79,3,1.1,95
2026-09-27 07:20,81,9,1.3,96
2026-09-27 07:21,79,1,1.1,96
2026-09-27 07:22,79,0,1.1,96
2026-09-27 07:23,78,1,1.0,96
2026-09-27 07:24,77,1,0.9,97
2026-09-27 07:25,78,2,1.0,96
2026-09-27 07:26,80,2,1.2,96
2026-09-27 07:27,84,27,1.6,97
2026-09-27 07:28,84,10,1.6,96
2026-09-27 07:29,73,2,0.5,96
2026-09-27 07:30,80,4,1.2,96
2026-09-27 07:31,82,1,1.4,97
2026-09-27 07:32,80,5,1.2,96
2026-09-27 07:33,79,0,1.1,97
2026-09-27 07:34,85,20,1.7,97
2026-09-27 07:35,84,0,1.6,96
2026-09-27 07:36,88,27,2.0,97
2026-09-27 07:37,82,4,1.4,96
2026-09-27 07:38,77,2,0.9,97
2026-09-27 07:39,78,0,1.0,95
2026-09-27 07:40,77,1,0.9,96
2026-09-27 07:41,77,0,0.9,97
2026-09-27 07:42,77,0,0.9,96
2026-09-27 07:43,78,0,1.0,97
2026-09-27 07:44,76,0,0.8,97
2026-09-27 07:45,80,1,1.2,95
2026-09-27 07:46,80,7,1.2,96
2026-09-27 07:47,79,0,1.1,96
2026-09-27 07:48,77,0,0.9,96
2026-09-27 07:49,80,5,1.2,96
2026-09-27 07:50,83,0,1.5,96
2026-09-27 07:51,80,2,1.2,95
2026-09-27 07:52,83,13,1.5,96
2026-09-27 07:53,81,5,1.3,97
2026-09-27 07:54,81,0,1.3,96
2026-09-27 07:55,82,4,1.4,97
2026-09-27 07:56,78,4,1.0,94
2026-09-27 07:57,79,5,1.1,95
2026-09-27 07:58,79,0,1.1,95
2026-09-27 07:59,84,9,1.6,96
2026-09-27 08:00,80,0,1.2,97
2026-09-27 08:01,77,0,0.9,95
2026-09-27 08:02,82,8,1.4,96
2026-09-27 08:03,79,0,1.1,97
2026-09-27 08:04,77,0,0.9,95
2026-09-27 08:05,77,2,0.9,98
2026-09-27 08:06,80,18,1.2,95
2026-09-27 08:07,76,2,0.8,95
2026-09-27 08:08,81,16,1.3,95
2026-09-27 08:09,85,13,1.7,96
2026-09-27 08:10,81,7,1.3,95
2026-09-27 08:11,81,2,1.3,96
2026-09-27 08:12,79,0,1.1,96
2026-09-27 08:13,78,1,1.0,96
2026-09-27 08:14,87,20,1.9,96
2026-09-27 08:15,80,7,1.2,96
2026-09-27 08:16,80,0,1.2,96
2026-09-27 08:17,79,1,1.1,95
2026-09-27 08:18,77,2,0.9,95
2026-09-27 08:19,77,0,0.9,95
2026-09-27 08:20,79,0,1.1,97
2026-09-27 08:21,78,3,1.0,97
2026-09-27 08:22,82,5,1.4,96
2026-09-27 08:23,78,1,1.0,95
2026-09-27 08:24,84,14,1.6,96
2026-09-27 08:25,78,1,1.0,96
2026-09-27 08:26,78,1,1.0,97
2026-09-27 08:27,85,20,1.7,96
2026-09-27 08:28,83,19,1.5,95
2026-09-27 08:29,77,1,0.9,97
2026-09-27 08:30,79,7,1.1,96
2026-09-27 08:31,79,2,1.1,95
2026-09-27 08:32,78,0,1.0,96
2026-09-27 08:33,81,1,1.3,97
2026-09-27 08:34,79,2,1.1,96
2026-09-27 08:35,80,2,1.2,96
2026-09-27 08:36,80,0,1.2,96
2026-09-27 08:37,78,1,1.0,96
2026-09-27 08:38,82,6,1.4,96
2026-09-27 08:39,77,1,0.9,96
2026-09-27 08:40,103,98,3.5,94
2026-09-27 08:41,107,113,3.9,96
2026-09-27 08:42,118,89,5.0,95
2026-09-27 08:43,125,103,5.7,95
2026-09-27 08:44,125,105,5.7,94
2026-09-27 08:45,124,93,5.6,96
2026-09-27 08:46,123,118,5.5,96
2026-09-27 08:47,127,113,5.9,96
2026-09-27 08:48,126,100,5.8,95
2026-09-27 08:49,126,112,5.8,95
2026-09-27 08:50,126,111,5.8,97
2026-09-27 08:51,127,90,5.9,95
2026-09-27 08:52,124,106,5.6,96
2026-09-27 08:53,124,103,5.6,96
2026-09-27 08:54,127,103,5.9,96
2026-09-27 08:55,127,109,5.9,96
2026-09-27 08:56,127,118,5.9,95
2026-09-27 08:57,128,116,6.0,95
2026-09-27 08:58,109,4,4.1,96
2026-09-27 08:59,103,5,3.5,96
2026-09-27 09:00,99,1,3.1,97
2026-09-27 09:01,98,17,3.0,96
2026-09-27 09:02,94,13,2.6,96
2026-09-27 09:03,90,0,2.2,96
2026-09-27 09:04,90,6,2.2,96
2026-09-27 09:05,88,4,2.0,96
2026-09-27 09:06,85,2,1.7,95
2026-09-27 09:07,85,0,1.7,96
2026-09-27 09:08,84,0,1.6,96
2026-09-27 09:09,83,3,1.5,97
2026-09-27 09:10,83,1,1.5,95
2026-09-27 09:11,83,6,1.5,96
2026-09-27 09:12,78,0,1.0,95
2026-09-27 09:13,78,2,1.0,97
2026-09-27 09:14,83,17,1.5,96
2026-09-27 09:15,84,2,1.6,96
2026-09-27 09:16,84,12,1.6,95
2026-09-27 09:17,76,0,0.8,95
2026-09-27 09:18,78,0,1.0,96
2026-09-27 09:19,76,0,0.8,96
2026-09-27 09:20,81,0,1.3,97
2026-09-27 09:21,81,5,1.3,96
2026-09-27 09:22,78,0,1.0,96
2026-09-27 09:23,77,5,0.9,95
2026-09-27 09:24,84,27,1.6,96
2026-09-27 09:25,77,1,0.9,97
2026-09-27 09:26,78,2,1.0,97
2026-09-27 09:27,77,0,0.9,94
2026-09-27 09:28,78,0,1.0,97
2026-09-27 09:29,77,5,0.9,96
2026-09-27 09:30,78,0,1.0,95
2026-09-27 09:31,80,6,1.2,96
2026-09-27 09:32,79,0,1.1,97
2026-09-27 09:33,75,0,0.7,96
2026-09-27 09:34,79,0,1.1,96
2026-09-27 09:35,80,1,1.2,97
2026-09-27 09:36,79,2,1.1,96
2026-09-27 09:37,78,4,1.0,96
2026-09-27 09:38,77,1,0.9,98
2026-09-27 09:39,82,14,1.4,96
2026-09-27 09:40,80,5,1.2,95
2026-09-27 09:41,79,0,1.1,97
2026-09-27 09:42,79,2,1.1,96
2026-09-27 09:43,75,0,0.7,95
2026-09-27 09:44,78,3,1.0,97
2026-09-27 09:45,79,4,1.1,97
2026-09-27 09:46,77,1,0.9,96
2026-09-27 09:47,87,26,1.9,96
2026-09-27 09:48,83,10,1.5,95
2026-09-27 09:49,76,1,0.8,96
2026-09-27 09:50,82,10,1.4,94
2026-09-27 09:51,77,1,0.9,95
2026-09-27 09:52,76,0,0.8,97
2026-09-27 09:53,78,1,1.0,96
2026-09-27 09:54,82,0,1.4,95
2026-09-27 09:55,79,1,1.1,96
2026-09-27 09:56,78,0,1.0,97
2026-09-27 09:57,82,7,1.4,96
2026-09-27 09:58,78,0,1.0,96
2026-09-27 09:59,80,3,1.2,96
2026-09-27 10:00,76,1,0.8,95
2026-09-27 10:01,77,3,0.9,97
2026-09-27 10:02,76,3,0.8,95
2026-09-27 10:03,80,0,1.2,96
2026-09-27 10:04,77,5,0.9,95
2026-09-27 10:05,81,1,1.3,96
2026-09-27 10:06,78,11,1.0,96
2026-09-27 10:07,78,2,1.0,96
2026-09-27 10:08,83,15,1.5,96
2026-09-27 10:09,77,4,0.9,96
2026-09-27 10:10,74,2,0.6,95
2026-09-27 10:11,77,0,0.9,96
2026-09-27 10:12,84,9,1.6,97
2026-09-27 10:13,83,8,1.5,97
2026-09-27 10:14,76,1,0.8,97
2026-09-27 10:15,82,14,1.4,95
2026-09-27 10:16,78,3,1.0,95
2026-09-27 10:17,83,8,1.5,97
2026-09-27 10:18,79,0,1.1,97
2026-09-27 10:19,76,1,0.8,96
2026-09-27 10:20,82,0,1.4,96
2026-09-27 10:21,80,2,1.2,96
2026-09-27 10:22,78,4,1.0,97
2026-09-27 10:23,81,3,1.3,96
2026-09-27 10:24,80,0,1.2,95
2026-09-27 10:25,83,10,1.5,95
2026-09-27 10:26,76,0,0.8,95
2026-09-27 10:27,79,2,1.1,95
2026-09-27 10:28,77,0,0.9,95
2026-09-27 10:29,79,3,1.1,97
2026-09-27 10:30,78,0,1.0,96
2026-09-27 10:31,80,3,1.2,96
2026-09-27 10:32,76,1,0.8,97
2026-09-27 10:33,82,5,1.4,95
2026-09-27 10:34,81,13,1.3,96
2026-09-27 10:35,80,4,1.2,96
2026-09-27 10:36,80,6,1.2,96
2026-09-27 10:37,79,2,1.1,97
2026-09-27 10:38,81,5,1.3,95
2026-09-27 10:39,78,2,1.0,96
2026-09-27 10:40,80,0,1.2,96
2026-09-27 10:41,77,0,0.9,96
2026-09-27 10:42,79,2,1.1,95
2026-09-27 10:43,78,0,1.0,96
2026-09-27 10:44,77,2,0.9,96
2026-09-27 10:45,74,2,0.6,96
2026-09-27 10:46,76,0,0.8,96
2026-09-27 10:47,77,1,0.9,95
2026-09-27 10:48,81,12,1.3,97
2026-09-27 10:49,82,5,1.4,96
2026-09-27 10:50,78,8,1.0,97
2026-09-27 10:51,79,1,1.1,96
2026-09-27 10:52,84,3,1.6,95
2026-09-27 10:53,79,8,1.1,97
2026-09-27 10:54,79,1,1.1,97
2026-09-27 10:55,79,0,1.1,96
2026-09-27 10:56,79,3,1.1,96
2026-09-27 10:57,85,22,1.7,96
2026-09-27 10:58,80,1,1.2,95
2026-09-27 10:59,84,4,1.6,96
2026-09-27 11:00,80,10,1.2,95
2026-09-27 11:01,81,8,1.3,97
2026-09-27 11:02,80,5,1.2,95
2026-09-27 11:03,84,5,1.6,96
2026-09-27 11:04,82,4,1.4,95
2026-09-27 11:05,82,0,1.4,96
2026-09-27 11:06,81,5,1.3,96
2026-09-27 11:07,79,0,1.1,96
2026-09-27 11:08,79,2,1.1,96
2026-09-27 11:09,78,3,1.0,96
2026-09-27 11:10,79,8,1.1,97
2026-09-27 11:11,81,8,1.3,96
2026-09-27 11:12,80,1,1.2,95
2026-09-27 11:13,79,0,1.1,96
2026-09-27 11:14,75,2,0.7,96
2026-09-27 11:15,79,0,1.1,96
2026-09-27 11:16,84,1,1.6,97
2026-09-27 11:17,80,7,1.2,96
2026-09-27 11:18,76,1,0.8,96
2026-09-27 11:19,81,0,1.3,96
2026-09-27 11:20,76,0,0.8,96
2026-09-27 11:21,79,3,1.1,95
2026-09-27 11:22,81,7,1.3,96
2026-09-27 11:23,78,2,1.0,96
2026-09-27 11:24,79,8,1.1,97
2026-09-27 11:25,80,6,1.2,96
2026-09-27 11:26,76,2,0.8,96
2026-09-27 11:27,81,6,1.3,96
2026-09-27 11:28,81,7,1.3,95
2026-09-27 11:29,78,6,1.0,97
2026-09-27 11:30,81,5,1.3,95
2026-09-27 11:31,76,3,0.8,96
2026-09-27 11:32,78,0,1.0,97
2026-09-27 11:33,77,3,0.9,96
2026-09-27 11:34,76,1,0.8,95
2026-09-27 11:35,78,2,1.0,96
2026-09-27 11:36,79,1,1.1,96
2026-09-27 11:37,80,3,1.2,97
2026-09-27 11:38,82,9,1.4,96
2026-09-27 11:39,77,3,0.9,96
2026-09-27 11:40,78,0,1.0,96
2026-09-27 11:41,77,15,0.9,96
2026-09-27 11:42,85,19,1.7,96
2026-09-27 11:43,78,0,1.0,96
2026-09-27 11:44,81,12,1.3,96
2026-09-27 11:45,78,1,1.0,95
2026-09-27 11:46,76,6,0.8,96
2026-09-27 11:47,80,3,1.2,95
2026-09-27 11:48,79,1,1.1,97
2026-09-27 11:49,78,1,1.0,96
2026-09-27 11:50,80,0,1.2,96
2026-09-27 11:51,81,12,1.3,97
2026-09-27 11:52,78,2,1.0,96
2026-09-27 11:53,82,6,1.4,96
2026-09-27 11:54,80,9,1.2,97
2026-09-27 11:55,76,0,0.8,95
2026-09-27 11:56,74,0,0.6,95
2026-09-27 11:57,80,10,1.2,95
2026-09-27 11:58,77,0,0.9,97
2026-09-27 11:59,79,12,1.1,96
2026-09-27 12:00,80,5,1.2,97
2026-09-27 12:01,83,27,1.5,95
2026-09-27 12:02,78,2,1.0,95
2026-09-27 12:03,80,6,1.2,96
2026-09-27 12:04,80,0,1.2,96
2026-09-27 12:05,81,11,1.3,95
2026-09-27 12:06,77,0,0.9,96
2026-09-27 12:07,80,0,1.2,97
2026-09-27 12:08,82,5,1.4,96
2026-09-27 12:09,79,3,1.1,95
2026-09-27 12:10,78,7,1.0,95
2026-09-27 12:11,79,0,1.1,95
2026-09-27 12:12,76,0,0.8,95
2026-09-27 12:13,82,6,1.4,95
2026-09-27 12:14,78,0,1.0,95
2026-09-27 12:15,80,12,1.2,96
2026-09-27 12:16,82,0,1.4,96
2026-09-27 12:17,77,5,0.9,96
2026-09-27 12:18,80,1,1.2,96
2026-09-27 12:19,79,5,1.1,96
2026-09-27 12:20,79,8,1.1,96
2026-09-27 12:21,77,6,0.9,95
2026-09-27 12:22,74,1,0.6,96
2026-09-27 12:23,78,0,1.0,96
2026-09-27 12:24,77,4,0.9,98
2026-09-27 12:25,82,8,1.4,96
2026-09-27 12:26,81,10,1.3,96
2026-09-27 12:27,79,0,1.1,96
2026-09-27 12:28,87,16,1.9,96
2026-09-27 12:29,76,4,0.8,95
2026-09-27 12:30,81,9,1.3,96
2026-09-27 12:31,77,0,0.9,95
2026-09-27 12:32,83,13,1.5,97
2026-09-27 12:33,78,1,1.0,95
2026-09-27 12:34,77,0,0.9,95
2026-09-27 12:35,78,7,1.0,95
2026-09-27 12:36,79,4,1.1,97
2026-09-27 12:37,78,10,1.0,97
2026-09-27 12:38,80,3,1.2,97
2026-09-27 12:39,73,3,0.5,96
2026-09-27 12:40,82,11,1.4,96
2026-09-27 12:41,79,0,1.1,95
2026-09-27 12:42,78,0,1.0,96
2026-09-27 12:43,82,17,1.4,97
2026-09-27 12:44,83,10,1.5,97
2026-09-27 12:45,81,4,1.3,96
2026-09-27 12:46,82,8,1.4,95
2026-09-27 12:47,77,0,0.9,96
2026-09-27 12:48,79,0,1.1,95
2026-09-27 12:49,78,0,1.0,95
2026-09-27 12:50,78,3,1.0,96
2026-09-27 12:51,80,1,1.2,96
2026-09-27 12:52,76,1,0.8,97
2026-09-27 12:53,78,3,1.0,97
2026-09-27 12:54,76,1,0.8,96
2026-09-27 12:55,74,0,0.6,96
2026-09-27 12:56,83,8,1.5,95
2026-09-27 12:57,80,1,1.2,96
2026-09-27 12:58,79,0,1.1,98
2026-09-27 12:59,88,41,2.0,96
2026-09-27 13:00,78,1,1.0,97
2026-09-27 13:01,84,16,1.6,97
2026-09-27 13:02,75,2,0.7,97
2026-09-27 13:03,80,1,1.2,97
2026-09-27 13:04,79,1,1.1,95
2026-09-27 13:05,82,0,1.4,96
2026-09-27 13:06,76,0,0.8,97
2026-09-27 13:07,82,0,1.4,96
2026-09-27 13:08,79,2,1.1,97
2026-09-27 13:09,79,0,1.1,95
2026-09-27 13:10,81,6,1.3,96
2026-09-27 13:11,85,7,1.7,95
2026-09-27 13:12,83,10,1.5,97
2026-09-27 13:13,83,3,1.5,96
2026-09-27 13:14,78,0,1.0,94
2026-09-27 13:15,80,2,1.2,95
2026-09-27 13:16,80,1,1.2,95
2026-09-27 13:17,76,2,0.8,96
2026-09-27 13:18,78,0,1.0,96
2026-09-27 13:19,81,7,1.3,95
2026-09-27 13:20,80,3,1.2,96
2026-09-27 13:21,81,0,1.3,97
2026-09-27 13:22,82,10,1.4,96
2026-09-27 13:23,79,1,1.1,96
2026-09-27 13:24,79,3,1.1,99
2026-09-27 13:25,88,32,2.0,96
2026-09-27 13:26,75,0,0.7,96
2026-09-27 13:27,78,0,1.0,96
2026-09-27 13:28,76,0,0.8,96
2026-09-27 13:29,76,1,0.8,95
2026-09-27 13:30,83,11,1.5,96
2026-09-27 13:31,77,3,0.9,95
2026-09-27 13:32,76,0,0.8,97
2026-09-27 13:33,79,13,1.1,95
2026-09-27 13:34,81,1,1.3,97
2026-09-27 13:35,81,1,1.3,96
2026-09-27 13:36,79,1,1.1,95
2026-09-27 13:37,78,1,1.0,96
2026-09-27 13:38,79,0,1.1,97
2026-09-27 13:39,79,0,1.1,96
2026-09-27 13:40,78,0,1.0,97
2026-09-27 13:41,79,0,1.1,97
2026-09-27 13:42,76,6,0.8,96
2026-09-27 13:43,79,4,1.1,96
2026-09-27 13:44,78,2,1.0,97
2026-09-27 13:45,78,0,1.0,96
2026-09-27 13:46,79,3,1.1,96
2026-09-27 13:47,76,3,0.8,96
2026-09-27 13:48,80,6,1.2,96
2026-09-27 13:49,79,0,1.1,96
2026-09-27 13:50,79,17,1.1,97
2026-09-27 13:51,75,0,0.7,98
2026-09-27 13:52,81,1,1.3,96
2026-09-27 13:53,75,1,0.7,97
2026-09-27 13:54,79,0,1.1,97
2026-09-27 13:55,80,0,1.2,96
2026-09-27 13:56,83,4,1.5,96
2026-09-27 13:57,77,0,0.9,96
2026-09-27 13:58,79,7,1.1,96
2026-09-27 13:59,78,4,1.0,95
2026-09-27 14:00,77,1,0.9,96
2026-09-27 14:01,75,0,0.7,95
2026-09-27 14:02,76,0,0.8,96
2026-09-27 14:03,77,0,0.9,95
2026-09-27 14:04,77,0,0.9,95
2026-09-27 14:05,80,1,1.2,96
2026-09-27 14:06,79,0,1.1,96
2026-09-27 14:07,79,2,1.1,97
2026-09-27 14:08,74,0,0.6,95
2026-09-27 14:09,79,1,1.1,96
2026-09-27 14:10,78,1,1.0,96
2026-09-27 14:11,76,5,0.8,96
2026-09-27 14:12,77,0,0.9,96
2026-09-27 14:13,76,0,0.8,97
2026-09-27 14:14,78,0,1.0,95
2026-09-27 14:15,80,3,1.2,96
2026-09-27 14:16,82,3,1.4,96
2026-09-27 14:17,77,0,0.9,97
2026-09-27 14:18,80,5,1.2,95
2026-09-27 14:19,76,1,0.8,95
2026-09-27 14:20,77,0,0.9,97
2026-09-27 14:21,75,0,0.7,95
2026-09-27 14:22,79,5,1.1,95
2026-09-27 14:23,80,5,1.2,97
2026-09-27 14:24,79,6,1.1,97
2026-09-27 14:25,81,0,1.3,96
2026-09-27 14:26,82,13,1.4,95
2026-09-27 14:27,84,15,1.6,96
2026-09-27 14:28,77,0,0.9,95
2026-09-27 14:29,78,0,1.0,96
2026-09-27 14:30,81,0,1.3,97
2026-09-27 14:31,76,1,0.8,95
2026-09-27 14:32,83,14,1.5,96
2026-09-27 14:33,75,2,0.7,95
2026-09-27 14:34,79,6,1.1,97
2026-09-27 14:35,81,5,1.3,96
2026-09-27 14:36,83,2,1.5,97
2026-09-27 14:37,87,24,1.9,95
2026-09-27 14:38,79,2,1.1,96
2026-09-27 14:39,79,4,1.1,96
2026-09-27 14:40,78,3,1.0,96
2026-09-27 14:41,78,0,1.0,96
2026-09-27 14:42,79,4,1.1,97
2026-09-27 14:43,81,3,1.3,96
2026-09-27 14:44,80,11,1.2,96
2026-09-27 14:45,76,0,0.8,95
2026-09-27 14:46,82,5,1.4,96
2026-09-27 14:47,80,1,1.2,98
2026-09-27 14:48,79,6,1.1,96
2026-09-27 14:49,81,11,1.3,95
2026-09-27 14:50,79,0,1.1,97
2026-09-27 14:51,78,2,1.0,96
2026-09-27 14:52,77,0,0.9,96
2026-09-27 14:53,79,2,1.1,95
2026-09-27 14:54,80,2,1.2,96
2026-09-27 14:55,76,1,0.8,97
2026-09-27 14:56,78,3,1.0,96
2026-09-27 14:57,80,2,1.2,96
2026-09-27 14:58,74,0,0.6,96
2026-09-27 14:59,77,0,0.9,97
2026-09-27 15:00,85,17,1.7,96
2026-09-27 15:01,83,24,1.5,95
2026-09-27 15:02,83,14,1.5,96
2026-09-27 15:03,84,3,1.6,97
2026-09-27 15:04,82,9,1.4,96
2026-09-27 15:05,77,2,0.9,97
2026-09-27 15:06,83,0,1.5,95
2026-09-27 15:07,80,0,1.2,96
2026-09-27 15:08,80,1,1.2,95
2026-09-27 15:09,81,6,1.3,95
2026-09-27 15:10,77,2,0.9,97
2026-09-27 15:11,80,7,1.2,96
2026-09-27 15:12,80,9,1.2,97
2026-09-27 15:13,82,0,1.4,96
2026-09-27 15:14,82,5,1.4,95
2026-09-27 15:15,83,19,1.5,97
2026-09-27 15:16,81,9,1.3,96
2026-09-27 15:17,79,1,1.1,97
2026-09-27 15:18,83,7,1.5,97
2026-09-27 15:19,80,2,1.2,96
2026-09-27 15:20,78,7,1.0,96
2026-09-27 15:21,81,2,1.3,96
2026-09-27 15:22,76,2,0.8,95
2026-09-27 15:23,77,0,0.9,96
2026-09-27 15:24,75,1,0.7,97
2026-09-27 15:25,78,3,1.0,95
2026-09-27 15:26,79,0,1.1,97
2026-09-27 15:27,81,9,1.3,97
2026-09-27 15:28,80,1,1.2,96
2026-09-27 15:29,81,2,1.3,96
2026-09-27 15:30,78,0,1.0,97
2026-09-27 15:31,78,2,1.0,96
2026-09-27 15:32,83,9,1.5,97
2026-09-27 15:33,79,0,1.1,96
2026-09-27 15:34,80,0,1.2,96
2026-09-27 15:35,80,0,1.2,96
2026-09-27 15:36,79,5,1.1,95
2026-09-27 15:37,77,0,0.9,96
2026-09-27 15:38,78,0,1.0,95
2026-09-27 15:39,78,2,1.0,96
2026-09-27 15:40,77,0,0.9,96
2026-09-27 15:41,79,8,1.1,96
2026-09-27 15:42,78,0,1.0,96
2026-09-27 15:43,77,0,0.9,97
2026-09-27 15:44,80,3,1.2,95
2026-09-27 15:45,81,5,1.3,96
2026-09-27 15:46,80,0,1.2,95
2026-09-27 15:47,79,1,1.1,95
2026-09-27 15:48,79,1,1.1,96
2026-09-27 15:49,81,8,1.3,97
2026-09-27 15:50,79,1,1.1,97
2026-09-27 15:51,79,0,1.1,96
2026-09-27 15:52,77,0,0.9,96
2026-09-27 15:53,80,6,1.2,96
2026-09-27 15:54,76,1,0.8,96
2026-09-27 15:55,83,9,1.5,97
2026-09-27 15:56,82,12,1.4,97
2026-09-27 15:57,80,2,1.2,95
2026-09-27 15:58,81,20,1.3,96
2026-09-27 15:59,77,2,0.9,96
2026-09-27 16:00,78,3,1.0,95
2026-09-27 16:01,75,2,0.7,97
2026-09-27 16:02,81,2,1.3,97
2026-09-27 16:03,79,1,1.1,97
2026-09-27 16:04,78,0,1.0,95
2026-09-27 16:05,81,3,1.3,96
2026-09-27 16:06,75,2,0.7,95
2026-09-27 16:07,76,0,0.8,95
2026-09-27 16:08,80,1,1.2,95
2026-09-27 16:09,81,5,1.3,95
2026-09-27 16:10,78,1,1.0,96
2026-09-27 16:11,80,3,1.2,95
2026-09-27 16:12,81,8,1.3,97
2026-09-27 16:13,77,1,0.9,96
2026-09-27 16:14,77,1,0.9,94
2026-09-27 16:15,76,0,0.8,95
2026-09-27 16:16,78,2,1.0,96
2026-09-27 16:17,78,0,1.0,98
2026-09-27 16:18,80,0,1.2,96
2026-09-27 16:19,75,1,0.7,97
2026-09-27 16:20,78,2,1.0,97
2026-09-27 16:21,77,0,0.9,96
2026-09-27 16:22,76,0,0.8,95
2026-09-27 16:23,80,8,1.2,95
2026-09-27 16:24,81,1,1.3,95
2026-09-27 16:25,84,9,1.6,96
2026-09-27 16:26,74,1,0.6,96
2026-09-27 16:27,81,2,1.3,95
2026-09-27 16:28,77,6,0.9,97
2026-09-27 16:29,77,5,0.9,96
2026-09-27 16:30,77,3,0.9,96
2026-09-27 16:31,76,3,0.8,97
2026-09-27 16:32,80,1,1.2,97
2026-09-27 16:33,82,2,1.4,96
2026-09-27 16:34,76,5,0.8,96
2026-09-27 16:35,79,0,1.1,96
2026-09-27 16:36,79,0,1.1,97
2026-09-27 16:37,78,4,1.0,97
2026-09-27 16:38,78,3,1.0,95
2026-09-27 16:39,77,0,0.9,96
2026-09-27 16:40,79,5,1.1,96
2026-09-27 16:41,78,7,1.0,96
2026-09-27 16:42,78,0,1.0,97
2026-09-27 16:43,81,8,1.3,96
2026-09-27 16:44,79,4,1.1,96
2026-09-27 16:45,76,2,0.8,97
2026-09-27 16:46,82,9,1.4,95
2026-09-27 16:47,75,1,0.7,96
2026-09-27 16:48,81,14,1.3,96
2026-09-27 16:49,77,4,0.9,95
2026-09-27 16:50,74,1,0.6,96
2026-09-27 16:51,78,1,1.0,95
2026-09-27 16:52,78,7,1.0,96
2026-09-27 16:53,81,1,1.3,96
2026-09-27 16:54,78,1,1.0,96
2026-09-27 16:55,83,13,1.5,96
2026-09-27 16:56,79,11,1.1,96
2026-09-27 16:57,77,0,0.9,97
2026-09-27 16:58,81,7,1.3,96
2026-09-27 16:59,77,1,0.9,96
2026-09-27 17:00,78,5,1.0,96
2026-09-27 17:01,80,7,1.2,97
2026-09-27 17:02,80,1,1.2,96
2026-09-27 17:03,81,9,1.3,95
2026-09-27 17:04,79,0,1.1,97
2026-09-27 17:05,83,0,1.5,97
2026-09-27 17:06,79,0,1.1,96
2026-09-27 17:07,77,1,0.9,96
2026-09-27 17:08,79,1,1.1,95
2026-09-27 17:09,76,1,0.8,97
2026-09-27 17:10,79,6,1.1,96
2026-09-27 17:11,83,7,1.5,96
2026-09-27 17:12,80,3,1.2,96
2026-09-27 17:13,76,0,0.8,95
2026-09-27 17:14,76,0,0.8,96
2026-09-27 17:15,78,9,1.0,96
2026-09-27 17:16,83,2,1.5,96
2026-09-27 17:17,77,0,0.9,96
2026-09-27 17:18,80,15,1.2,97
2026-09-27 17:19,81,1,1.3,96
2026-09-27 17:20,79,2,1.1,96
2026-09-27 17:21,76,0,0.8,96
2026-09-27 17:22,78,7,1.0,96
2026-09-27 17:23,77,5,0.9,95
2026-09-27 17:24,83,18,1.5,95
2026-09-27 17:25,78,1,1.0,96
2026-09-27 17:26,79,0,1.1,95
2026-09-27 17:27,79,11,1.1,97
2026-09-27 17:28,78,3,1.0,96
2026-09-27 17:29,79,1,1.1,97
2026-09-27 17:30,81,1,1.3,96
2026-09-27 17:31,82,0,1.4,96
2026-09-27 17:32,80,0,1.2,96
2026-09-27 17:33,76,2,0.8,95
2026-09-27 17:34,78,2,1.0,95
2026-09-27 17:35,82,9,1.4,96
2026-09-27 17:36,82,20,1.4,96
2026-09-27 17:37,78,8,1.0,96
2026-09-27 17:38,76,4,0.8,96
2026-09-27 17:39,80,8,1.2,95
2026-09-27 17:40,77,3,0.9,95
2026-09-27 17:41,79,5,1.1,95
2026-09-27 17:42,77,4,0.9,95
2026-09-27 17:43,79,0,1.1,95
2026-09-27 17:44,77,2,0.9,96
2026-09-27 17:45,75,0,0.7,97
2026-09-27 17:46,76,0,0.8,97
2026-09-27 17:47,76,4,0.8,96
2026-09-27 17:48,79,2,1.1,96
2026-09-27 17:49,83,13,1.5,95
2026-09-27 17:50,77,1,0.9,97
2026-09-27 17:51,77,3,0.9,96
2026-09-27 17:52,82,1,1.4,95
2026-09-27 17:53,85,18,1.7,95
2026-09-27 17:54,81,0,1.3,98
2026-09-27 17:55,79,1,1.1,96
2026-09-27 17:56,78,1,1.0,96
2026-09-27 17:57,83,15,1.5,96
2026-09-27 17:58,86,15,1.8,96
2026-09-27 17:59,83,4,1.5,97
2026-09-27 18:00,82,12,1.4,96
2026-09-27 18:01,82,11,1.4,97
2026-09-27 18:02,82,6,1.4,95
2026-09-27 18:03,81,4,1.3,96
2026-09-27 18:04,78,0,1.0,96
2026-09-27 18:05,79,9,1.1,97
2026-09-27 18:06,77,2,0.9,96
2026-09-27 18:07,82,3,1.4,95
2026-09-27 18:08,79,5,1.1,96
2026-09-27 18:09,82,17,1.4,97
2026-09-27 18:10,78,1,1.0,97
2026-09-27 18:11,76,2,0.8,95
2026-09-27 18:12,81,7,1.3,95
2026-09-27 18:13,79,2,1.1,97
2026-09-27 18:14,81,8,1.3,96
2026-09-27 18:15,81,1,1.3,96
2026-09-27 18:16,78,0,1.0,95
2026-09-27 18:17,79,3,1.1,97
2026-09-27 18:18,77,1,0.9,96
2026-09-27 18:19,80,2,1.2,96
2026-09-27 18:20,79,1,1.1,95
2026-09-27 18:21,80,1,1.2,96
2026-09-27 18:22,85,12,1.7,96
2026-09-27 18:23,76,2,0.8,95
2026-09-27 18:24,82,4,1.4,96
2026-09-27 18:25,78,9,1.0,96
2026-09-27 18:26,79,10,1.1,95
2026-09-27 18:27,74,1,0.6,96
2026-09-27 18:28,81,0,1.3,97
2026-09-27 18:29,77,0,0.9,96
2026-09-27 18:30,79,0,1.1,95
2026-09-27 18:31,78,3,1.0,96
2026-09-27 18:32,82,3,1.4,97
2026-09-27 18:33,76,2,0.8,96
2026-09-27 18:34,78,0,1.0,95
2026-09-27 18:35,78,7,1.0,97
2026-09-27 18:36,80,7,1.2,96
2026-09-27 18:37,81,2,1.3,97
2026-09-27 18:38,79,1,1.1,97
2026-09-27 18:39,81,7,1.3,97
2026-09-27 18:40,80,0,1.2,96
2026-09-27 18:41,83,20,1.5,95
2026-09-27 18:42,75,0,0.7,95
2026-09-27 18:43,78,8,1.0,96
2026-09-27 18:44,78,2,1.0,96
2026-09-27 18:45,84,11,1.6,96
2026-09-27 18:46,78,1,1.0,95
2026-09-27 18:47,78,2,1.0,95
2026-09-27 18:48,83,15,1.5,97
2026-09-27 18:49,81,16,1.3,96
2026-09-27 18:50,81,3,1.3,96
2026-09-27 18:51,80,0,1.2,97
2026-09-27 18:52,76,0,0.8,95
2026-09-27 18:53,81,0,1.3,96
2026-09-27 18:54,76,0,0.8,95
2026-09-27 18:55,79,0,1.1,96
2026-09-27 18:56,77,0,0.9,96
2026-09-27 18:57,80,2,1.2,96
2026-09-27 18:58,80,0,1.2,95
2026-09-27 18:59,78,0,1.0,96
2026-09-27 19:00,79,1,1.1,97
2026-09-27 19:01,75,0,0.7,95
2026-09-27 19:02,77,6,0.9,95
2026-09-27 19:03,80,8,1.2,97
2026-09-27 19:04,83,15,1.5,95
2026-09-27 19:05,77,0,0.9,96
2026-09-27 19:06,81,6,1.3,95
2026-09-27 19:07,87,22,1.9,95
2026-09-27 19:08,75,0,0.7,97
2026-09-27 19:09,79,0,1.1,96
2026-09-27 19:10,87,18,1.9,96
2026-09-27 19:11,79,4,1.1,97
2026-09-27 19:12,78,1,1.0,96
2026-09-27 19:13,79,3,1.1,97
2026-09-27 19:14,81,6,1.3,96
2026-09-27 19:15,75,5,0.7,97
2026-09-27 19:16,81,7,1.3,96
2026-09-27 19:17,77,0,0.9,96
2026-09-27 19:18,80,1,1.2,96
2026-09-27 19:19,77,0,0.9,94
2026-09-27 19:20,78,1,1.0,98
2026-09-27 19:21,84,19,1.6,96
2026-09-27 19:22,80,1,1.2,96
2026-09-27 19:23,78,0,1.0,96
2026-09-27 19:24,79,1,1.1,96
2026-09-27 19:25,77,2,0.9,96
2026-09-27 19:26,80,8,1.2,96
2026-09-27 19:27,79,2,1.1,97
2026-09-27 19:28,82,1,1.4,96
2026-09-27 19:29,78,5,1.0,96
2026-09-27 19:30,79,1,1.1,97
2026-09-27 19:31,78,2,1.0,95
2026-09-27 19:32,81,6,1.3,97
2026-09-27 19:33,78,4,1.0,96
2026-09-27 19:34,81,3,1.3,96
2026-09-27 19:35,78,7,1.0,96
2026-09-27 19:36,83,6,1.5,97
2026-09-27 19:37,78,0,1.0,95
2026-09-27 19:38,81,10,1.3,97
2026-09-27 19:39,80,5,1.2,96
2026-09-27 19:40,79,0,1.1,96
2026-09-27 19:41,79,0,1.1,95
2026-09-27 19:42,80,0,1.2,95
2026-09-27 19:43,80,5,1.2,96
2026-09-27 19:44,77,0,0.9,95
2026-09-27 19:45,76,2,0.8,97
2026-09-27 19:46,77,1,0.9,96
2026-09-27 19:47,76,0,0.8,95
2026-09-27 19:48,80,2,1.2,96
2026-09-27 19:49,76,1,0.8,96
2026-09-27 19:50,78,3,1.0,96
2026-09-27 19:51,82,11,1.4,96
2026-09-27 19:52,85,12,1.7,96
2026-09-27 19:53,75,1,0.7,94
2026-09-27 19:54,78,2,1.0,95
2026-09-27 19:55,84,14,1.6,94
2026-09-27 19:56,78,10,1.0,95
2026-09-27 19:57,80,1,1.2,96
2026-09-27 19:58,74,1,0.6,97
2026-09-27 19:59,79,3,1.1,97
2026-09-27 20:00,76,1,0.8,96
2026-09-27 20:01,77,1,0.9,96
2026-09-27 20:02,79,2,1.1,96
2026-09-27 20:03,81,1,1.3,96
2026-09-27 20:04,78,6,1.0,96
2026-09-27 20:05,88,23,2.0,95
2026-09-27 20:06,81,0,1.3,97
2026-09-27 20:07,75,1,0.7,96
2026-09-27 20:08,78,1,1.0,96
2026-09-27 20:09,82,9,1.4,96
2026-09-27 20:10,81,0,1.3,95
2026-09-27 20:11,81,4,1.3,95
2026-09-27 20:12,77,0,0.9,96
2026-09-27 20:13,77,0,0.9,96
2026-09-27 20:14,83,11,1.5,96
2026-09-27 20:15,81,14,1.3,96
2026-09-27 20:16,79,1,1.1,97
2026-09-27 20:17,80,5,1.2,96
2026-09-27 20:18,78,5,1.0,96
2026-09-27 20:19,84,5,1.6,94
2026-09-27 20:20,78,0,1.0,97
2026-09-27 20:21,82,0,1.4,97
2026-09-27 20:22,81,3,1.3,97
2026-09-27 20:23,80,1,1.2,95
2026-09-27 20:24,78,3,1.0,96
2026-09-27 20:25,78,2,1.0,95
2026-09-27 20:26,79,2,1.1,97
2026-09-27 20:27,78,0,1.0,96
2026-09-27 20:28,76,1,0.8,96
2026-09-27 20:29,84,4,1.6,96
2026-09-27 20:30,83,0,1.5,96
2026-09-27 20:31,80,3,1.2,97
2026-09-27 20:32,78,0,1.0,97
2026-09-27 20:33,77,0,0.9,95
2026-09-27 20:34,78,8,1.0,97
2026-09-27 20:35,79,0,1.1,94
2026-09-27 20:36,79,2,1.1,97
2026-09-27 20:37,79,0,1.1,96
2026-09-27 20:38,80,0,1.2,96
2026-09-27 20:39,83,3,1.5,96
2026-09-27 20:40,82,14,1.4,98
2026-09-27 20:41,78,0,1.0,96
2026-09-27 20:42,78,0,1.0,96
2026-09-27 20:43,80,5,1.2,96
2026-09-27 20:44,76,0,0.8,96
2026-09-27 20:45,81,0,1.3,97
2026-09-27 20:46,80,2,1.2,96
2026-09-27 20:47,77,4,0.9,96
2026-09-27 20:48,79,3,1.1,96
2026-09-27 20:49,80,0,1.2,97
2026-09-27 20:50,81,4,1.3,96
2026-09-27 20:51,80,9,1.2,96
2026-09-27 20:52,79,0,1.1,95
2026-09-27 20:53,80,3,1.2,97
2026-09-27 20:54,79,6,1.1,96
2026-09-27 20:55,79,0,1.1,96
2026-09-27 20:56,76,0,0.8,96
2026-09-27 20:57,77,0,0.9,96
2026-09-27 20:58,77,6,0.9,96
2026-09-27 20:59,84,13,1.6,95
2026-09-27 21:00,80,0,1.2,95
2026-09-27 21:01,79,6,1.1,96
2026-09-27 21:02,80,7,1.2,95
2026-09-27 21:03,82,3,1.4,96
2026-09-27 21:04,77,6,0.9,96
2026-09-27 21:05,81,12,1.3,97
2026-09-27 21:06,81,5,1.3,96
2026-09-27 21:07,79,1,1.1,96
2026-09-27 21:08,78,2,1.0,95
2026-09-27 21:09,74,1,0.6,96
2026-09-27 21:10,79,8,1.1,97
2026-09-27 21:11,86,19,1.8,97
2026-09-27 21:12,77,0,0.9,96
2026-09-27 21:13,79,2,1.1,96
2026-09-27 21:14,78,0,1.0,95
2026-09-27 21:15,80,1,1.2,96
2026-09-27 21:16,78,5,1.0,96
2026-09-27 21:17,79,0,1.1,97
2026-09-27 21:18,79,2,1.1,97
2026-09-27 21:19,76,0,0.8,96
2026-09-27 21:20,79,1,1.1,96
2026-09-27 21:21,81,5,1.3,96
2026-09-27 21:22,79,0,1.1,97
2026-09-27 21:23,78,3,1.0,96
2026-09-27 21:24,77,0,0.9,95
2026-09-27 21:25,75,0,0.7,95
2026-09-27 21:26,78,7,1.0,97
2026-09-27 21:27,74,0,0.6,97
2026-09-27 21:28,79,1,1.1,96
2026-09-27 21:29,79,2,1.1,96
2026-09-27 21:30,78,0,1.0,96
2026-09-27 21:31,87,12,1.9,96
2026-09-27 21:32,78,0,1.0,95
2026-09-27 21:33,79,0,1.1,97
2026-09-27 21:34,78,9,1.0,95
2026-09-27 21:35,78,1,1.0,95
2026-09-27 21:36,77,1,0.9,97
2026-09-27 21:37,79,3,1.1,96
2026-09-27 21:38,77,3,0.9,97
2026-09-27 21:39,77,0,0.9,96
2026-09-27 21:40,77,0,0.9,97
2026-09-27 21:41,79,1,1.1,97
2026-09-27 21:42,76,3,0.8,96
2026-09-27 21:43,78,0,1.0,97
2026-09-27 21:44,82,11,1.4,96
2026-09-27 21:45,79,3,1.1,96
2026-09-27 21:46,81,1,1.3,94
2026-09-27 21:47,78,0,1.0,96
2026-09-27 21:48,80,6,1.2,95
2026-09-27 21:49,78,0,1.0,95
2026-09-27 21:50,80,1,1.2,96
2026-09-27 21:51,79,1,1.1,96
2026-09-27 21:52,78,0,1.0,96
2026-09-27 21:53,80,2,1.2,95
2026-09-27 21:54,76,0,0.8,96
2026-09-27 21:55,80,0,1.2,97
2026-09-27 21:56,76,0,0.8,96
2026-09-27 21:57,81,0,1.3,95
2026-09-27 21:58,77,0,0.9,96
2026-09-27 21:59,79,6,1.1,96
2026-09-27 22:00,80,7,1.2,96
2026-09-27 22:01,81,8,1.3,95
2026-09-27 22:02,74,0,0.6,96
2026-09-27 22:03,78,4,1.0,94
2026-09-27 22:04,79,0,1.1,97
2026-09-27 22:05,80,3,1.2,96
2026-09-27 22:06,77,4,0.9,96
2026-09-27 22:07,84,12,1.6,96
2026-09-27 22:08,83,4,1.5,97
2026-09-27 22:09,76,0,0.8,95
2026-09-27 22:10,77,0,0.9,96
2026-09-27 22:11,77,4,0.9,96
2026-09-27 22:12,78,4,1.0,96
2026-09-27 22:13,80,8,1.2,96
2026-09-27 22:14,83,2,1.5,96
2026-09-27 22:15,76,3,0.8,96
2026-09-27 22:16,82,2,1.4,96
2026-09-27 22:17,78,1,1.0,97
2026-09-27 22:18,80,9,1.2,95
2026-09-27 22:19,77,0,0.9,96
2026-09-27 22:20,82,11,1.4,96
2026-09-27 22:21,78,1,1.0,96
2026-09-27 22:22,78,0,1.0,96
2026-09-27 22:23,80,8,1.2,96
2026-09-27 22:24,78,0,1.0,96
2026-09-27 22:25,78,0,1.0,95
2026-09-27 22:26,77,0,0.9,95
2026-09-27 22:27,77,3,0.9,95
2026-09-27 22:28,79,0,1.1,96
2026-09-27 22:29,79,3,1.1,97
2026-09-27 22:30,71,0,0.3,97
2026-09-27 22:31,68,0,0.0,95
2026-09-27 22:32,71,0,0.3,96
2026-09-27 22:33,69,0,0.1,97
2026-09-27 22:34,69,0,0.1,96
2026-09-27 22:35,70,0,0.2,97
2026-09-27 22:36,69,0,0.1,97
2026-09-27 22:37,68,0,0.0,96
2026-09-27 22:38,68,0,0.0,96
2026-09-27 22:39,73,0,0.5,96
2026-09-27 22:40,71,0,0.3,95
2026-09-27 22:41,69,0,0.1,96
2026-09-27 22:42,71,0,0.3,96
2026-09-27 22:43,68,0,0.0,97
2026-09-27 22:44,74,0,0.6,96
2026-09-27 22:45,73,0,0.5,96
2026-09-27 22:46,71,0,0.3,96
2026-09-27 22:47,72,0,0.4,96
2026-09-27 22:48,70,0,0.2,94
2026-09-27 22:49,70,0,0.2,95
2026-09-27 22:50,70,0,0.2,95
2026-09-27 22:51,70,0,0.2,96
2026-09-27 22:52,72,0,0.4,96
2026-09-27 22:53,69,0,0.1,95
2026-09-27 22:54,72,0,0.4,95
2026-09-27 22:55,69,0,0.1,96
2026-09-27 22:56,71,0,0.3,96
2026-09-27 22:57,73,0,0.5,96
2026-09-27 22:58,74,0,0.6,96
2026-09-27 22:59,68,0,0.0,97
2026-09-27 23:00,72,0,0.4,96
2026-09-27 23:01,74,0,0.6,95
2026-09-27 23:02,71,0,0.3,95
2026-09-27 23:03,74,0,0.6,95
2026-09-27 23:04,69,0,0.1,96
2026-09-27 23:05,71,0,0.3,98
2026-09-27 23:06,75,0,0.7,96
2026-09-27 23:07,72,0,0.4,96
2026-09-27 23:08,73,0,0.5,96
2026-09-27 23:09,71,0,0.3,96
2026-09-27 23:10,71,0,0.3,95
2026-09-27 23:11,73,0,0.5,96
2026-09-27 23:12,71,0,0.3,96
2026-09-27 23:13,74,0,0.6,96
2026-09-27 23:14,69,0,0.1,95
2026-09-27 23:15,69,0,0.1,96
2026-09-27 23:16,72,0,0.4,95
2026-09-27 23:17,68,0,0.0,96
2026-09-27 23:18,72,0,0.4,95
2026-09-27 23:19,74,0,0.6,96
2026-09-27 23:20,75,0,0.7,96
2026-09-27 23:21,69,0,0.1,94
2026-09-27 23:22,70,0,0.2,96
2026-09-27 23:23,73,0,0.5,96
2026-09-27 23:24,70,0,0.2,98
2026-09-27 23:25,72,0,0.4,95
2026-09-27 23:26,68,0,0.0,97
2026-09-27 23:27,71,0,0.3,95
2026-09-27 23:28,72,0,0.4,97
2026-09-27 23:29,70,0,0.2,96
2026-09-27 23:30,72,0,0.4,96
2026-09-27 23:31,71,0,0.3,95
2026-09-27 23:32,70,0,0.2,95
2026-09-27 23:33,69,0,0.1,97
2026-09-27 23:34,71,0,0.3,97
2026-09-27 23:35,72,0,0.4,96
2026-09-27 23:36,70,0,0.2,96
2026-09-27 23:37,72,0,0.4,96
2026-09-27 23:38,72,0,0.4,96
2026-09-27 23:39,69,0,0.1,96
2026-09-27 23:40,71,0,0.3,97
2026-09-27 23:41,73,0,0.5,97
2026-09-27 23:42,72,0,0.4,96
2026-09-27 23:43,70,0,0.2,95
2026-09-27 23:44,68,0,0.0,95
2026-09-27 23:45,71,0,0.3,96
2026-09-27 23:46,71,0,0.3,97
2026-09-27 23:47,73,0,0.5,97
2026-09-27 23:48,71,0,0.3,96
2026-09-27 23:49,71,0,0.3,97
2026-09-27 23:50,72,0,0.4,96
2026-09-27 23:51,74,0,0.6,95
2026-09-27 23:52,73,0,0.5,97
2026-09-27 23:53,75,0,0.7,97
2026-09-27 23:54,70,0,0.2,95
2026-09-27 23:55,73,0,0.5,96
2026-09-27 23:56,71,0,0.3,97
2026-09-27 23:57,74,0,0.6,97
2026-09-27 23:58,70,0,0.2,97
2026-09-27 23:59,72,0,0.4,95
2026-09-28 00:00,68,0,0.2,97
2026-09-28 00:01,70,0,0.4,96
2026-09-28 00:02,69,0,0.3,99
2026-09-28 00:03,69,0,0.3,96
2026-09-28 00:04,69,0,0.3,97
2026-09-28 00:05,69,0,0.3,96
2026-09-28 00:06,66,0,0.0,97
2026-09-28 00:07,70,0,0.4,97
2026-09-28 00:08,69,0,0.3,97
2026-09-28 00:09,73,0,0.7,96
2026-09-28 00:10,66,0,0.0,96
2026-09-28 00:11,72,0,0.6,96
2026-09-28 00:12,69,0,0.3,97
2026-09-28 00:13,68,0,0.2,96
2026-09-28 00:14,69,0,0.3,96
2026-09-28 00:15,69,0,0.3,95
2026-09-28 00:16,67,0,0.1,95
2026-09-28 00:17,70,0,0.4,95
2026-09-28 00:18,70,0,0.4,97
2026-09-28 00:19,67,0,0.1,95
2026-09-28 00:20,70,0,0.4,96
2026-09-28 00:21,69,0,0.3,96
2026-09-28 00:22,70,0,0.4,95
2026-09-28 00:23,70,0,0.4,96
2026-09-28 00:24,69,0,0.3,97
2026-09-28 00:25,73,0,0.7,96
2026-09-28 00:26,69,0,0.3,97
2026-09-28 00:27,66,0,0.0,96
2026-09-28 00:28,71,0,0.5,95
2026-09-28 00:29,66,0,0.0,96
2026-09-28 00:30,69,0,0.3,97
2026-09-28 00:31,68,0,0.2,97
2026-09-28 00:32,66,0,0.0,95
2026-09-28 00:33,66,0,0.0,97
2026-09-28 00:34,73,0,0.7,97
2026-09-28 00:35,67,0,0.1,98
2026-09-28 00:36,66,0,0.0,96
2026-09-28 00:37,67,0,0.1,97
2026-09-28 00:38,68,0,0.2,96
2026-09-28 00:39,71,0,0.5,97
2026-09-28 00:40,66,0,0.0,97
2026-09-28 00:41,69,0,0.3,95
2026-09-28 00:42,69,0,0.3,96
2026-09-28 00:43,68,0,0.2,96
2026-09-28 00:44,71,0,0.5,96
2026-09-28 00:45,68,0,0.2,96
2026-09-28 00:46,66,0,0.0,96
2026-09-28 00:47,69,0,0.3,97
2026-09-28 00:48,67,0,0.1,95
2026-09-28 00:49,68,0,0.2,95
2026-09-28 00:50,70,0,0.4,96
2026-09-28 00:51,66,0,0.0,95
2026-09-28 00:52,69,0,0.3,96
2026-09-28 00:53,69,0,0.3,96
2026-09-28 00:54,67,0,0.1,97
2026-09-28 00:55,66,0,0.0,96
2026-09-28 00:56,71,0,0.5,97
2026-09-28 00:57,71,0,0.5,97
2026-09-28 00:58,66,0,0.0,96
2026-09-28 00:59,67,0,0.1,97
2026-09-28 01:00,67,0,0.1,96
2026-09-28 01:01,68,0,0.2,97
2026-09-28 01:02,66,0,0.0,96
2026-09-28 01:03,70,0,0.4,96
2026-09-28 01:04,69,0,0.3,95
2026-09-28 01:05,71,0,0.5,97
2026-09-28 01:06,69,0,0.3,96
2026-09-28 01:07,72,0,0.6,98
2026-09-28 01:08,67,0,0.1,96
2026-09-28 01:09,70,0,0.4,96
2026-09-28 01:10,70,0,0.4,96
2026-09-28 01:11,69,0,0.3,96
2026-09-28 01:12,70,0,0.4,97
2026-09-28 01:13,68,0,0.2,97
2026-09-28 01:14,66,0,0.0,95
2026-09-28 01:15,68,0,0.2,96
2026-09-28 01:16,71,0,0.5,96
2026-09-28 01:17,66,0,0.0,96
2026-09-28 01:18,72,0,0.6,97
2026-09-28 01:19,66,0,0.0,96
2026-09-28 01:20,70,0,0.4,96
2026-09-28 01:21,67,0,0.1,96
2026-09-28 01:22,70,0,0.4,96
2026-09-28 01:23,67,0,0.1,96
2026-09-28 01:24,69,0,0.3,96
2026-09-28 01:25,69,0,0.3,97
2026-09-28 01:26,69,0,0.3,97
2026-09-28 01:27,70,0,0.4,96
2026-09-28 01:28,69,0,0.3,97
2026-09-28 01:29,68,0,0.2,95
2026-09-28 01:30,71,0,0.5,96
2026-09-28 01:31,68,0,0.2,97
2026-09-28 01:32,69,0,0.3,98
2026-09-28 01:33,70,0,0.4,97
2026-09-28 01:34,67,0,0.1,97
2026-09-28 01:35,68,0,0.2,98
2026-09-28 01:36,69,0,0.3,97
2026-09-28 01:37,69,0,0.3,96
2026-09-28 01:38,69,0,0.3,96
2026-09-28 01:39,68,0,0.2,95
2026-09-28 01:40,69,0,0.3,97
2026-09-28 01:41,70,0,0.4,96
2026-09-28 01:42,66,0,0.0,96
2026-09-28 01:43,67,0,0.1,95
2026-09-28 01:44,69,0,0.3,96
2026-09-28 01:45,69,0,0.3,97
2026-09-28 01:46,70,0,0.4,97
2026-09-28 01:47,70,0,0.4,98
2026-09-28 01:48,68,0,0.2,97
2026-09-28 01:49,67,0,0.1,98
2026-09-28 01:50,70,0,0.4,97
2026-09-28 01:51,68,0,0.2,96
2026-09-28 01:52,67,0,0.1,96
2026-09-28 01:53,71,0,0.5,96
2026-09-28 01:54,68,0,0.2,97
2026-09-28 01:55,68,0,0.2,98
2026-09-28 01:56,69,0,0.3,96
2026-09-28 01:57,66,0,0.0,96
2026-09-28 01:58,74,0,0.8,96
2026-09-28 01:59,72,0,0.6,95
2026-09-28 02:00,73,0,0.7,97
2026-09-28 02:01,69,0,0.3,94
2026-09-28 02:02,69,0,0.3,95
2026-09-28 02:03,71,0,0.5,97
2026-09-28 02:04,69,0,0.3,97
2026-09-28 02:05,70,0,0.4,96
2026-09-28 02:06,68,0,0.2,96
2026-09-28 02:07,67,0,0.1,97
2026-09-28 02:08,71,0,0.5,97
2026-09-28 02:09,70,0,0.4,95
2026-09-28 02:10,69,0,0.3,96
2026-09-28 02:11,68,0,0.2,95
2026-09-28 02:12,73,0,0.7,95
2026-09-28 02:13,68,0,0.2,96
2026-09-28 02:14,66,0,0.0,96
2026-09-28 02:15,70,0,0.4,97
2026-09-28 02:16,66,0,0.0,96
2026-09-28 02:17,71,0,0.5,96
2026-09-28 02:18,68,0,0.2,96
2026-09-28 02:19,69,0,0.3,96
2026-09-28 02:20,69,0,0.3,96
2026-09-28 02:21,68,0,0.2,97
2026-09-28 02:22,66,0,0.0,96
2026-09-28 02:23,70,0,0.4,97
2026-09-28 02:24,69,0,0.3,95
2026-09-28 02:25,67,0,0.1,96
2026-09-28 02:26,70,0,0.4,96
2026-09-28 02:27,70,0,0.4,96
2026-09-28 02:28,67,0,0.1,96
2026-09-28 02:29,69,0,0.3,96
2026-09-28 02:30,66,0,0.0,97
2026-09-28 02:31,66,0,0.0,97
2026-09-28 02:32,71,0,0.5,96
2026-09-28 02:33,69,0,0.3,96
2026-09-28 02:34,71,0,0.5,97
2026-09-28 02:35,69,0,0.3,97
2026-09-28 02:36,70,0,0.4,95
2026-09-28 02:37,70,0,0.4,96
2026-09-28 02:38,70,0,0.4,96
2026-09-28 02:39,70,0,0.4,97
2026-09-28 02:40,67,0,0.1,97
2026-09-28 02:41,70,0,0.4,96
2026-09-28 02:42,66,0,0.0,96
2026-09-28 02:43,70,0,0.4,97
2026-09-28 02:44,73,0,0.7,97
2026-09-28 02:45,73,0,0.7,95
2026-09-28 02:46,72,0,0.6,98
2026-09-28 02:47,68,0,0.2,96
2026-09-28 02:48,70,0,0.4,96
2026-09-28 02:49,67,0,0.1,96
2026-09-28 02:50,71,0,0.5,97
2026-09-28 02:51,69,0,0.3,96
2026-09-28 02:52,68,0,0.2,97
2026-09-28 02:53,70,0,0.4,96
2026-09-28 02:54,71,0,0.5,96
2026-09-28 02:55,66,0,0.0,96
2026-09-28 02:56,68,0,0.2,96
2026-09-28 02:57,69,0,0.3,97
2026-09-28 02:58,70,0,0.4,96
2026-09-28 02:59,67,0,0.1,97
2026-09-28 03:00,69,0,0.3,96
2026-09-28 03:01,68,0,0.2,97
2026-09-28 03:02,71,0,0.5,96
2026-09-28 03:03,70,0,0.4,95
2026-09-28 03:04,72,0,0.6,96
2026-09-28 03:05,68,0,0.2,96
2026-09-28 03:06,67,0,0.1,96
2026-09-28 03:07,69,0,0.3,97
2026-09-28 03:08,71,0,0.5,96
2026-09-28 03:09,70,0,0.4,95
2026-09-28 03:10,68,0,0.2,97
2026-09-28 03:11,66,0,0.0,96
2026-09-28 03:12,68,0,0.2,97
2026-09-28 03:13,70,0,0.4,96
2026-09-28 03:14,71,0,0.5,97
2026-09-28 03:15,66,0,0.0,96
2026-09-28 03:16,70,0,0.4,96
2026-09-28 03:17,70,0,0.4,97
2026-09-28 03:18,73,0,0.7,96
2026-09-28 03:19,71,0,0.5,95
2026-09-28 03:20,66,0,0.0,97
2026-09-28 03:21,68,0,0.2,96
2026-09-28 03:22,69,0,0.3,96
2026-09-28 03:23,68,0,0.2,97
2026-09-28 03:24,68,0,0.2,95
2026-09-28 03:25,66,0,0.0,97
2026-09-28 03:26,68,0,0.2,96
2026-09-28 03:27,67,0,0.1,96
2026-09-28 03:28,68,0,0.2,96
2026-09-28 03:29,68,0,0.2,96
2026-09-28 03:30,69,0,0.3,96
2026-09-28 03:31,69,0,0.3,96
2026-09-28 03:32,69,0,0.3,96
2026-09-28 03:33,69,0,0.3,97
2026-09-28 03:34,66,0,0.0,96
2026-09-28 03:35,69,0,0.3,97
2026-09-28 03:36,71,0,0.5,97
2026-09-28 03:37,69,0,0.3,95
2026-09-28 03:38,69,0,0.3,97
2026-09-28 03:39,70,0,0.4,97
2026-09-28 03:40,69,0,0.3,96
2026-09-28 03:41,68,0,0.2,96
2026-09-28 03:42,68,0,0.2,97
2026-09-28 03:43,67,0,0.1,95
2026-09-28 03:44,67,0,0.1,97
2026-09-28 03:45,69,0,0.3,97
2026-09-28 03:46,68,0,0.2,97
2026-09-28 03:47,67,0,0.1,95
2026-09-28 03:48,69,0,0.3,94
2026-09-28 03:49,70,0,0.4,97
2026-09-28 03:50,69,0,0.3,95
2026-09-28 03:51,68,0,0.2,97
2026-09-28 03:52,73,0,0.7,96
2026-09-28 03:53,69,0,0.3,95
2026-09-28 03:54,68,0,0.2,95
2026-09-28 03:55,71,0,0.5,97
2026-09-28 03:56,72,0,0.6,96
2026-09-28 03:57,66,0,0.0,95
2026-09-28 03:58,67,0,0.1,97
2026-09-28 03:59,68,0,0.2,95
2026-09-28 04:00,70,0,0.4,97
2026-09-28 04:01,67,0,0.1,95
2026-09-28 04:02,72,0,0.6,96
2026-09-28 04:03,69,0,0.3,97
2026-09-28 04:04,72,0,0.6,96
2026-09-28 04:05,69,0,0.3,97
2026-09-28 04:06,70,0,0.4,95
2026-09-28 04:07,71,0,0.5,97
2026-09-28 04:08,68,0,0.2,96
2026-09-28 04:09,67,0,0.1,96
2026-09-28 04:10,68,0,0.2,95
2026-09-28 04:11,66,0,0.0,97
2026-09-28 04:12,66,0,0.0,98
2026-09-28 04:13,69,0,0.3,96
2026-09-28 04:14,70,0,0.4,96
2026-09-28 04:15,71,0,0.5,96
2026-09-28 04:16,72,0,0.6,96
2026-09-28 04:17,68,0,0.2,95
2026-09-28 04:18,66,0,0.0,97
2026-09-28 04:19,72,0,0.6,95
2026-09-28 04:20,69,0,0.3,97
2026-09-28 04:21,69,0,0.3,96
2026-09-28 04:22,66,0,0.0,96
2026-09-28 04:23,67,0,0.1,96
2026-09-28 04:24,70,0,0.4,96
2026-09-28 04:25,68,0,0.2,96
2026-09-28 04:26,71,0,0.5,96
2026-09-28 04:27,67,0,0.1,95
2026-09-28 04:28,72,0,0.6,96
2026-09-28 04:29,66,0,0.0,96
2026-09-28 04:30,66,0,0.0,97
2026-09-28 04:31,68,0,0.2,97
2026-09-28 04:32,68,0,0.2,95
2026-09-28 04:33,67,0,0.1,96
2026-09-28 04:34,70,0,0.4,96
2026-09-28 04:35,70,0,0.4,96
2026-09-28 04:36,67,0,0.1,96
2026-09-28 04:37,71,0,0.5,96
2026-09-28 04:38,72,0,0.6,96
2026-09-28 04:39,71,0,0.5,95
2026-09-28 04:40,69,0,0.3,96
2026-09-28 04:41,68,0,0.2,96
2026-09-28 04:42,69,0,0.3,97
2026-09-28 04:43,70,0,0.4,96
2026-09-28 04:44,67,0,0.1,95
2026-09-28 04:45,66,0,0.0,96
2026-09-28 04:46,69,0,0.3,96
2026-09-28 04:47,70,0,0.4,95
2026-09-28 04:48,69,0,0.3,96
2026-09-28 04:49,66,0,0.0,96
2026-09-28 04:50,66,0,0.0,96
2026-09-28 04:51,68,0,0.2,95
2026-09-28 04:52,70,0,0.4,97
2026-09-28 04:53,71,0,0.5,98
2026-09-28 04:54,68,0,0.2,97
2026-09-28 04:55,66,0,0.0,96
2026-09-28 04:56,67,0,0.1,96
2026-09-28 04:57,68,0,0.2,95
2026-09-28 04:58,70,0,0.4,96
2026-09-28 04:59,66,0,0.0,96
2026-09-28 05:00,68,0,0.2,96
2026-09-28 05:01,67,0,0.1,97
2026-09-28 05:02,69,0,0.3,96
2026-09-28 05:03,68,0,0.2,98
2026-09-28 05:04,67,0,0.1,96
2026-09-28 05:05,71,0,0.5,96
2026-09-28 05:06,71,0,0.5,96
2026-09-28 05:07,71,0,0.5,97
2026-09-28 05:08,70,0,0.4,96
2026-09-28 05:09,71,0,0.5,97
2026-09-28 05:10,70,0,0.4,96
2026-09-28 05:11,69,0,0.3,96
2026-09-28 05:12,66,0,0.0,97
2026-09-28 05:13,69,0,0.3,95
2026-09-28 05:14,70,0,0.4,96
2026-09-28 05:15,68,0,0.2,97
2026-09-28 05:16,71,0,0.5,95
2026-09-28 05:17,69,0,0.3,97
2026-09-28 05:18,67,0,0.1,96
2026-09-28 05:19,71,0,0.5,96
2026-09-28 05:20,67,0,0.1,96
2026-09-28 05:21,70,0,0.4,97
2026-09-28 05:22,67,0,0.1,96
2026-09-28 05:23,67,0,0.1,96
2026-09-28 05:24,70,0,0.4,96
2026-09-28 05:25,68,0,0.2,96
2026-09-28 05:26,68,0,0.2,97
2026-09-28 05:27,68,0,0.2,96
2026-09-28 05:28,70,0,0.4,96
2026-09-28 05:29,72,0,0.6,96
2026-09-28 05:30,68,0,0.2,96
2026-09-28 05:31,69,0,0.3,96
2026-09-28 05:32,68,0,0.2,97
2026-09-28 05:33,72,0,0.6,96
2026-09-28 05:34,69,0,0.3,97
2026-09-28 05:35,67,0,0.1,98
2026-09-28 05:36,68,0,0.2,97
2026-09-28 05:37,72,0,0.6,96
2026-09-28 05:38,69,0,0.3,96
2026-09-28 05:39,73,0,0.7,96
2026-09-28 05:40,67,0,0.1,97
2026-09-28 05:41,71,0,0.5,97
2026-09-28 05:42,69,0,0.3,96
2026-09-28 05:43,69,0,0.3,97
2026-09-28 05:44,69,0,0.3,96
2026-09-28 05:45,71,0,0.5,95
2026-09-28 05:46,69,0,0.3,95
2026-09-28 05:47,70,0,0.4,97
2026-09-28 05:48,68,0,0.2,96
2026-09-28 05:49,68,0,0.2,97
2026-09-28 05:50,70,0,0.4,95
2026-09-28 05:51,71,0,0.5,97
2026-09-28 05:52,69,0,0.3,96
2026-09-28 05:53,73,0,0.7,95
2026-09-28 05:54,68,0,0.2,96
2026-09-28 05:55,67,0,0.1,97
2026-09-28 05:56,71,0,0.5,97
2026-09-28 05:57,70,0,0.4,96
2026-09-28 05:58,68,0,0.2,96
2026-09-28 05:59,72,0,0.6,97
2026-09-28 06:00,69,0,0.3,97
2026-09-28 06:01,74,0,0.8,95
2026-09-28 06:02,66,0,0.0,96
2026-09-28 06:03,68,0,0.2,97
2026-09-28 06:04,71,0,0.5,96
2026-09-28 06:05,72,0,0.6,98
2026-09-28 06:06,72,0,0.6,96
2026-09-28 06:07,68,0,0.2,97
2026-09-28 06:08,69,0,0.3,96
2026-09-28 06:09,70,0,0.4,96
2026-09-28 06:10,71,0,0.5,97
2026-09-28 06:11,68,0,0.2,97
2026-09-28 06:12,69,0,0.3,96
2026-09-28 06:13,66,0,0.0,97
2026-09-28 06:14,71,0,0.5,97
2026-09-28 06:15,67,0,0.1,97
2026-09-28 06:16,70,0,0.4,95
2026-09-28 06:17,70,0,0.4,96
2026-09-28 06:18,70,0,0.4,97
2026-09-28 06:19,69,0,0.3,96
2026-09-28 06:20,71,0,0.5,95
2026-09-28 06:21,70,0,0.4,95
2026-09-28 06:22,67,0,0.1,95
2026-09-28 06:23,69,0,0.3,96
2026-09-28 06:24,70,0,0.4,96
2026-09-28 06:25,67,0,0.1,94
2026-09-28 06:26,70,0,0.4,96
2026-09-28 06:27,71,0,0.5,97
2026-09-28 06:28,72,0,0.6,96
2026-09-28 06:29,69,0,0.3,96
2026-09-28 06:30,71,3,0.5,97
2026-09-28 06:31,78,0,1.2,95
2026-09-28 06:32,78,2,1.2,96
2026-09-28 06:33,80,12,1.4,97
2026-09-28 06:34,76,0,1.0,96
2026-09-28 06:35,75,1,0.9,97
2026-09-28 06:36,78,13,1.2,97
2026-09-28 06:37,78,0,1.2,96
2026-09-28 06:38,80,3,1.4,97
2026-09-28 06:39,77,0,1.1,96
2026-09-28 06:40,74,0,0.8,96
2026-09-28 06:41,74,4,0.8,97
2026-09-28 06:42,85,25,1.9,98
2026-09-28 06:43,78,2,1.2,96
2026-09-28 06:44,80,4,1.4,97
2026-09-28 06:45,78,7,1.2,95
2026-09-28 06:46,76,2,1.0,97
2026-09-28 06:47,75,0,0.9,97
2026-09-28 06:48,79,4,1.3,96
2026-09-28 06:49,81,3,1.5,95
2026-09-28 06:50,76,4,1.0,96
2026-09-28 06:51,76,1,1.0,96
2026-09-28 06:52,76,2,1.0,97
2026-09-28 06:53,79,3,1.3,97
2026-09-28 06:54,75,0,0.9,97
2026-09-28 06:55,99,111,3.3,97
2026-09-28 06:56,108,114,4.2,96
2026-09-28 06:57,112,101,4.6,96
2026-09-28 06:58,120,110,5.4,97
2026-09-28 06:59,125,109,5.9,96
2026-09-28 07:00,123,99,5.7,97
2026-09-28 07:01,124,106,5.8,95
2026-09-28 07:02,123,111,5.7,96
2026-09-28 07:03,119,115,5.3,96
2026-09-28 07:04,121,116,5.5,96
2026-09-28 07:05,116,115,5.0,95
2026-09-28 07:06,124,107,5.8,96
2026-09-28 07:07,116,119,5.0,96
2026-09-28 07:08,122,98,5.6,95
2026-09-28 07:09,120,107,5.4,96
2026-09-28 07:10,124,96,5.8,95
2026-09-28 07:11,123,90,5.7,97
2026-09-28 07:12,121,114,5.5,95
2026-09-28 07:13,121,113,5.5,97
2026-09-28 07:14,122,102,5.6,97
2026-09-28 07:15,122,120,5.6,96
2026-09-28 07:16,122,91,5.6,96
2026-09-28 07:17,123,103,5.7,96
2026-09-28 07:18,124,126,5.8,96
2026-09-28 07:19,119,102,5.3,96
2026-09-28 07:20,125,95,5.9,96
2026-09-28 07:21,118,107,5.2,97
2026-09-28 07:22,123,106,5.7,95
2026-09-28 07:23,119,115,5.3,96
2026-09-28 07:24,126,87,6.0,96
2026-09-28 07:25,122,95,5.6,96
2026-09-28 07:26,100,1,3.4,96
2026-09-28 07:27,98,1,3.2,97
2026-09-28 07:28,94,30,2.8,95
2026-09-28 07:29,92,1,2.6,95
2026-09-28 07:30,87,4,2.1,98
2026-09-28 07:31,86,6,2.0,95
2026-09-28 07:32,85,27,1.9,95
2026-09-28 07:33,83,0,1.7,96
2026-09-28 07:34,82,0,1.6,96
2026-09-28 07:35,81,0,1.5,96
2026-09-28 07:36,80,17,1.4,95
2026-09-28 07:37,82,0,1.6,95
2026-09-28 07:38,81,15,1.5,95
2026-09-28 07:39,80,1,1.4,96
2026-09-28 07:40,80,12,1.4,96
2026-09-28 07:41,79,1,1.3,97
2026-09-28 07:42,80,15,1.4,96
2026-09-28 07:43,80,23,1.4,97
2026-09-28 07:44,78,1,1.2,96
2026-09-28 07:45,82,15,1.6,95
2026-09-28 07:46,77,0,1.1,96
2026-09-28 07:47,73,4,0.7,95
2026-09-28 07:48,74,0,0.8,97
2026-09-28 07:49,77,0,1.1,97
2026-09-28 07:50,76,1,1.0,96
2026-09-28 07:51,77,3,1.1,97
2026-09-28 07:52,78,0,1.2,97
2026-09-28 07:53,77,11,1.1,96
2026-09-28 07:54,75,0,0.9,96
2026-09-28 07:55,81,15,1.5,96
2026-09-28 07:56,74,0,0.8,97
2026-09-28 07:57,84,31,1.8,96
2026-09-28 07:58,76,1,1.0,97
2026-09-28 07:59,78,12,1.2,97
2026-09-28 08:00,76,1,1.0,96
2026-09-28 08:01,78,0,1.2,96
2026-09-28 08:02,83,30,1.7,96
2026-09-28 08:03,75,0,0.9,97
2026-09-28 08:04,76,5,1.0,96
2026-09-28 08:05,76,1,1.0,96
2026-09-28 08:06,81,13,1.5,96
2026-09-28 08:07,79,0,1.3,95
2026-09-28 08:08,83,15,1.7,96
2026-09-28 08:09,82,1,1.6,96
2026-09-28 08:10,75,6,0.9,95
2026-09-28 08:11,77,6,1.1,97
2026-09-28 08:12,81,0,1.5,95
2026-09-28 08:13,77,3,1.1,97
2026-09-28 08:14,77,2,1.1,97
2026-09-28 08:15,78,8,1.2,96
2026-09-28 08:16,78,9,1.2,96
2026-09-28 08:17,79,1,1.3,95
2026-09-28 08:18,83,20,1.7,95
2026-09-28 08:19,75,0,0.9,97
2026-09-28 08:20,76,0,1.0,96
2026-09-28 08:21,76,0,1.0,96
2026-09-28 08:22,79,6,1.3,96
2026-09-28 08:23,79,6,1.3,97
2026-09-28 08:24,77,1,1.1,97
2026-09-28 08:25,76,0,1.0,96
2026-09-28 08:26,77,1,1.1,96
2026-09-28 08:27,79,10,1.3,97
2026-09-28 08:28,82,27,1.6,96
2026-09-28 08:29,77,0,1.1,96
2026-09-28 08:30,74,2,0.8,96
2026-09-28 08:31,78,5,1.2,96
2026-09-28 08:32,75,0,0.9,97
2026-09-28 08:33,82,7,1.6,97
2026-09-28 08:34,79,5,1.3,96
2026-09-28 08:35,76,0,1.0,97
2026-09-28 08:36,76,1,1.0,97
2026-09-28 08:37,80,6,1.4,95
2026-09-28 08:38,74,0,0.8,96
2026-09-28 08:39,81,5,1.5,96
2026-09-28 08:40,80,3,1.4,97
2026-09-28 08:41,78,2,1.2,96
2026-09-28 08:42,80,15,1.4,97
2026-09-28 08:43,79,4,1.3,95
2026-09-28 08:44,79,12,1.3,97
2026-09-28 08:45,73,2,0.7,97
2026-09-28 08:46,76,5,1.0,96
2026-09-28 08:47,82,12,1.6,96
2026-09-28 08:48,77,2,1.1,98
2026-09-28 08:49,77,7,1.1,96
2026-09-28 08:50,81,7,1.5,96
2026-09-28 08:51,78,3,1.2,97
2026-09-28 08:52,78,0,1.2,95
2026-09-28 08:53,77,0,1.1,94
2026-09-28 08:54,74,0,0.8,95
2026-09-28 08:55,76,0,1.0,98
2026-09-28 08:56,73,0,0.7,95
2026-09-28 08:57,79,1,1.3,96
2026-09-28 08:58,77,7,1.1,96
2026-09-28 08:59,86,17,2.0,95
2026-09-28 09:00,76,7,1.0,96
2026-09-28 09:01,75,2,0.9,96
2026-09-28 09:02,80,5,1.4,97
2026-09-28 09:03,74,4,0.8,96
2026-09-28 09:04,76,1,1.0,97
2026-09-28 09:05,77,3,1.1,96
2026-09-28 09:06,84,9,1.8,96
2026-09-28 09:07,77,0,1.1,97
2026-09-28 09:08,79,5,1.3,95
2026-09-28 09:09,76,0,1.0,97
2026-09-28 09:10,77,3,1.1,97
2026-09-28 09:11,76,4,1.0,97
2026-09-28 09:12,78,3,1.2,96
2026-09-28 09:13,76,3,1.0,97
2026-09-28 09:14,77,6,1.1,97
2026-09-28 09:15,73,2,0.7,96
2026-09-28 09:16,77,0,1.1,97
2026-09-28 09:17,80,11,1.4,96
2026-09-28 09:18,77,6,1.1,97
2026-09-28 09:19,78,5,1.2,95
2026-09-28 09:20,79,1,1.3,97
2026-09-28 09:21,71,1,0.5,96
2026-09-28 09:22,82,12,1.6,97
2026-09-28 09:23,79,11,1.3,97
2026-09-28 09:24,77,6,1.1,95
2026-09-28 09:25,78,2,1.2,96
2026-09-28 09:26,78,2,1.2,96
2026-09-28 09:27,73,0,0.7,97
2026-09-28 09:28,80,3,1.4,96
2026-09-28 09:29,82,25,1.6,97
2026-09-28 09:30,86,22,2.0,97
2026-09-28 09:31,76,0,1.0,97
2026-09-28 09:32,88,21,2.2,95
2026-09-28 09:33,74,0,0.8,96
2026-09-28 09:34,78,3,1.2,96
2026-09-28 09:35,83,13,1.7,96
2026-09-28 09:36,75,0,0.9,96
2026-09-28 09:37,80,11,1.4,97
2026-09-28 09:38,78,21,1.2,96
2026-09-28 09:39,74,5,0.8,96
2026-09-28 09:40,78,15,1.2,97
2026-09-28 09:41,75,0,0.9,96
2026-09-28 09:42,73,1,0.7,96
2026-09-28 09:43,77,0,1.1,95
2026-09-28 09:44,77,6,1.1,96
2026-09-28 09:45,70,0,0.4,96
2026-09-28 09:46,77,0,1.1,98
2026-09-28 09:47,78,0,1.2,96
2026-09-28 09:48,77,0,1.1,97
2026-09-28 09:49,81,12,1.5,96
2026-09-28 09:50,77,8,1.1,96
2026-09-28 09:51,76,3,1.0,96
2026-09-28 09:52,76,0,1.0,96
2026-09-28 09:53,78,5,1.2,96
2026-09-28 09:54,79,4,1.3,97
2026-09-28 09:55,80,1,1.4,96
2026-09-28 09:56,78,0,1.2,96
2026-09-28 09:57,76,2,1.0,98
2026-09-28 09:58,71,0,0.5,95
2026-09-28 09:59,73,0,0.7,97
2026-09-28 10:00,78,5,1.2,97
2026-09-28 10:01,74,2,0.8,96
2026-09-28 10:02,81,5,1.5,96
2026-09-28 10:03,76,2,1.0,96
2026-09-28 10:04,76,2,1.0,95
2026-09-28 10:05,77,0,1.1,97
2026-09-28 10:06,75,1,0.9,97
2026-09-28 10:07,78,7,1.2,95
2026-09-28 10:08,80,4,1.4,96
2026-09-28 10:09,78,0,1.2,96
2026-09-28 10:10,81,5,1.5,96
2026-09-28 10:11,79,0,1.3,97
2026-09-28 10:12,79,0,1.3,96
2026-09-28 10:13,73,1,0.7,95
2026-09-28 10:14,76,0,1.0,96
2026-09-28 10:15,76,6,1.0,96
2026-09-28 10:16,76,1,1.0,96
2026-09-28 10:17,77,1,1.1,95
2026-09-28 10:18,78,4,1.2,96
2026-09-28 10:19,78,4,1.2,97
2026-09-28 10:20,78,0,1.2,96
2026-09-28 10:21,84,21,1.8,97
2026-09-28 10:22,79,1,1.3,95
2026-09-28 10:23,83,33,1.7,97
2026-09-28 10:24,74,0,0.8,96
2026-09-28 10:25,78,6,1.2,96
2026-09-28 10:26,79,4,1.3,95
2026-09-28 10:27,81,26,1.5,97
2026-09-28 10:28,74,6,0.8,96
2026-09-28 10:29,78,1,1.2,97
2026-09-28 10:30,76,2,1.0,96
2026-09-28 10:31,79,6,1.3,95
2026-09-28 10:32,78,0,1.2,97
2026-09-28 10:33,81,13,1.5,97
2026-09-28 10:34,74,0,0.8,96
2026-09-28 10:35,79,3,1.3,96
2026-09-28 10:36,76,2,1.0,97
2026-09-28 10:37,80,7,1.4,96
2026-09-28 10:38,75,8,0.9,96
2026-09-28 10:39,78,3,1.2,95
2026-09-28 10:40,76,0,1.0,97
2026-09-28 10:41,76,1,1.0,96
2026-09-28 10:42,78,2,1.2,96
2026-09-28 10:43,78,3,1.2,96
2026-09-28 10:44,82,19,1.6,96
2026-09-28 10:45,81,13,1.5,96
2026-09-28 10:46,76,6,1.0,96
2026-09-28 10:47,80,12,1.4,96
2026-09-28 10:48,75,5,0.9,94
2026-09-28 10:49,75,3,0.9,96
2026-09-28 10:50,77,4,1.1,95
2026-09-28 10:51,77,1,1.1,97
2026-09-28 10:52,79,15,1.3,96
2026-09-28 10:53,74,0,0.8,97
2026-09-28 10:54,74,1,0.8,97
2026-09-28 10:55,75,0,0.9,95
2026-09-28 10:56,75,1,0.9,97
2026-09-28 10:57,82,8,1.6,96
2026-09-28 10:58,73,0,0.7,96
2026-09-28 10:59,79,11,1.3,95
2026-09-28 11:00,79,4,1.3,96
2026-09-28 11:01,79,10,1.3,97
2026-09-28 11:02,76,0,1.0,96
2026-09-28 11:03,84,17,1.8,97
2026-09-28 11:04,79,1,1.3,96
2026-09-28 11:05,79,2,1.3,96
2026-09-28 11:06,78,9,1.2,95
2026-09-28 11:07,80,7,1.4,95
2026-09-28 11:08,80,8,1.4,94
2026-09-28 11:09,75,0,0.9,95
2026-09-28 11:10,78,0,1.2,97
2026-09-28 11:11,79,7,1.3,97
2026-09-28 11:12,76,3,1.0,96
2026-09-28 11:13,79,10,1.3,97
2026-09-28 11:14,78,6,1.2,96
2026-09-28 11:15,81,16,1.5,96
2026-09-28 11:16,78,6,1.2,96
2026-09-28 11:17,76,12,1.0,97
2026-09-28 11:18,76,1,1.0,97
2026-09-28 11:19,78,6,1.2,96
2026-09-28 11:20,74,6,0.8,96
2026-09-28 11:21,79,6,1.3,96
2026-09-28 11:22,76,1,1.0,97
2026-09-28 11:23,77,0,1.1,97
2026-09-28 11:24,77,0,1.1,97
2026-09-28 11:25,75,0,0.9,97
2026-09-28 11:26,72,0,0.6,96
2026-09-28 11:27,75,0,0.9,96
2026-09-28 11:28,73,0,0.7,95
2026-09-28 11:29,76,7,1.0,96
2026-09-28 11:30,75,0,0.9,96
2026-09-28 11:31,76,3,1.0,98
2026-09-28 11:32,82,16,1.6,96
2026-09-28 11:33,77,0,1.1,97
2026-09-28 11:34,79,11,1.3,96
2026-09-28 11:35,74,0,0.8,97
2026-09-28 11:36,75,2,0.9,96
2026-09-28 11:37,78,5,1.2,97
2026-09-28 11:38,83,11,1.7,95
2026-09-28 11:39,75,0,0.9,97
2026-09-28 11:40,87,43,2.1,96
2026-09-28 11:41,75,0,0.9,96
2026-09-28 11:42,76,0,1.0,96
2026-09-28 11:43,80,10,1.4,96
2026-09-28 11:44,75,3,0.9,97
2026-09-28 11:45,75,1,0.9,97
2026-09-28 11:46,77,8,1.1,96
2026-09-28 11:47,80,3,1.4,96
2026-09-28 11:48,81,17,1.5,96
2026-09-28 11:49,79,2,1.3,96
2026-09-28 11:50,79,4,1.3,97
2026-09-28 11:51,76,2,1.0,96
2026-09-28 11:52,77,2,1.1,96
2026-09-28 11:53,76,2,1.0,96
2026-09-28 11:54,79,13,1.3,97
2026-09-28 11:55,74,1,0.8,97
2026-09-28 11:56,75,1,0.9,97
2026-09-28 11:57,78,12,1.2,95
2026-09-28 11:58,85,24,1.9,98
2026-09-28 11:59,75,0,0.9,94
2026-09-28 12:00,74,0,0.8,96
2026-09-28 12:01,81,13,1.5,96
2026-09-28 12:02,76,3,1.0,96
2026-09-28 12:03,78,8,1.2,98
2026-09-28 12:04,75,2,0.9,97
2026-09-28 12:05,81,10,1.5,97
2026-09-28 12:06,75,1,0.9,96
2026-09-28 12:07,76,0,1.0,98
2026-09-28 12:08,74,1,0.8,96
2026-09-28 12:09,78,10,1.2,97
2026-09-28 12:10,71,3,0.5,97
2026-09-28 12:11,77,0,1.1,97
2026-09-28 12:12,80,0,1.4,96
2026-09-28 12:13,73,3,0.7,97
2026-09-28 12:14,82,9,1.6,96
2026-09-28 12:15,87,30,2.1,97
2026-09-28 12:16,78,1,1.2,96
2026-09-28 12:17,94,62,2.8,97
2026-09-28 12:18,76,3,1.0,96
2026-09-28 12:19,79,0,1.3,97
2026-09-28 12:20,75,0,0.9,96
2026-09-28 12:21,74,3,0.8,97
2026-09-28 12:22,76,4,1.0,97
2026-09-28 12:23,79,10,1.3,95
2026-09-28 12:24,79,11,1.3,96
2026-09-28 12:25,86,35,2.0,95
2026-09-28 12:26,78,6,1.2,96
2026-09-28 12:27,80,0,1.4,95
2026-09-28 12:28,78,4,1.2,96
2026-09-28 12:29,82,16,1.6,96
2026-09-28 12:30,74,0,0.8,96
2026-09-28 12:31,75,0,0.9,96
2026-09-28 12:32,79,4,1.3,98
2026-09-28 12:33,78,3,1.2,97
2026-09-28 12:34,77,0,1.1,96
2026-09-28 12:35,78,7,1.2,97
2026-09-28 12:36,80,22,1.4,97
2026-09-28 12:37,77,5,1.1,96
2026-09-28 12:38,76,3,1.0,96
2026-09-28 12:39,85,20,1.9,97
2026-09-28 12:40,74,1,0.8,97
2026-09-28 12:41,77,7,1.1,95
2026-09-28 12:42,82,7,1.6,96
2026-09-28 12:43,80,15,1.4,96
2026-09-28 12:44,75,1,0.9,97
2026-09-28 12:45,78,0,1.2,97
2026-09-28 12:46,75,0,0.9,96
2026-09-28 12:47,79,9,1.3,96
2026-09-28 12:48,76,3,1.0,97
2026-09-28 12:49,78,2,1.2,96
2026-09-28 12:50,75,0,0.9,97
2026-09-28 12:51,76,0,1.0,96
2026-09-28 12:52,75,3,0.9,97
2026-09-28 12:53,76,4,1.0,95
2026-09-28 12:54,79,11,1.3,96
2026-09-28 12:55,75,0,0.9,96
2026-09-28 12:56,77,0,1.1,97
2026-09-28 12:57,81,16,1.5,95
2026-09-28 12:58,76,13,1.0,97
2026-09-28 12:59,80,0,1.4,96
2026-09-28 13:00,77,6,1.1,96
2026-09-28 13:01,78,0,1.2,97
2026-09-28 13:02,78,2,1.2,96
2026-09-28 13:03,76,0,1.0,95
2026-09-28 13:04,77,1,1.1,97
2026-09-28 13:05,81,12,1.5,96
2026-09-28 13:06,76,5,1.0,96
2026-09-28 13:07,78,0,1.2,97
2026-09-28 13:08,74,0,0.8,95
2026-09-28 13:09,82,11,1.6,95
2026-09-28 13:10,75,2,0.9,95
2026-09-28 13:11,79,9,1.3,96
2026-09-28 13:12,76,1,1.0,96
2026-09-28 13:13,77,0,1.1,96
2026-09-28 13:14,77,6,1.1,97
2026-09-28 13:15,76,2,1.0,96
2026-09-28 13:16,79,13,1.3,96
2026-09-28 13:17,81,16,1.5,96
2026-09-28 13:18,79,1,1.3,95
2026-09-28 13:19,74,1,0.8,97
2026-09-28 13:20,72,5,0.6,97
2026-09-28 13:21,76,1,1.0,96
2026-09-28 13:22,76,3,1.0,97
2026-09-28 13:23,77,1,1.1,97
2026-09-28 13:24,78,5,1.2,95
2026-09-28 13:25,77,7,1.1,96
2026-09-28 13:26,76,2,1.0,96
2026-09-28 13:27,76,0,1.0,96
2026-09-28 13:28,75,3,0.9,97
2026-09-28 13:29,76,6,1.0,96
2026-09-28 13:30,74,0,0.8,96
2026-09-28 13:31,75,8,0.9,95
2026-09-28 13:32,76,0,1.0,95
2026-09-28 13:33,78,1,1.2,96
2026-09-28 13:34,79,2,1.3,97
2026-09-28 13:35,75,1,0.9,95
2026-09-28 13:36,77,0,1.1,96
2026-09-28 13:37,74,0,0.8,96
2026-09-28 13:38,76,1,1.0,96
2026-09-28 13:39,78,9,1.2,96
2026-09-28 13:40,79,0,1.3,96
2026-09-28 13:41,79,14,1.3,95
2026-09-28 13:42,77,9,1.1,94
2026-09-28 13:43,80,20,1.4,95
2026-09-28 13:44,77,10,1.1,97
2026-09-28 13:45,80,8,1.4,95
2026-09-28 13:46,81,6,1.5,97
2026-09-28 13:47,75,1,0.9,95
2026-09-28 13:48,80,22,1.4,96
2026-09-28 13:49,76,6,1.0,95
2026-09-28 13:50,75,8,0.9,95
2026-09-28 13:51,76,1,1.0,97
2026-09-28 13:52,79,0,1.3,96
2026-09-28 13:53,74,1,0.8,96
2026-09-28 13:54,80,13,1.4,94
2026-09-28 13:55,81,15,1.5,95
2026-09-28 13:56,73,0,0.7,97
2026-09-28 13:57,75,0,0.9,97
2026-09-28 13:58,74,1,0.8,96
2026-09-28 13:59,77,0,1.1,96
2026-09-28 14:00,76,0,1.0,96
2026-09-28 14:01,77,5,1.1,96
2026-09-28 14:02,71,1,0.5,96
2026-09-28 14:03,74,0,0.8,96
2026-09-28 14:04,76,0,1.0,96
2026-09-28 14:05,76,5,1.0,97
2026-09-28 14:06,79,6,1.3,96
2026-09-28 14:07,82,18,1.6,95
2026-09-28 14:08,77,1,1.1,97
2026-09-28 14:09,76,0,1.0,97
2026-09-28 14:10,78,1,1.2,98
2026-09-28 14:11,75,1,0.9,96
2026-09-28 14:12,84,30,1.8,97
2026-09-28 14:13,77,0,1.1,98
2026-09-28 14:14,75,5,0.9,95
2026-09-28 14:15,74,6,0.8,96
2026-09-28 14:16,80,10,1.4,96
2026-09-28 14:17,78,2,1.2,96
2026-09-28 14:18,79,7,1.3,97
2026-09-28 14:19,83,8,1.7,96
2026-09-28 14:20,76,0,1.0,96
2026-09-28 14:21,72,0,0.6,96
2026-09-28 14:22,75,1,0.9,98
2026-09-28 14:23,72,1,0.6,96
2026-09-28 14:24,76,1,1.0,96
2026-09-28 14:25,90,46,2.4,97
2026-09-28 14:26,80,3,1.4,96
2026-09-28 14:27,80,1,1.4,97
2026-09-28 14:28,78,5,1.2,97
2026-09-28 14:29,80,6,1.4,96
2026-09-28 14:30,77,0,1.1,97
2026-09-28 14:31,75,1,0.9,96
2026-09-28 14:32,80,17,1.4,97
2026-09-28 14:33,73,2,0.7,96
2026-09-28 14:34,76,1,1.0,98
2026-09-28 14:35,83,26,1.7,97
2026-09-28 14:36,75,3,0.9,97
2026-09-28 14:37,76,0,1.0,97
2026-09-28 14:38,75,1,0.9,97
2026-09-28 14:39,80,1,1.4,96
2026-09-28 14:40,74,3,0.8,95
2026-09-28 14:41,78,1,1.2,97
2026-09-28 14:42,78,12,1.2,96
2026-09-28 14:43,76,3,1.0,96
2026-09-28 14:44,77,0,1.1,94
2026-09-28 14:45,72,1,0.6,98
2026-09-28 14:46,75,0,0.9,96
2026-09-28 14:47,90,43,2.4,96
2026-09-28 14:48,73,0,0.7,96
2026-09-28 14:49,82,31,1.6,97
2026-09-28 14:50,71,1,0.5,96
2026-09-28 14:51,75,2,0.9,94
2026-09-28 14:52,73,1,0.7,96
2026-09-28 14:53,76,2,1.0,97
2026-09-28 14:54,75,1,0.9,97
2026-09-28 14:55,76,0,1.0,95
2026-09-28 14:56,79,3,1.3,96
2026-09-28 14:57,73,1,0.7,96
2026-09-28 14:58,74,0,0.8,94
2026-09-28 14:59,74,0,0.8,97
2026-09-28 15:00,81,7,1.5,96
2026-09-28 15:01,76,2,1.0,95
2026-09-28 15:02,77,9,1.1,96
2026-09-28 15:03,72,0,0.6,95
2026-09-28 15:04,79,10,1.3,97
2026-09-28 15:05,76,10,1.0,97
2026-09-28 15:06,74,0,0.8,96
2026-09-28 15:07,80,8,1.4,97
2026-09-28 15:08,82,19,1.6,97
2026-09-28 15:09,76,0,1.0,95
2026-09-28 15:10,78,5,1.2,96
2026-09-28 15:11,75,3,0.9,96
2026-09-28 15:12,74,1,0.8,96
2026-09-28 15:13,75,1,0.9,95
2026-09-28 15:14,74,1,0.8,96
2026-09-28 15:15,78,0,1.2,96
2026-09-28 15:16,77,0,1.1,97
2026-09-28 15:17,76,1,1.0,96
2026-09-28 15:18,77,2,1.1,97
2026-09-28 15:19,76,3,1.0,97
2026-09-28 15:20,75,0,0.9,97
2026-09-28 15:21,82,14,1.6,96
2026-09-28 15:22,73,0,0.7,95
2026-09-28 15:23,76,0,1.0,98
2026-09-28 15:24,78,0,1.2,96
2026-09-28 15:25,82,25,1.6,96
2026-09-28 15:26,77,6,1.1,96
2026-09-28 15:27,79,12,1.3,96
2026-09-28 15:28,76,2,1.0,96
2026-09-28 15:29,78,3,1.2,96
2026-09-28 15:30,77,2,1.1,96
2026-09-28 15:31,76,0,1.0,98
2026-09-28 15:32,76,1,1.0,96
2026-09-28 15:33,74,3,0.8,96
2026-09-28 15:34,79,7,1.3,97
2026-09-28 15:35,83,26,1.7,97
2026-09-28 15:36,75,1,0.9,97
2026-09-28 15:37,77,5,1.1,95
2026-09-28 15:38,83,11,1.7,96
2026-09-28 15:39,74,0,0.8,97
2026-09-28 15:40,79,3,1.3,96
2026-09-28 15:41,75,4,0.9,96
2026-09-28 15:42,75,3,0.9,98
2026-09-28 15:43,84,17,1.8,96
2026-09-28 15:44,75,4,0.9,97
2026-09-28 15:45,76,0,1.0,96
2026-09-28 15:46,79,1,1.3,96
2026-09-28 15:47,72,0,0.6,96
2026-09-28 15:48,75,0,0.9,96
2026-09-28 15:49,78,7,1.2,95
2026-09-28 15:50,82,23,1.6,97
2026-09-28 15:51,78,2,1.2,96
2026-09-28 15:52,79,7,1.3,97
2026-09-28 15:53,76,1,1.0,96
2026-09-28 15:54,77,0,1.1,96
2026-09-28 15:55,76,2,1.0,95
2026-09-28 15:56,73,4,0.7,96
2026-09-28 15:57,83,22,1.7,97
2026-09-28 15:58,87,26,2.1,96
2026-09-28 15:59,83,19,1.7,96
2026-09-28 16:00,79,9,1.3,95
2026-09-28 16:01,74,2,0.8,97
2026-09-28 16:02,74,0,0.8,96
2026-09-28 16:03,78,4,1.2,95
2026-09-28 16:04,78,4,1.2,97
2026-09-28 16:05,85,24,1.9,97
2026-09-28 16:06,76,2,1.0,96
2026-09-28 16:07,77,15,1.1,96
2026-09-28 16:08,73,1,0.7,96
2026-09-28 16:09,78,4,1.2,96
2026-09-28 16:10,81,12,1.5,97
2026-09-28 16:11,76,0,1.0,96
2026-09-28 16:12,84,24,1.8,96
2026-09-28 16:13,78,6,1.2,97
2026-09-28 16:14,79,6,1.3,96
2026-09-28 16:15,81,24,1.5,97
2026-09-28 16:16,74,1,0.8,97
2026-09-28 16:17,75,1,0.9,96
2026-09-28 16:18,76,1,1.0,97
2026-09-28 16:19,76,0,1.0,96
2026-09-28 16:20,74,3,0.8,96
2026-09-28 16:21,77,3,1.1,96
2026-09-28 16:22,77,0,1.1,98
2026-09-28 16:23,82,26,1.6,96
2026-09-28 16:24,76,0,1.0,97
2026-09-28 16:25,76,9,1.0,96
2026-09-28 16:26,78,5,1.2,96
2026-09-28 16:27,74,1,0.8,95
2026-09-28 16:28,77,3,1.1,96
2026-09-28 16:29,73,0,0.7,98
2026-09-28 16:30,78,18,1.2,96
2026-09-28 16:31,85,26,1.9,96
2026-09-28 16:32,86,34,2.0,97
2026-09-28 16:33,78,11,1.2,97
2026-09-28 16:34,84,19,1.8,96
2026-09-28 16:35,75,11,0.9,95
2026-09-28 16:36,79,5,1.3,96
2026-09-28 16:37,79,8,1.3,97
2026-09-28 16:38,81,19,1.5,96
2026-09-28 16:39,76,0,1.0,97
2026-09-28 16:40,78,0,1.2,96
2026-09-28 16:41,77,1,1.1,96
2026-09-28 16:42,79,9,1.3,96
2026-09-28 16:43,80,13,1.4,97
2026-09-28 16:44,81,10,1.5,95
2026-09-28 16:45,76,5,1.0,96
2026-09-28 16:46,80,8,1.4,95
2026-09-28 16:47,76,8,1.0,96
2026-09-28 16:48,79,1,1.3,97
2026-09-28 16:49,77,0,1.1,96
2026-09-28 16:50,76,3,1.0,96
2026-09-28 16:51,81,14,1.5,96
2026-09-28 16:52,83,26,1.7,95
2026-09-28 16:53,76,0,1.0,97
2026-09-28 16:54,74,0,0.8,96
2026-09-28 16:55,80,10,1.4,97
2026-09-28 16:56,80,10,1.4,96
2026-09-28 16:57,76,0,1.0,97
2026-09-28 16:58,78,3,1.2,97
2026-09-28 16:59,75,0,0.9,96
2026-09-28 17:00,79,8,1.3,95
2026-09-28 17:01,84,25,1.8,96
2026-09-28 17:02,74,0,0.8,97
2026-09-28 17:03,75,0,0.9,96
2026-09-28 17:04,79,0,1.3,97
2026-09-28 17:05,77,7,1.1,96
2026-09-28 17:06,76,1,1.0,96
2026-09-28 17:07,75,2,0.9,98
2026-09-28 17:08,75,6,0.9,96
2026-09-28 17:09,83,15,1.7,96
2026-09-28 17:10,87,29,2.1,96
2026-09-28 17:11,74,0,0.8,97
2026-09-28 17:12,74,8,0.8,95
2026-09-28 17:13,76,5,1.0,96
2026-09-28 17:14,80,0,1.4,96
2026-09-28 17:15,77,0,1.1,96
2026-09-28 17:16,77,4,1.1,97
2026-09-28 17:17,75,0,0.9,95
2026-09-28 17:18,76,0,1.0,97
2026-09-28 17:19,76,0,1.0,97
2026-09-28 17:20,78,1,1.2,97
2026-09-28 17:21,77,3,1.1,97
2026-09-28 17:22,81,10,1.5,97
2026-09-28 17:23,75,0,0.9,96
2026-09-28 17:24,79,0,1.3,97
2026-09-28 17:25,87,36,2.1,96
2026-09-28 17:26,78,9,1.2,97
2026-09-28 17:27,78,15,1.2,95
2026-09-28 17:28,75,1,0.9,97
2026-09-28 17:29,77,0,1.1,97
2026-09-28 17:30,78,0,1.2,96
2026-09-28 17:31,75,0,0.9,96
2026-09-28 17:32,75,2,0.9,96
2026-09-28 17:33,80,0,1.4,95
2026-09-28 17:34,78,6,1.2,96
2026-09-28 17:35,78,0,1.2,95
2026-09-28 17:36,76,1,1.0,95
2026-09-28 17:37,74,1,0.8,95
2026-09-28 17:38,75,1,0.9,96
2026-09-28 17:39,73,2,0.7,97
2026-09-28 17:40,76,3,1.0,97
2026-09-28 17:41,74,0,0.8,96
2026-09-28 17:42,79,13,1.3,97
2026-09-28 17:43,74,0,0.8,97
2026-09-28 17:44,73,0,0.7,95
2026-09-28 17:45,76,0,1.0,98
2026-09-28 17:46,79,9,1.3,97
2026-09-28 17:47,79,10,1.3,96
2026-09-28 17:48,79,2,1.3,96
2026-09-28 17:49,78,1,1.2,96
2026-09-28 17:50,77,5,1.1,96
2026-09-28 17:51,77,0,1.1,98
2026-09-28 17:52,77,0,1.1,95
2026-09-28 17:53,79,4,1.3,96
2026-09-28 17:54,75,0,0.9,96
2026-09-28 17:55,80,1,1.4,95
2026-09-28 17:56,78,5,1.2,96
2026-09-28 17:57,79,3,1.3,96
2026-09-28 17:58,74,0,0.8,97
2026-09-28 17:59,76,2,1.0,96
2026-09-28 18:00,74,0,0.8,97
2026-09-28 18:01,77,5,1.1,96
2026-09-28 18:02,76,3,1.0,96
2026-09-28 18:03,81,22,1.5,97
2026-09-28 18:04,79,6,1.3,96
2026-09-28 18:05,76,2,1.0,96
2026-09-28 18:06,79,8,1.3,96
2026-09-28 18:07,76,6,1.0,96
2026-09-28 18:08,74,3,0.8,96
2026-09-28 18:09,80,0,1.4,98
2026-09-28 18:10,79,5,1.3,96
2026-09-28 18:11,77,1,1.1,95
2026-09-28 18:12,85,36,1.9,97
2026-09-28 18:13,78,3,1.2,95
2026-09-28 18:14,77,4,1.1,95
2026-09-28 18:15,81,17,1.5,96
2026-09-28 18:16,82,12,1.6,96
2026-09-28 18:17,80,3,1.4,97
2026-09-28 18:18,81,11,1.5,96
2026-09-28 18:19,75,3,0.9,96
2026-09-28 18:20,77,8,1.1,95
2026-09-28 18:21,82,18,1.6,97
2026-09-28 18:22,74,3,0.8,96
2026-09-28 18:23,75,2,0.9,96
2026-09-28 18:24,75,2,0.9,96
2026-09-28 18:25,79,6,1.3,97
2026-09-28 18:26,81,11,1.5,96
2026-09-28 18:27,78,4,1.2,96
2026-09-28 18:28,83,18,1.7,97
2026-09-28 18:29,82,20,1.6,95
2026-09-28 18:30,77,3,1.1,96
2026-09-28 18:31,83,20,1.7,97
2026-09-28 18:32,75,0,0.9,96
2026-09-28 18:33,78,4,1.2,95
2026-09-28 18:34,75,1,0.9,95
2026-09-28 18:35,75,5,0.9,96
2026-09-28 18:36,78,5,1.2,96
2026-09-28 18:37,83,19,1.7,95
2026-09-28 18:38,80,2,1.4,96
2026-09-28 18:39,73,1,0.7,95
2026-09-28 18:40,80,8,1.4,95
2026-09-28 18:41,82,9,1.6,96
2026-09-28 18:42,80,9,1.4,95
2026-09-28 18:43,75,0,0.9,96
2026-09-28 18:44,73,2,0.7,97
2026-09-28 18:45,77,0,1.1,95
2026-09-28 18:46,74,5,0.8,95
2026-09-28 18:47,87,29,2.1,96
2026-09-28 18:48,79,19,1.3,97
2026-09-28 18:49,77,5,1.1,98
2026-09-28 18:50,73,0,0.7,96
2026-09-28 18:51,78,7,1.2,96
2026-09-28 18:52,80,3,1.4,95
2026-09-28 18:53,76,0,1.0,97
2026-09-28 18:54,78,6,1.2,97
2026-09-28 18:55,76,2,1.0,96
2026-09-28 18:56,76,5,1.0,96
2026-09-28 18:57,78,2,1.2,97
2026-09-28 18:58,73,0,0.7,96
2026-09-28 18:59,74,0,0.8,97
2026-09-28 19:00,81,19,1.5,97
2026-09-28 19:01,74,2,0.8,96
2026-09-28 19:02,76,13,1.0,96
2026-09-28 19:03,76,0,1.0,96
2026-09-28 19:04,73,1,0.7,95
2026-09-28 19:05,80,4,1.4,98
2026-09-28 19:06,78,0,1.2,96
2026-09-28 19:07,81,6,1.5,96
2026-09-28 19:08,80,3,1.4,95
2026-09-28 19:09,78,0,1.2,96
2026-09-28 19:10,74,0,0.8,97
2026-09-28 19:11,79,5,1.3,96
2026-09-28 19:12,78,1,1.2,94
2026-09-28 19:13,82,18,1.6,96
2026-09-28 19:14,75,1,0.9,97
2026-09-28 19:15,75,14,0.9,97
2026-09-28 19:16,77,1,1.1,97
2026-09-28 19:17,76,0,1.0,97
2026-09-28 19:18,78,1,1.2,98
2026-09-28 19:19,73,0,0.7,96
2026-09-28 19:20,76,6,1.0,97
2026-09-28 19:21,76,10,1.0,96
2026-09-28 19:22,82,22,1.6,96
2026-09-28 19:23,78,2,1.2,97
2026-09-28 19:24,77,3,1.1,97
2026-09-28 19:25,79,0,1.3,96
2026-09-28 19:26,84,20,1.8,97
2026-09-28 19:27,79,5,1.3,95
2026-09-28 19:28,85,22,1.9,96
2026-09-28 19:29,76,3,1.0,96
2026-09-28 19:30,81,15,1.5,95
2026-09-28 19:31,79,0,1.3,97
2026-09-28 19:32,88,46,2.2,95
2026-09-28 19:33,85,24,1.9,96
2026-09-28 19:34,82,8,1.6,97
2026-09-28 19:35,82,15,1.6,97
2026-09-28 19:36,81,0,1.5,96
2026-09-28 19:37,77,5,1.1,96
2026-09-28 19:38,77,2,1.1,96
2026-09-28 19:39,75,1,0.9,95
2026-09-28 19:40,81,7,1.5,97
2026-09-28 19:41,77,1,1.1,97
2026-09-28 19:42,82,21,1.6,97
2026-09-28 19:43,81,8,1.5,96
2026-09-28 19:44,75,0,0.9,96
2026-09-28 19:45,78,3,1.2,95
2026-09-28 19:46,80,7,1.4,96
2026-09-28 19:47,73,2,0.7,97
2026-09-28 19:48,91,47,2.5,96
2026-09-28 19:49,78,2,1.2,96
2026-09-28 19:50,73,0,0.7,96
2026-09-28 19:51,85,19,1.9,96
2026-09-28 19:52,77,1,1.1,96
2026-09-28 19:53,76,4,1.0,95
2026-09-28 19:54,79,8,1.3,97
2026-09-28 19:55,77,7,1.1,96
2026-09-28 19:56,78,1,1.2,97
2026-09-28 19:57,79,0,1.3,96
2026-09-28 19:58,77,2,1.1,96
2026-09-28 19:59,76,5,1.0,95
2026-09-28 20:00,81,19,1.5,98
2026-09-28 20:01,76,0,1.0,97
2026-09-28 20:02,80,12,1.4,96
2026-09-28 20:03,75,2,0.9,95
2026-09-28 20:04,81,7,1.5,98
2026-09-28 20:05,73,4,0.7,97
2026-09-28 20:06,81,13,1.5,96
2026-09-28 20:07,80,1,1.4,96
2026-09-28 20:08,75,2,0.9,96
2026-09-28 20:09,81,3,1.5,97
2026-09-28 20:10,76,2,1.0,96
2026-09-28 20:11,80,8,1.4,96
2026-09-28 20:12,78,3,1.2,96
2026-09-28 20:13,80,19,1.4,97
2026-09-28 20:14,78,3,1.2,97
2026-09-28 20:15,77,1,1.1,96
2026-09-28 20:16,79,3,1.3,96
2026-09-28 20:17,77,0,1.1,96
2026-09-28 20:18,76,0,1.0,96
2026-09-28 20:19,79,3,1.3,96
2026-09-28 20:20,83,8,1.7,95
2026-09-28 20:21,79,4,1.3,96
2026-09-28 20:22,76,2,1.0,96
2026-09-28 20:23,83,20,1.7,96
2026-09-28 20:24,77,1,1.1,96
2026-09-28 20:25,75,0,0.9,98
2026-09-28 20:26,74,2,0.8,97
2026-09-28 20:27,75,1,0.9,96
2026-09-28 20:28,82,9,1.6,96
2026-09-28 20:29,83,13,1.7,96
2026-09-28 20:30,80,10,1.4,96
2026-09-28 20:31,78,2,1.2,96
2026-09-28 20:32,87,25,2.1,96
2026-09-28 20:33,81,6,1.5,95
2026-09-28 20:34,76,2,1.0,96
2026-09-28 20:35,77,3,1.1,96
2026-09-28 20:36,78,0,1.2,95
2026-09-28 20:37,76,2,1.0,98
2026-09-28 20:38,78,2,1.2,97
2026-09-28 20:39,78,2,1.2,96
2026-09-28 20:40,77,1,1.1,97
2026-09-28 20:41,80,12,1.4,96
2026-09-28 20:42,79,7,1.3,96
2026-09-28 20:43,77,0,1.1,97
2026-09-28 20:44,77,1,1.1,96
2026-09-28 20:45,78,5,1.2,97
2026-09-28 20:46,77,3,1.1,96
2026-09-28 20:47,79,6,1.3,97
2026-09-28 20:48,75,0,0.9,97
2026-09-28 20:49,79,9,1.3,97
2026-09-28 20:50,76,1,1.0,96
2026-09-28 20:51,83,21,1.7,95
2026-09-28 20:52,78,4,1.2,96
2026-09-28 20:53,78,13,1.2,95
2026-09-28 20:54,81,8,1.5,96
2026-09-28 20:55,73,0,0.7,97
2026-09-28 20:56,80,13,1.4,95
2026-09-28 20:57,77,2,1.1,96
2026-09-28 20:58,76,0,1.0,95
2026-09-28 20:59,79,3,1.3,96
2026-09-28 21:00,77,0,1.1,97
2026-09-28 21:01,80,4,1.4,96
2026-09-28 21:02,73,2,0.7,97
2026-09-28 21:03,77,0,1.1,96
2026-09-28 21:04,80,8,1.4,96
2026-09-28 21:05,77,3,1.1,96
2026-09-28 21:06,75,7,0.9,96
2026-09-28 21:07,79,2,1.3,96
2026-09-28 21:08,78,2,1.2,95
2026-09-28 21:09,74,0,0.8,96
2026-09-28 21:10,80,9,1.4,96
2026-09-28 21:11,74,4,0.8,96
2026-09-28 21:12,79,5,1.3,96
2026-09-28 21:13,79,11,1.3,96
2026-09-28 21:14,78,8,1.2,98
2026-09-28 21:15,77,3,1.1,98
2026-09-28 21:16,75,2,0.9,96
2026-09-28 21:17,75,1,0.9,96
2026-09-28 21:18,79,6,1.3,97
2026-09-28 21:19,72,0,0.6,96
2026-09-28 21:20,78,1,1.2,96
2026-09-28 21:21,79,8,1.3,96
2026-09-28 21:22,80,3,1.4,97
2026-09-28 21:23,79,6,1.3,96
2026-09-28 21:24,81,2,1.5,98
2026-09-28 21:25,81,4,1.5,96
2026-09-28 21:26,81,17,1.5,96
2026-09-28 21:27,80,7,1.4,97
2026-09-28 21:28,78,11,1.2,97
2026-09-28 21:29,78,3,1.2,95
2026-09-28 21:30,77,2,1.1,97
2026-09-28 21:31,77,5,1.1,96
2026-09-28 21:32,83,14,1.7,97
2026-09-28 21:33,75,0,0.9,95
2026-09-28 21:34,77,1,1.1,98
2026-09-28 21:35,80,7,1.4,95
2026-09-28 21:36,77,5,1.1,97
2026-09-28 21:37,75,0,0.9,95
2026-09-28 21:38,77,4,1.1,95
2026-09-28 21:39,75,0,0.9,97
2026-09-28 21:40,79,0,1.3,96
2026-09-28 21:41,77,0,1.1,98
2026-09-28 21:42,78,1,1.2,97
2026-09-28 21:43,77,6,1.1,97
2026-09-28 21:44,74,0,0.8,96
2026-09-28 21:45,77,0,1.1,96
2026-09-28 21:46,75,0,0.9,97
2026-09-28 21:47,80,11,1.4,96
2026-09-28 21:48,75,1,0.9,96
2026-09-28 21:49,74,0,0.8,96
2026-09-28 21:50,78,0,1.2,96
2026-09-28 21:51,77,5,1.1,97
2026-09-28 21:52,76,2,1.0,96
2026-09-28 21:53,78,0,1.2,96
2026-09-28 21:54,72,0,0.6,97
2026-09-28 21:55,78,1,1.2,97
2026-09-28 21:56,80,14,1.4,94
2026-09-28 21:57,75,7,0.9,97
2026-09-28 21:58,81,25,1.5,96
2026-09-28 21:59,78,12,1.2,97
2026-09-28 22:00,79,7,1.3,96
2026-09-28 22:01,74,3,0.8,95
2026-09-28 22:02,80,9,1.4,98
2026-09-28 22:03,80,13,1.4,96
2026-09-28 22:04,77,1,1.1,95
2026-09-28 22:05,75,2,0.9,96
2026-09-28 22:06,75,0,0.9,97
2026-09-28 22:07,77,0,1.1,97
2026-09-28 22:08,77,0,1.1,96
2026-09-28 22:09,76,7,1.0,95
2026-09-28 22:10,78,13,1.2,98
2026-09-28 22:11,75,1,0.9,95
2026-09-28 22:12,80,1,1.4,96
2026-09-28 22:13,76,5,1.0,95
2026-09-28 22:14,82,11,1.6,96
2026-09-28 22:15,76,0,1.0,96
2026-09-28 22:16,86,21,2.0,97
2026-09-28 22:17,80,6,1.4,95
2026-09-28 22:18,77,0,1.1,96
2026-09-28 22:19,80,14,1.4,95
2026-09-28 22:20,78,0,1.2,96
2026-09-28 22:21,83,14,1.7,95
2026-09-28 22:22,75,0,0.9,96
2026-09-28 22:23,77,2,1.1,95
2026-09-28 22:24,73,0,0.7,96
2026-09-28 22:25,76,6,1.0,96
2026-09-28 22:26,75,1,0.9,97
2026-09-28 22:27,80,4,1.4,97
2026-09-28 22:28,78,3,1.2,96
2026-09-28 22:29,75,0,0.9,97
2026-09-28 22:30,73,0,0.7,97
2026-09-28 22:31,67,0,0.1,95
2026-09-28 22:32,68,0,0.2,97
2026-09-28 22:33,68,0,0.2,96
2026-09-28 22:34,69,0,0.3,96
2026-09-28 22:35,69,0,0.3,97
2026-09-28 22:36,68,0,0.2,96
2026-09-28 22:37,70,0,0.4,97
2026-09-28 22:38,69,0,0.3,96
2026-09-28 22:39,69,0,0.3,96
2026-09-28 22:40,68,0,0.2,97
2026-09-28 22:41,68,0,0.2,96
2026-09-28 22:42,70,0,0.4,97
2026-09-28 22:43,69,0,0.3,97
2026-09-28 22:44,69,0,0.3,97
2026-09-28 22:45,68,0,0.2,97
2026-09-28 22:46,66,0,0.0,96
2026-09-28 22:47,68,0,0.2,96
2026-09-28 22:48,66,0,0.0,96
2026-09-28 22:49,69,0,0.3,97
2026-09-28 22:50,71,0,0.5,95
2026-09-28 22:51,67,0,0.1,96
2026-09-28 22:52,66,0,0.0,96
2026-09-28 22:53,67,0,0.1,97
2026-09-28 22:54,69,0,0.3,96
2026-09-28 22:55,69,0,0.3,95
2026-09-28 22:56,69,0,0.3,96
2026-09-28 22:57,66,0,0.0,96
2026-09-28 22:58,69,0,0.3,96
2026-09-28 22:59,68,0,0.2,96
2026-09-28 23:00,69,0,0.3,98
2026-09-28 23:01,70,0,0.4,98
2026-09-28 23:02,70,0,0.4,95
2026-09-28 23:03,69,0,0.3,98
2026-09-28 23:04,67,0,0.1,95
2026-09-28 23:05,70,0,0.4,96
2026-09-28 23:06,70,0,0.4,96
2026-09-28 23:07,69,0,0.3,97
2026-09-28 23:08,71,0,0.5,96
2026-09-28 23:09,67,0,0.1,97
2026-09-28 23:10,69,0,0.3,96
2026-09-28 23:11,71,0,0.5,96
2026-09-28 23:12,68,0,0.2,96
2026-09-28 23:13,69,0,0.3,96
2026-09-28 23:14,69,0,0.3,96
2026-09-28 23:15,70,0,0.4,98
2026-09-28 23:16,67,0,0.1,97
2026-09-28 23:17,73,0,0.7,97
2026-09-28 23:18,66,0,0.0,98
2026-09-28 23:19,69,0,0.3,96
2026-09-28 23:20,68,0,0.2,96
2026-09-28 23:21,71,0,0.5,96
2026-09-28 23:22,66,0,0.0,95
2026-09-28 23:23,67,0,0.1,96
2026-09-28 23:24,70,0,0.4,96
2026-09-28 23:25,66,0,0.0,95
2026-09-28 23:26,67,0,0.1,96
2026-09-28 23:27,68,0,0.2,96
2026-09-28 23:28,70,0,0.4,96
2026-09-28 23:29,70,0,0.4,95
2026-09-28 23:30,66,0,0.0,96
2026-09-28 23:31,69,0,0.3,96
2026-09-28 23:32,72,0,0.6,96
2026-09-28 23:33,72,0,0.6,95
2026-09-28 23:34,70,0,0.4,97
2026-09-28 23:35,66,0,0.0,97
2026-09-28 23:36,71,0,0.5,96
2026-09-28 23:37,68,0,0.2,96
2026-09-28 23:38,69,0,0.3,97
2026-09-28 23:39,70,0,0.4,96
2026-09-28 23:40,69,0,0.3,96
2026-09-28 23:41,71,0,0.5,95
2026-09-28 23:42,69,0,0.3,96
2026-09-28 23:43,68,0,0.2,97
2026-09-28 23:44,68,0,0.2,97
2026-09-28 23:45,68,0,0.2,97
2026-09-28 23:46,68,0,0.2,97
2026-09-28 23:47,67,0,0.1,96
2026-09-28 23:48,71,0,0.5,96
2026-09-28 23:49,72,0,0.6,96
2026-09-28 23:50,69,0,0.3,95
2026-09-28 23:51,67,0,0.1,95
2026-09-28 23:52,68,0,0.2,96
2026-09-28 23:53,69,0,0.3,95
2026-09-28 23:54,67,0,0.1,97
2026-09-28 23:55,69,0,0.3,97
2026-09-28 23:56,70,0,0.4,95
2026-09-28 23:57,66,0,0.0,97
2026-09-28 23:58,66,0,0.0,96
2026-09-28 23:59,70,0,0.4,97
2026-09-29 00:00,66,0,0.2,96
2026-09-29 00:01,68,0,0.4,97
2026-09-29 00:02,69,0,0.5,97
2026-09-29 00:03,71,0,0.7,97
2026-09-29 00:04,70,0,0.6,97
2026-09-29 00:05,68,0,0.4,98
2026-09-29 00:06,66,0,0.2,98
2026-09-29 00:07,68,0,0.4,97
2026-09-29 00:08,67,0,0.3,97
2026-09-29 00:09,71,0,0.7,98
2026-09-29 00:10,69,0,0.5,96
2026-09-29 00:11,66,0,0.2,97
2026-09-29 00:12,65,0,0.1,97
2026-09-29 00:13,69,0,0.5,98
2026-09-29 00:14,70,0,0.6,97
2026-09-29 00:15,67,0,0.3,96
2026-09-29 00:16,65,0,0.1,95
2026-09-29 00:17,66,0,0.2,97
2026-09-29 00:18,67,0,0.3,96
2026-09-29 00:19,66,0,0.2,96
2026-09-29 00:20,64,0,0.0,96
2026-09-29 00:21,65,0,0.1,97
2026-09-29 00:22,69,0,0.5,96
2026-09-29 00:23,64,0,0.0,98
2026-09-29 00:24,68,0,0.4,97
2026-09-29 00:25,65,0,0.1,97
2026-09-29 00:26,64,0,0.0,95
2026-09-29 00:27,65,0,0.1,98
2026-09-29 00:28,68,0,0.4,96
2026-09-29 00:29,70,0,0.6,97
2026-09-29 00:30,66,0,0.2,97
2026-09-29 00:31,64,0,0.0,97
2026-09-29 00:32,71,0,0.7,97
2026-09-29 00:33,68,0,0.4,97
2026-09-29 00:34,70,0,0.6,97
2026-09-29 00:35,65,0,0.1,97
2026-09-29 00:36,69,0,0.5,98
2026-09-29 00:37,65,0,0.1,98
2026-09-29 00:38,70,0,0.6,96
2026-09-29 00:39,66,0,0.2,97
2026-09-29 00:40,66,0,0.2,97
2026-09-29 00:41,65,0,0.1,97
2026-09-29 00:42,69,0,0.5,98
2026-09-29 00:43,65,0,0.1,96
2026-09-29 00:44,65,0,0.1,97
2026-09-29 00:45,66,0,0.2,97
2026-09-29 00:46,66,0,0.2,97
2026-09-29 00:47,65,0,0.1,96
2026-09-29 00:48,70,0,0.6,96
2026-09-29 00:49,69,0,0.5,97
2026-09-29 00:50,69,0,0.5,97
2026-09-29 00:51,64,0,0.0,96
2026-09-29 00:52,64,0,0.0,97
2026-09-29 00:53,64,0,0.0,96
2026-09-29 00:54,67,0,0.3,96
2026-09-29 00:55,67,0,0.3,97
2026-09-29 00:56,69,0,0.5,96
2026-09-29 00:57,67,0,0.3,97
2026-09-29 00:58,71,0,0.7,97
2026-09-29 00:59,67,0,0.3,97
2026-09-29 01:00,70,0,0.6,97
2026-09-29 01:01,66,0,0.2,97
2026-09-29 01:02,64,0,0.0,97
2026-09-29 01:03,67,0,0.3,96
2026-09-29 01:04,68,0,0.4,97
2026-09-29 01:05,67,0,0.3,97
2026-09-29 01:06,68,0,0.4,96
2026-09-29 01:07,68,0,0.4,96
2026-09-29 01:08,67,0,0.3,98
2026-09-29 01:09,66,0,0.2,97
2026-09-29 01:10,69,0,0.5,99
2026-09-29 01:11,66,0,0.2,97
2026-09-29 01:12,67,0,0.3,97
2026-09-29 01:13,67,0,0.3,97
2026-09-29 01:14,64,0,0.0,95
2026-09-29 01:15,67,0,0.3,97
2026-09-29 01:16,65,0,0.1,98
2026-09-29 01:17,66,0,0.2,97
2026-09-29 01:18,66,0,0.2,97
2026-09-29 01:19,68,0,0.4,97
2026-09-29 01:20,70,0,0.6,97
2026-09-29 01:21,69,0,0.5,97
2026-09-29 01:22,68,0,0.4,97
2026-09-29 01:23,69,0,0.5,96
2026-09-29 01:24,64,0,0.0,96
2026-09-29 01:25,69,0,0.5,98
2026-09-29 01:26,70,0,0.6,96
2026-09-29 01:27,65,0,0.1,96
2026-09-29 01:28,69,0,0.5,97
2026-09-29 01:29,65,0,0.1,97
2026-09-29 01:30,66,0,0.2,97
2026-09-29 01:31,67,0,0.3,97
2026-09-29 01:32,67,0,0.3,97
2026-09-29 01:33,67,0,0.3,96
2026-09-29 01:34,64,0,0.0,98
2026-09-29 01:35,66,0,0.2,98
2026-09-29 01:36,68,0,0.4,96
2026-09-29 01:37,67,0,0.3,96
2026-09-29 01:38,68,0,0.4,96
2026-09-29 01:39,64,0,0.0,97
2026-09-29 01:40,65,0,0.1,96
2026-09-29 01:41,70,0,0.6,95
2026-09-29 01:42,70,0,0.6,98
2026-09-29 01:43,67,0,0.3,97
2026-09-29 01:44,64,0,0.0,97
2026-09-29 01:45,67,0,0.3,98
2026-09-29 01:46,69,0,0.5,97
2026-09-29 01:47,67,0,0.3,97
2026-09-29 01:48,69,0,0.5,96
2026-09-29 01:49,64,0,0.0,98
2026-09-29 01:50,68,0,0.4,96
2026-09-29 01:51,68,0,0.4,98
2026-09-29 01:52,66,0,0.2,97
2026-09-29 01:53,66,0,0.2,97
2026-09-29 01:54,70,0,0.6,97
2026-09-29 01:55,67,0,0.3,97
2026-09-29 01:56,66,0,0.2,97
2026-09-29 01:57,66,0,0.2,96
2026-09-29 01:58,67,0,0.3,97
2026-09-29 01:59,65,0,0.1,97
2026-09-29 02:00,66,0,0.2,97
2026-09-29 02:01,70,0,0.6,96
2026-09-29 02:02,66,0,0.2,96
2026-09-29 02:03,69,0,0.5,97
2026-09-29 02:04,68,0,0.4,96
2026-09-29 02:05,67,0,0.3,98
2026-09-29 02:06,69,0,0.5,96
2026-09-29 02:07,69,0,0.5,97
2026-09-29 02:08,69,0,0.5,98
2026-09-29 02:09,66,0,0.2,98
2026-09-29 02:10,67,0,0.3,96
2026-09-29 02:11,69,0,0.5,96
2026-09-29 02:12,66,0,0.2,96
2026-09-29 02:13,71,0,0.7,95
2026-09-29 02:14,64,0,0.0,96
2026-09-29 02:15,65,0,0.1,95
2026-09-29 02:16,65,0,0.1,97
2026-09-29 02:17,68,0,0.4,97
2026-09-29 02:18,66,0,0.2,97
2026-09-29 02:19,69,0,0.5,97
2026-09-29 02:20,66,0,0.2,97
2026-09-29 02:21,66,0,0.2,96
2026-09-29 02:22,66,0,0.2,97
2026-09-29 02:23,67,0,0.3,96
2026-09-29 02:24,70,0,0.6,96
2026-09-29 02:25,66,0,0.2,96
2026-09-29 02:26,68,0,0.4,96
2026-09-29 02:27,66,0,0.2,96
2026-09-29 02:28,66,0,0.2,96
2026-09-29 02:29,68,0,0.4,96
2026-09-29 02:30,69,0,0.5,97
2026-09-29 02:31,65,0,0.1,96
2026-09-29 02:32,66,0,0.2,97
2026-09-29 02:33,70,0,0.6,96
2026-09-29 02:34,64,0,0.0,96
2026-09-29 02:35,68,0,0.4,97
2026-09-29 02:36,65,0,0.1,97
2026-09-29 02:37,68,0,0.4,97
2026-09-29 02:38,70,0,0.6,97
2026-09-29 02:39,66,0,0.2,96
2026-09-29 02:40,68,0,0.4,96
2026-09-29 02:41,65,0,0.1,97
2026-09-29 02:42,68,0,0.4,98
2026-09-29 02:43,68,0,0.4,98
2026-09-29 02:44,67,0,0.3,98
2026-09-29 02:45,68,0,0.4,97
2026-09-29 02:46,68,0,0.4,97
2026-09-29 02:47,68,0,0.4,97
2026-09-29 02:48,67,0,0.3,97
2026-09-29 02:49,64,0,0.0,96
2026-09-29 02:50,64,0,0.0,96
2026-09-29 02:51,68,0,0.4,97
2026-09-29 02:52,68,0,0.4,96
2026-09-29 02:53,67,0,0.3,97
2026-09-29 02:54,70,0,0.6,96
2026-09-29 02:55,67,0,0.3,98
2026-09-29 02:56,66,0,0.2,96
2026-09-29 02:57,66,0,0.2,97
2026-09-29 02:58,69,0,0.5,95
2026-09-29 02:59,69,0,0.5,97
2026-09-29 03:00,71,0,0.7,97
2026-09-29 03:01,69,0,0.5,97
2026-09-29 03:02,70,0,0.6,96
2026-09-29 03:03,66,0,0.2,97
2026-09-29 03:04,70,0,0.6,97
2026-09-29 03:05,66,0,0.2,96
2026-09-29 03:06,68,0,0.4,97
2026-09-29 03:07,67,0,0.3,97
2026-09-29 03:08,68,0,0.4,98
2026-09-29 03:09,67,0,0.3,97
2026-09-29 03:10,67,0,0.3,96
2026-09-29 03:11,66,0,0.2,97
2026-09-29 03:12,67,0,0.3,96
2026-09-29 03:13,70,0,0.6,97
2026-09-29 03:14,69,0,0.5,96
2026-09-29 03:15,66,0,0.2,97
2026-09-29 03:16,71,0,0.7,97
2026-09-29 03:17,67,0,0.3,97
2026-09-29 03:18,64,0,0.0,98
2026-09-29 03:19,65,0,0.1,97
2026-09-29 03:20,64,0,0.0,96
2026-09-29 03:21,69,0,0.5,98
2026-09-29 03:22,67,0,0.3,98
2026-09-29 03:23,66,0,0.2,97
2026-09-29 03:24,67,0,0.3,97
2026-09-29 03:25,67,0,0.3,96
2026-09-29 03:26,70,0,0.6,97
2026-09-29 03:27,65,0,0.1,96
2026-09-29 03:28,67,0,0.3,98
2026-09-29 03:29,67,0,0.3,96
2026-09-29 03:30,70,0,0.6,96
2026-09-29 03:31,65,0,0.1,97
2026-09-29 03:32,68,0,0.4,96
2026-09-29 03:33,68,0,0.4,96
2026-09-29 03:34,66,0,0.2,98
2026-09-29 03:35,67,0,0.3,95
2026-09-29 03:36,66,0,0.2,96
2026-09-29 03:37,70,0,0.6,98
2026-09-29 03:38,66,0,0.2,97
2026-09-29 03:39,70,0,0.6,96
2026-09-29 03:40,67,0,0.3,96
2026-09-29 03:41,65,0,0.1,96
2026-09-29 03:42,67,0,0.3,97
2026-09-29 03:43,65,0,0.1,96
2026-09-29 03:44,65,0,0.1,96
2026-09-29 03:45,69,0,0.5,96
2026-09-29 03:46,68,0,0.4,97
2026-09-29 03:47,71,0,0.7,95
2026-09-29 03:48,67,0,0.3,96
2026-09-29 03:49,67,0,0.3,97
2026-09-29 03:50,66,0,0.2,96
2026-09-29 03:51,69,0,0.5,98
2026-09-29 03:52,66,0,0.2,97
2026-09-29 03:53,67,0,0.3,97
2026-09-29 03:54,67,0,0.3,97
2026-09-29 03:55,64,0,0.0,97
2026-09-29 03:56,67,0,0.3,97
2026-09-29 03:57,67,0,0.3,97
2026-09-29 03:58,68,0,0.4,96
2026-09-29 03:59,65,0,0.1,96
2026-09-29 04:00,68,0,0.4,97
2026-09-29 04:01,64,0,0.0,98
2026-09-29 04:02,66,0,0.2,97
2026-09-29 04:03,68,0,0.4,96
2026-09-29 04:04,69,0,0.5,96
2026-09-29 04:05,70,0,0.6,97
2026-09-29 04:06,68,0,0.4,97
2026-09-29 04:07,67,0,0.3,96
2026-09-29 04:08,68,0,0.4,98
2026-09-29 04:09,70,0,0.6,96
2026-09-29 04:10,68,0,0.4,96
2026-09-29 04:11,69,0,0.5,95
2026-09-29 04:12,69,0,0.5,97
2026-09-29 04:13,65,0,0.1,98
2026-09-29 04:14,66,0,0.2,97
2026-09-29 04:15,67,0,0.3,96
2026-09-29 04:16,65,0,0.1,96
2026-09-29 04:17,67,0,0.3,97
2026-09-29 04:18,70,0,0.6,97
2026-09-29 04:19,68,0,0.4,97
2026-09-29 04:20,67,0,0.3,97
2026-09-29 04:21,66,0,0.2,98
2026-09-29 04:22,68,0,0.4,96
2026-09-29 04:23,67,0,0.3,97
2026-09-29 04:24,65,0,0.1,97
2026-09-29 04:25,68,0,0.4,97
2026-09-29 04:26,64,0,0.0,98
2026-09-29 04:27,65,0,0.1,97
2026-09-29 04:28,69,0,0.5,96
2026-09-29 04:29,67,0,0.3,97
2026-09-29 04:30,68,0,0.4,97
2026-09-29 04:31,67,0,0.3,98
2026-09-29 04:32,64,0,0.0,97
2026-09-29 04:33,67,0,0.3,97
2026-09-29 04:34,64,0,0.0,97
2026-09-29 04:35,72,0,0.8,97
2026-09-29 04:36,64,0,0.0,95
2026-09-29 04:37,68,0,0.4,97
2026-09-29 04:38,67,0,0.3,96
2026-09-29 04:39,65,0,0.1,97
2026-09-29 04:40,69,0,0.5,97
2026-09-29 04:41,67,0,0.3,97
2026-09-29 04:42,65,0,0.1,98
2026-09-29 04:43,64,0,0.0,97
2026-09-29 04:44,66,0,0.2,98
2026-09-29 04:45,71,0,0.7,96
2026-09-29 04:46,70,0,0.6,97
2026-09-29 04:47,64,0,0.0,99
2026-09-29 04:48,69,0,0.5,97
2026-09-29 04:49,68,0,0.4,96
2026-09-29 04:50,68,0,0.4,97
2026-09-29 04:51,69,0,0.5,97
2026-09-29 04:52,65,0,0.1,97
2026-09-29 04:53,66,0,0.2,96
2026-09-29 04:54,71,0,0.7,97
2026-09-29 04:55,66,0,0.2,97
2026-09-29 04:56,66,0,0.2,97
2026-09-29 04:57,64,0,0.0,96
2026-09-29 04:58,67,0,0.3,97
2026-09-29 04:59,69,0,0.5,98
2026-09-29 05:00,71,0,0.7,98
2026-09-29 05:01,69,0,0.5,96
2026-09-29 05:02,67,0,0.3,97
2026-09-29 05:03,67,0,0.3,98
2026-09-29 05:04,69,0,0.5,97
2026-09-29 05:05,67,0,0.3,96
2026-09-29 05:06,67,0,0.3,97
2026-09-29 05:07,64,0,0.0,97
2026-09-29 05:08,66,0,0.2,97
2026-09-29 05:09,67,0,0.3,96
2026-09-29 05:10,67,0,0.3,97
2026-09-29 05:11,67,0,0.3,97
2026-09-29 05:12,69,0,0.5,97
2026-09-29 05:13,64,0,0.0,97
2026-09-29 05:14,68,0,0.4,97
2026-09-29 05:15,67,0,0.3,96
2026-09-29 05:16,64,0,0.0,96
2026-09-29 05:17,68,0,0.4,97
2026-09-29 05:18,67,0,0.3,96
2026-09-29 05:19,64,0,0.0,97
2026-09-29 05:20,67,0,0.3,96
2026-09-29 05:21,68,0,0.4,97
2026-09-29 05:22,66,0,0.2,97
2026-09-29 05:23,68,0,0.4,96
2026-09-29 05:24,66,0,0.2,96
2026-09-29 05:25,67,0,0.3,96
2026-09-29 05:26,67,0,0.3,96
2026-09-29 05:27,68,0,0.4,98
2026-09-29 05:28,65,0,0.1,97
2026-09-29 05:29,72,0,0.8,97
2026-09-29 05:30,64,0,0.0,98
2026-09-29 05:31,70,0,0.6,97
2026-09-29 05:32,67,0,0.3,97
2026-09-29 05:33,67,0,0.3,98
2026-09-29 05:34,69,0,0.5,97
2026-09-29 05:35,66,0,0.2,97
2026-09-29 05:36,64,0,0.0,96
2026-09-29 05:37,69,0,0.5,97
2026-09-29 05:38,71,0,0.7,98
2026-09-29 05:39,72,0,0.8,99
2026-09-29 05:40,68,0,0.4,96
2026-09-29 05:41,64,0,0.0,97
2026-09-29 05:42,68,0,0.4,98
2026-09-29 05:43,69,0,0.5,96
2026-09-29 05:44,68,0,0.4,98
2026-09-29 05:45,69,0,0.5,98
2026-09-29 05:46,69,0,0.5,97
2026-09-29 05:47,69,0,0.5,97
2026-09-29 05:48,67,0,0.3,97
2026-09-29 05:49,65,0,0.1,96
2026-09-29 05:50,66,0,0.2,97
2026-09-29 05:51,69,0,0.5,96
2026-09-29 05:52,70,0,0.6,96
2026-09-29 05:53,70,0,0.6,98
2026-09-29 05:54,68,0,0.4,97
2026-09-29 05:55,65,0,0.1,97
2026-09-29 05:56,68,0,0.4,97
2026-09-29 05:57,65,0,0.1,97
2026-09-29 05:58,68,0,0.4,97
2026-09-29 05:59,65,0,0.1,97
2026-09-29 06:00,69,0,0.5,98
2026-09-29 06:01,69,0,0.5,97
2026-09-29 06:02,66,0,0.2,97
2026-09-29 06:03,68,0,0.4,97
2026-09-29 06:04,68,0,0.4,97
2026-09-29 06:05,67,0,0.3,97
2026-09-29 06:06,68,0,0.4,98
2026-09-29 06:07,67,0,0.3,97
2026-09-29 06:08,64,0,0.0,97
2026-09-29 06:09,66,0,0.2,96
2026-09-29 06:10,72,0,0.8,96
2026-09-29 06:11,68,0,0.4,98
2026-09-29 06:12,64,0,0.0,98
2026-09-29 06:13,68,0,0.4,96
2026-09-29 06:14,68,0,0.4,98
2026-09-29 06:15,68,0,0.4,96
2026-09-29 06:16,69,0,0.5,97
2026-09-29 06:17,69,0,0.5,98
2026-09-29 06:18,71,0,0.7,98
2026-09-29 06:19,70,0,0.6,98
2026-09-29 06:20,68,0,0.4,97
2026-09-29 06:21,64,0,0.0,97
2026-09-29 06:22,64,0,0.0,97
2026-09-29 06:23,69,0,0.5,96
2026-09-29 06:24,68,0,0.4,96
2026-09-29 06:25,67,0,0.3,96
2026-09-29 06:26,70,0,0.6,97
2026-09-29 06:27,65,0,0.1,97
2026-09-29 06:28,65,0,0.1,96
2026-09-29 06:29,66,0,0.2,98
2026-09-29 06:30,75,2,1.1,95
2026-09-29 06:31,74,8,1.0,97
2026-09-29 06:32,78,13,1.4,97
2026-09-29 06:33,74,0,1.0,96
2026-09-29 06:34,74,0,1.0,95
2026-09-29 06:35,74,0,1.0,97
2026-09-29 06:36,71,0,0.7,97
2026-09-29 06:37,76,3,1.2,96
2026-09-29 06:38,76,1,1.2,98
2026-09-29 06:39,71,0,0.7,97
2026-09-29 06:40,78,15,1.4,97
2026-09-29 06:41,77,7,1.3,96
2026-09-29 06:42,75,0,1.1,97
2026-09-29 06:43,72,3,0.8,97
2026-09-29 06:44,75,2,1.1,97
2026-09-29 06:45,76,10,1.2,97
2026-09-29 06:46,77,0,1.3,98
2026-09-29 06:47,76,0,1.2,97
2026-09-29 06:48,80,10,1.6,96
2026-09-29 06:49,74,4,1.0,96
2026-09-29 06:50,76,1,1.2,96
2026-09-29 06:51,83,35,1.9,98
2026-09-29 06:52,77,4,1.3,98
2026-09-29 06:53,74,1,1.0,97
2026-09-29 06:54,75,9,1.1,97
2026-09-29 06:55,74,3,1.0,96
2026-09-29 06:56,74,1,1.0,97
2026-09-29 06:57,76,0,1.2,97
2026-09-29 06:58,72,3,0.8,97
2026-09-29 06:59,81,6,1.7,96
2026-09-29 07:00,76,3,1.2,99
2026-09-29 07:01,77,8,1.3,97
2026-09-29 07:02,76,4,1.2,97
2026-09-29 07:03,73,0,0.9,97
2026-09-29 07:04,74,0,1.0,96
2026-09-29 07:05,78,3,1.4,96
2026-09-29 07:06,71,0,0.7,97
2026-09-29 07:07,80,17,1.6,97
2026-09-29 07:08,100,131,3.6,98
2026-09-29 07:09,113,129,4.9,98
2026-09-29 07:10,129,119,6.5,98
2026-09-29 07:11,135,166,7.1,97
2026-09-29 07:12,136,123,7.2,98
2026-09-29 07:13,139,144,7.5,98
2026-09-29 07:14,136,157,7.2,97
2026-09-29 07:15,137,134,7.3,98
2026-09-29 07:16,136,150,7.2,97
2026-09-29 07:17,142,157,7.8,98
2026-09-29 07:18,139,160,7.5,96
2026-09-29 07:19,136,140,7.2,96
2026-09-29 07:20,140,157,7.6,99
2026-09-29 07:21,139,147,7.5,94
2026-09-29 07:22,141,156,7.7,96
2026-09-29 07:23,138,157,7.4,97
2026-09-29 07:24,138,154,7.4,97
2026-09-29 07:25,136,140,7.2,97
2026-09-29 07:26,139,148,7.5,97
2026-09-29 07:27,135,140,7.1,96
2026-09-29 07:28,139,141,7.5,98
2026-09-29 07:29,141,131,7.7,98
2026-09-29 07:30,140,144,7.6,98
2026-09-29 07:31,134,154,7.0,98
2026-09-29 07:32,138,163,7.4,98
2026-09-29 07:33,138,161,7.4,97
2026-09-29 07:34,138,177,7.4,97
2026-09-29 07:35,140,150,7.6,97
2026-09-29 07:36,142,137,7.8,96
2026-09-29 07:37,139,137,7.5,96
2026-09-29 07:38,141,137,7.7,97
2026-09-29 07:39,135,143,7.1,97
2026-09-29 07:40,141,148,7.7,97
2026-09-29 07:41,141,155,7.7,98
2026-09-29 07:42,138,163,7.4,97
2026-09-29 07:43,112,3,4.8,96
2026-09-29 07:44,104,0,4.0,96
2026-09-29 07:45,100,1,3.6,96
2026-09-29 07:46,96,1,3.2,98
2026-09-29 07:47,94,0,3.0,97
2026-09-29 07:48,89,0,2.5,97
2026-09-29 07:49,86,3,2.2,97
2026-09-29 07:50,85,0,2.1,96
2026-09-29 07:51,84,1,2.0,96
2026-09-29 07:52,82,9,1.8,97
2026-09-29 07:53,81,1,1.7,97
2026-09-29 07:54,79,3,1.5,98
2026-09-29 07:55,80,11,1.6,97
2026-09-29 07:56,78,0,1.4,97
2026-09-29 07:57,72,0,0.8,98
2026-09-29 07:58,77,3,1.3,95
2026-09-29 07:59,77,9,1.3,97
2026-09-29 08:00,79,8,1.5,97
2026-09-29 08:01,78,11,1.4,97
2026-09-29 08:02,75,2,1.1,96
2026-09-29 08:03,83,29,1.9,98
2026-09-29 08:04,71,0,0.7,96
2026-09-29 08:05,76,2,1.2,97
2026-09-29 08:06,79,15,1.5,97
2026-09-29 08:07,77,1,1.3,96
2026-09-29 08:08,76,4,1.2,97
2026-09-29 08:09,72,0,0.8,98
2026-09-29 08:10,80,20,1.6,97
2026-09-29 08:11,78,8,1.4,96
2026-09-29 08:12,74,0,1.0,97
2026-09-29 08:13,78,5,1.4,96
2026-09-29 08:14,74,0,1.0,97
2026-09-29 08:15,75,0,1.1,98
2026-09-29 08:16,72,1,0.8,97
2026-09-29 08:17,78,6,1.4,98
2026-09-29 08:18,77,0,1.3,95
2026-09-29 08:19,73,1,0.9,96
2026-09-29 08:20,73,1,0.9,96
2026-09-29 08:21,75,3,1.1,96
2026-09-29 08:22,79,4,1.5,96
2026-09-29 08:23,78,0,1.4,97
2026-09-29 08:24,75,0,1.1,97
2026-09-29 08:25,73,3,0.9,98
2026-09-29 08:26,73,2,0.9,97
2026-09-29 08:27,76,13,1.2,97
2026-09-29 08:28,72,0,0.8,98
2026-09-29 08:29,80,15,1.6,96
2026-09-29 08:30,76,4,1.2,97
2026-09-29 08:31,75,4,1.1,97
2026-09-29 08:32,75,0,1.1,97
2026-09-29 08:33,82,23,1.8,97
2026-09-29 08:34,78,1,1.4,97
2026-09-29 08:35,75,8,1.1,98
2026-09-29 08:36,78,1,1.4,97
2026-09-29 08:37,82,17,1.8,97
2026-09-29 08:38,73,0,0.9,96
2026-09-29 08:39,76,0,1.2,98
2026-09-29 08:40,75,5,1.1,97
2026-09-29 08:41,77,1,1.3,96
2026-09-29 08:42,75,0,1.1,98
2026-09-29 08:43,77,10,1.3,96
2026-09-29 08:44,77,0,1.3,97
2026-09-29 08:45,76,5,1.2,97
2026-09-29 08:46,73,1,0.9,97
2026-09-29 08:47,76,7,1.2,98
2026-09-29 08:48,80,12,1.6,96
2026-09-29 08:49,77,7,1.3,97
2026-09-29 08:50,75,4,1.1,98
2026-09-29 08:51,75,4,1.1,97
2026-09-29 08:52,76,0,1.2,97
2026-09-29 08:53,88,35,2.4,96
2026-09-29 08:54,74,3,1.0,97
2026-09-29 08:55,76,0,1.2,97
2026-09-29 08:56,80,12,1.6,97
2026-09-29 08:57,77,0,1.3,97
2026-09-29 08:58,79,4,1.5,97
2026-09-29 08:59,81,29,1.7,97
2026-09-29 09:00,75,2,1.1,96
2026-09-29 09:01,75,0,1.1,96
2026-09-29 09:02,76,0,1.2,97
2026-09-29 09:03,76,0,1.2,96
2026-09-29 09:04,78,7,1.4,97
2026-09-29 09:05,73,0,0.9,98
2026-09-29 09:06,74,6,1.0,97
2026-09-29 09:07,76,4,1.2,96
2026-09-29 09:08,76,2,1.2,96
2026-09-29 09:09,71,0,0.7,98
2026-09-29 09:10,75,5,1.1,97
2026-09-29 09:11,82,23,1.8,96
2026-09-29 09:12,79,16,1.5,97
2026-09-29 09:13,77,2,1.3,97
2026-09-29 09:14,75,8,1.1,97
2026-09-29 09:15,76,4,1.2,96
2026-09-29 09:16,78,12,1.4,97
2026-09-29 09:17,78,0,1.4,97
2026-09-29 09:18,71,0,0.7,97
2026-09-29 09:19,77,1,1.3,97
2026-09-29 09:20,71,0,0.7,96
2026-09-29 09:21,76,2,1.2,98
2026-09-29 09:22,77,7,1.3,97
2026-09-29 09:23,72,1,0.8,97
2026-09-29 09:24,73,1,0.9,97
2026-09-29 09:25,77,6,1.3,98
2026-09-29 09:26,76,0,1.2,97
2026-09-29 09:27,75,0,1.1,96
2026-09-29 09:28,72,0,0.8,96
2026-09-29 09:29,75,7,1.1,97
2026-09-29 09:30,78,1,1.4,97
2026-09-29 09:31,76,6,1.2,97
2026-09-29 09:32,74,12,1.0,97
2026-09-29 09:33,76,12,1.2,97
2026-09-29 09:34,71,0,0.7,97
2026-09-29 09:35,72,2,0.8,97
2026-09-29 09:36,80,12,1.6,96
2026-09-29 09:37,75,5,1.1,97
2026-09-29 09:38,73,0,0.9,97
2026-09-29 09:39,74,0,1.0,97
2026-09-29 09:40,73,0,0.9,97
2026-09-29 09:41,73,0,0.9,95
2026-09-29 09:42,71,1,0.7,95
2026-09-29 09:43,73,2,0.9,95
2026-09-29 09:44,79,12,1.5,98
2026-09-29 09:45,75,1,1.1,96
2026-09-29 09:46,75,5,1.1,97
2026-09-29 09:47,74,9,1.0,98
2026-09-29 09:48,73,2,0.9,95
2026-09-29 09:49,77,5,1.3,96
2026-09-29 09:50,73,0,0.9,97
2026-09-29 09:51,81,25,1.7,97
2026-09-29 09:52,80,15,1.6,98
2026-09-29 09:53,72,0,0.8,96
2026-09-29 09:54,72,0,0.8,97
2026-09-29 09:55,74,4,1.0,96
2026-09-29 09:56,78,5,1.4,97
2026-09-29 09:57,79,18,1.5,96
2026-09-29 09:58,73,0,0.9,96
2026-09-29 09:59,71,0,0.7,97
2026-09-29 10:00,76,2,1.2,97
2026-09-29 10:01,74,0,1.0,96
2026-09-29 10:02,74,0,1.0,97
2026-09-29 10:03,82,28,1.8,98
2026-09-29 10:04,72,6,0.8,96
2026-09-29 10:05,77,8,1.3,97
2026-09-29 10:06,78,7,1.4,98
2026-09-29 10:07,73,0,0.9,96
2026-09-29 10:08,81,23,1.7,98
2026-09-29 10:09,77,5,1.3,96
2026-09-29 10:10,74,3,1.0,97
2026-09-29 10:11,79,14,1.5,96
2026-09-29 10:12,78,3,1.4,97
2026-09-29 10:13,74,9,1.0,97
2026-09-29 10:14,79,5,1.5,96
2026-09-29 10:15,77,2,1.3,97
2026-09-29 10:16,71,0,0.7,97
2026-09-29 10:17,74,8,1.0,96
2026-09-29 10:18,76,4,1.2,96
2026-09-29 10:19,81,21,1.7,97
2026-09-29 10:20,73,0,0.9,97
2026-09-29 10:21,79,7,1.5,96
2026-09-29 10:22,78,5,1.4,97
2026-09-29 10:23,78,5,1.4,98
2026-09-29 10:24,72,3,0.8,97
2026-09-29 10:25,74,1,1.0,97
2026-09-29 10:26,79,2,1.5,96
2026-09-29 10:27,72,1,0.8,97
2026-09-29 10:28,76,3,1.2,97
2026-09-29 10:29,79,11,1.5,97
2026-09-29 10:30,76,1,1.2,96
2026-09-29 10:31,73,0,0.9,97
2026-09-29 10:32,73,6,0.9,97
2026-09-29 10:33,74,1,1.0,97
2026-09-29 10:34,78,4,1.4,96
2026-09-29 10:35,79,11,1.5,98
2026-09-29 10:36,74,2,1.0,97
2026-09-29 10:37,77,7,1.3,98
2026-09-29 10:38,76,0,1.2,96
2026-09-29 10:39,77,13,1.3,97
2026-09-29 10:40,73,0,0.9,97
2026-09-29 10:41,74,0,1.0,97
2026-09-29 10:42,85,35,2.1,97
2026-09-29 10:43,80,8,1.6,96
2026-09-29 10:44,75,1,1.1,97
2026-09-29 10:45,75,3,1.1,96
2026-09-29 10:46,79,7,1.5,98
2026-09-29 10:47,73,0,0.9,97
2026-09-29 10:48,72,0,0.8,97
2026-09-29 10:49,75,2,1.1,97
2026-09-29 10:50,73,2,0.9,97
2026-09-29 10:51,71,5,0.7,97
2026-09-29 10:52,75,0,1.1,96
2026-09-29 10:53,74,7,1.0,97
2026-09-29 10:54,72,0,0.8,96
2026-09-29 10:55,75,1,1.1,97
2026-09-29 10:56,81,16,1.7,97
2026-09-29 10:57,75,2,1.1,97
2026-09-29 10:58,73,0,0.9,96
2026-09-29 10:59,71,0,0.7,97
2026-09-29 11:00,73,0,0.9,98
2026-09-29 11:01,74,0,1.0,97
2026-09-29 11:02,77,4,1.3,96
2026-09-29 11:03,78,7,1.4,97
2026-09-29 11:04,83,24,1.9,97
2026-09-29 11:05,73,0,0.9,97
2026-09-29 11:06,73,1,0.9,97
2026-09-29 11:07,73,1,0.9,96
2026-09-29 11:08,85,33,2.1,97
2026-09-29 11:09,72,0,0.8,97
2026-09-29 11:10,74,1,1.0,95
2026-09-29 11:11,79,13,1.5,98
2026-09-29 11:12,76,4,1.2,98
2026-09-29 11:13,74,0,1.0,97
2026-09-29 11:14,73,2,0.9,97
2026-09-29 11:15,80,18,1.6,96
2026-09-29 11:16,76,5,1.2,98
2026-09-29 11:17,77,5,1.3,98
2026-09-29 11:18,75,5,1.1,98
2026-09-29 11:19,73,0,0.9,97
2026-09-29 11:20,73,5,0.9,96
2026-09-29 11:21,71,0,0.7,98
2026-09-29 11:22,76,7,1.2,97
2026-09-29 11:23,76,5,1.2,96
2026-09-29 11:24,74,0,1.0,96
2026-09-29 11:25,74,4,1.0,97
2026-09-29 11:26,80,9,1.6,98
2026-09-29 11:27,71,0,0.7,96
2026-09-29 11:28,77,7,1.3,97
2026-09-29 11:29,74,4,1.0,96
2026-09-29 11:30,74,0,1.0,97
2026-09-29 11:31,75,2,1.1,96
2026-09-29 11:32,75,8,1.1,97
2026-09-29 11:33,77,3,1.3,96
2026-09-29 11:34,75,1,1.1,97
2026-09-29 11:35,76,4,1.2,97
2026-09-29 11:36,76,5,1.2,96
2026-09-29 11:37,74,4,1.0,97
2026-09-29 11:38,80,1,1.6,97
2026-09-29 11:39,77,13,1.3,98
2026-09-29 11:40,75,8,1.1,96
2026-09-29 11:41,79,0,1.5,97
2026-09-29 11:42,73,3,0.9,97
2026-09-29 11:43,78,7,1.4,96
2026-09-29 11:44,79,0,1.5,96
2026-09-29 11:45,76,4,1.2,97
2026-09-29 11:46,76,3,1.2,97
2026-09-29 11:47,80,16,1.6,97
2026-09-29 11:48,71,0,0.7,97
2026-09-29 11:49,76,2,1.2,96
2026-09-29 11:50,77,3,1.3,96
2026-09-29 11:51,75,2,1.1,96
2026-09-29 11:52,75,9,1.1,97
2026-09-29 11:53,75,0,1.1,97
2026-09-29 11:54,77,0,1.3,97
2026-09-29 11:55,75,0,1.1,96
2026-09-29 11:56,78,17,1.4,98
2026-09-29 11:57,76,6,1.2,97
2026-09-29 11:58,76,12,1.2,97
2026-09-29 11:59,75,15,1.1,96
2026-09-29 12:00,79,12,1.5,97
2026-09-29 12:01,73,0,0.9,96
2026-09-29 12:02,77,20,1.3,97
2026-09-29 12:03,77,9,1.3,97
2026-09-29 12:04,74,0,1.0,97
2026-09-29 12:05,76,6,1.2,97
2026-09-29 12:06,76,1,1.2,96
2026-09-29 12:07,78,14,1.4,98
2026-09-29 12:08,75,1,1.1,96
2026-09-29 12:09,75,0,1.1,97
2026-09-29 12:10,79,12,1.5,97
2026-09-29 12:11,81,29,1.7,97
2026-09-29 12:12,73,1,0.9,96
2026-09-29 12:13,76,0,1.2,96
2026-09-29 12:14,80,6,1.6,97
2026-09-29 12:15,76,3,1.2,95
2026-09-29 12:16,76,6,1.2,97
2026-09-29 12:17,73,7,0.9,98
2026-09-29 12:18,80,11,1.6,98
2026-09-29 12:19,75,0,1.1,98
2026-09-29 12:20,83,33,1.9,96
2026-09-29 12:21,79,11,1.5,97
2026-09-29 12:22,73,1,0.9,97
2026-09-29 12:23,74,0,1.0,97
2026-09-29 12:24,76,7,1.2,97
2026-09-29 12:25,75,0,1.1,95
2026-09-29 12:26,79,5,1.5,97
2026-09-29 12:27,74,0,1.0,98
2026-09-29 12:28,74,4,1.0,96
2026-09-29 12:29,77,7,1.3,95
2026-09-29 12:30,73,0,0.9,97
2026-09-29 12:31,73,2,0.9,96
2026-09-29 12:32,72,1,0.8,97
2026-09-29 12:33,75,7,1.1,97
2026-09-29 12:34,71,4,0.7,96
2026-09-29 12:35,75,1,1.1,96
2026-09-29 12:36,77,13,1.3,97
2026-09-29 12:37,77,4,1.3,96
2026-09-29 12:38,72,1,0.8,97
2026-09-29 12:39,76,9,1.2,97
2026-09-29 12:40,72,1,0.8,98
2026-09-29 12:41,75,5,1.1,97
2026-09-29 12:42,73,0,0.9,97
2026-09-29 12:43,77,3,1.3,95
2026-09-29 12:44,77,7,1.3,96
2026-09-29 12:45,75,0,1.1,98
2026-09-29 12:46,77,15,1.3,97
2026-09-29 12:47,75,3,1.1,96
2026-09-29 12:48,79,21,1.5,97
2026-09-29 12:49,73,1,0.9,98
2026-09-29 12:50,72,0,0.8,97
2026-09-29 12:51,73,1,0.9,97
2026-09-29 12:52,78,15,1.4,97
2026-09-29 12:53,71,2,0.7,97
2026-09-29 12:54,75,1,1.1,98
2026-09-29 12:55,73,0,0.9,96
2026-09-29 12:56,75,3,1.1,97
2026-09-29 12:57,86,31,2.2,95
2026-09-29 12:58,80,0,1.6,98
2026-09-29 12:59,72,8,0.8,97
2026-09-29 13:00,73,1,0.9,97
2026-09-29 13:01,76,9,1.2,96
2026-09-29 13:02,72,0,0.8,96
2026-09-29 13:03,81,21,1.7,97
2026-09-29 13:04,77,10,1.3,97
2026-09-29 13:05,78,13,1.4,97
2026-09-29 13:06,75,0,1.1,97
2026-09-29 13:07,76,1,1.2,97
2026-09-29 13:08,75,1,1.1,96
2026-09-29 13:09,77,7,1.3,96
2026-09-29 13:10,80,23,1.6,96
2026-09-29 13:11,81,20,1.7,95
2026-09-29 13:12,76,0,1.2,97
2026-09-29 13:13,74,1,1.0,97
2026-09-29 13:14,79,15,1.5,97
2026-09-29 13:15,75,3,1.1,97
2026-09-29 13:16,75,0,1.1,95
2026-09-29 13:17,72,2,0.8,97
2026-09-29 13:18,77,11,1.3,98
2026-09-29 13:19,76,4,1.2,96
2026-09-29 13:20,72,3,0.8,96
2026-09-29 13:21,74,0,1.0,98
2026-09-29 13:22,79,17,1.5,96
2026-09-29 13:23,71,1,0.7,97
2026-09-29 13:24,78,2,1.4,96
2026-09-29 13:25,77,6,1.3,97
2026-09-29 13:26,76,0,1.2,96
2026-09-29 13:27,74,3,1.0,98
2026-09-29 13:28,75,2,1.1,97
2026-09-29 13:29,75,8,1.1,95
2026-09-29 13:30,73,0,0.9,96
2026-09-29 13:31,77,10,1.3,97
2026-09-29 13:32,76,2,1.2,97
2026-09-29 13:33,79,6,1.5,96
2026-09-29 13:34,75,13,1.1,97
2026-09-29 13:35,74,3,1.0,98
2026-09-29 13:36,78,6,1.4,97
2026-09-29 13:37,74,1,1.0,96
2026-09-29 13:38,75,12,1.1,97
2026-09-29 13:39,79,7,1.5,98
2026-09-29 13:40,77,0,1.3,96
2026-09-29 13:41,76,0,1.2,96
2026-09-29 13:42,76,3,1.2,98
2026-09-29 13:43,75,1,1.1,97
2026-09-29 13:44,75,5,1.1,97
2026-09-29 13:45,76,0,1.2,96
2026-09-29 13:46,77,3,1.3,97
2026-09-29 13:47,74,7,1.0,97
2026-09-29 13:48,79,8,1.5,97
2026-09-29 13:49,77,12,1.3,97
2026-09-29 13:50,81,21,1.7,96
2026-09-29 13:51,76,7,1.2,97
2026-09-29 13:52,75,1,1.1,97
2026-09-29 13:53,75,1,1.1,97
2026-09-29 13:54,89,41,2.5,96
2026-09-29 13:55,73,0,0.9,96
2026-09-29 13:56,75,1,1.1,98
2026-09-29 13:57,77,2,1.3,97
2026-09-29 13:58,77,1,1.3,97
2026-09-29 13:59,73,6,0.9,96
2026-09-29 14:00,78,3,1.4,95
2026-09-29 14:01,77,1,1.3,97
2026-09-29 14:02,77,3,1.3,95
2026-09-29 14:03,74,4,1.0,98
2026-09-29 14:04,71,2,0.7,98
2026-09-29 14:05,77,10,1.3,97
2026-09-29 14:06,75,1,1.1,96
2026-09-29 14:07,73,6,0.9,97
2026-09-29 14:08,76,8,1.2,96
2026-09-29 14:09,74,1,1.0,96
2026-09-29 14:10,75,2,1.1,97
2026-09-29 14:11,78,3,1.4,97
2026-09-29 14:12,71,0,0.7,99
2026-09-29 14:13,74,3,1.0,97
2026-09-29 14:14,74,4,1.0,97
2026-09-29 14:15,76,0,1.2,96
2026-09-29 14:16,79,5,1.5,97
2026-09-29 14:17,77,0,1.3,97
2026-09-29 14:18,78,13,1.4,97
2026-09-29 14:19,79,0,1.5,97
2026-09-29 14:20,76,5,1.2,96
2026-09-29 14:21,79,0,1.5,98
2026-09-29 14:22,74,6,1.0,97
2026-09-29 14:23,73,1,0.9,98
2026-09-29 14:24,74,1,1.0,97
2026-09-29 14:25,74,2,1.0,98
2026-09-29 14:26,89,62,2.5,96
2026-09-29 14:27,81,24,1.7,96
2026-09-29 14:28,70,0,0.6,97
2026-09-29 14:29,74,3,1.0,97
2026-09-29 14:30,77,9,1.3,96
2026-09-29 14:31,77,17,1.3,96
2026-09-29 14:32,75,5,1.1,98
2026-09-29 14:33,74,3,1.0,96
2026-09-29 14:34,75,6,1.1,98
2026-09-29 14:35,76,3,1.2,98
2026-09-29 14:36,76,14,1.2,97
2026-09-29 14:37,83,22,1.9,96
2026-09-29 14:38,72,2,0.8,97
2026-09-29 14:39,77,7,1.3,98
2026-09-29 14:40,79,20,1.5,96
2026-09-29 14:41,76,7,1.2,97
2026-09-29 14:42,72,1,0.8,96
2026-09-29 14:43,74,2,1.0,96
2026-09-29 14:44,73,0,0.9,96
2026-09-29 14:45,74,0,1.0,97
2026-09-29 14:46,77,12,1.3,96
2026-09-29 14:47,79,4,1.5,97
2026-09-29 14:48,75,3,1.1,96
2026-09-29 14:49,78,21,1.4,96
2026-09-29 14:50,78,5,1.4,96
2026-09-29 14:51,78,8,1.4,97
2026-09-29 14:52,72,3,0.8,96
2026-09-29 14:53,78,2,1.4,97
2026-09-29 14:54,76,7,1.2,97
2026-09-29 14:55,75,1,1.1,97
2026-09-29 14:56,75,7,1.1,97
2026-09-29 14:57,75,5,1.1,96
2026-09-29 14:58,74,0,1.0,96
2026-09-29 14:59,80,18,1.6,97
2026-09-29 15:00,78,4,1.4,97
2026-09-29 15:01,82,20,1.8,95
2026-09-29 15:02,81,20,1.7,96
2026-09-29 15:03,74,1,1.0,98
2026-09-29 15:04,73,4,0.9,97
2026-09-29 15:05,74,3,1.0,97
2026-09-29 15:06,76,2,1.2,97
2026-09-29 15:07,76,3,1.2,96
2026-09-29 15:08,73,1,0.9,97
2026-09-29 15:09,75,4,1.1,96
2026-09-29 15:10,80,10,1.6,97
2026-09-29 15:11,82,21,1.8,97
2026-09-29 15:12,75,0,1.1,97
2026-09-29 15:13,78,3,1.4,96
2026-09-29 15:14,76,4,1.2,96
2026-09-29 15:15,75,10,1.1,96
2026-09-29 15:16,77,9,1.3,98
2026-09-29 15:17,74,1,1.0,98
2026-09-29 15:18,76,2,1.2,98
2026-09-29 15:19,74,1,1.0,98
2026-09-29 15:20,74,3,1.0,97
2026-09-29 15:21,76,8,1.2,98
2026-09-29 15:22,73,1,0.9,97
2026-09-29 15:23,76,12,1.2,97
2026-09-29 15:24,73,8,0.9,96
2026-09-29 15:25,76,4,1.2,98
2026-09-29 15:26,74,0,1.0,97
2026-09-29 15:27,74,0,1.0,97
2026-09-29 15:28,79,12,1.5,97
2026-09-29 15:29,75,1,1.1,97
2026-09-29 15:30,76,20,1.2,98
2026-09-29 15:31,74,3,1.0,96
2026-09-29 15:32,73,10,0.9,95
2026-09-29 15:33,77,0,1.3,96
2026-09-29 15:34,73,3,0.9,97
2026-09-29 15:35,78,4,1.4,97
2026-09-29 15:36,73,0,0.9,98
2026-09-29 15:37,82,29,1.8,96
2026-09-29 15:38,72,0,0.8,97
2026-09-29 15:39,70,0,0.6,96
2026-09-29 15:40,77,2,1.3,97
2026-09-29 15:41,71,1,0.7,98
2026-09-29 15:42,79,20,1.5,98
2026-09-29 15:43,73,0,0.9,96
2026-09-29 15:44,78,13,1.4,96
2026-09-29 15:45,82,17,1.8,96
2026-09-29 15:46,70,0,0.6,97
2026-09-29 15:47,76,7,1.2,96
2026-09-29 15:48,73,0,0.9,98
2026-09-29 15:49,74,0,1.0,98
2026-09-29 15:50,75,3,1.1,98
2026-09-29 15:51,75,8,1.1,96
2026-09-29 15:52,77,3,1.3,97
2026-09-29 15:53,78,14,1.4,98
2026-09-29 15:54,75,4,1.1,97
2026-09-29 15:55,74,1,1.0,98
2026-09-29 15:56,77,11,1.3,97
2026-09-29 15:57,76,3,1.2,98
2026-09-29 15:58,75,1,1.1,97
2026-09-29 15:59,73,0,0.9,95
2026-09-29 16:00,75,7,1.1,97
2026-09-29 16:01,72,6,0.8,97
2026-09-29 16:02,73,5,0.9,96
2026-09-29 16:03,74,0,1.0,96
2026-09-29 16:04,78,12,1.4,96
2026-09-29 16:05,74,4,1.0,97
2026-09-29 16:06,79,6,1.5,97
2026-09-29 16:07,78,7,1.4,96
2026-09-29 16:08,76,11,1.2,96
2026-09-29 16:09,76,0,1.2,98
2026-09-29 16:10,72,2,0.8,96
2026-09-29 16:11,75,0,1.1,97
2026-09-29 16:12,74,0,1.0,97
2026-09-29 16:13,72,4,0.8,96
2026-09-29 16:14,77,3,1.3,97
2026-09-29 16:15,70,0,0.6,97
2026-09-29 16:16,75,2,1.1,95
2026-09-29 16:17,74,1,1.0,97
2026-09-29 16:18,76,1,1.2,96
2026-09-29 16:19,76,1,1.2,96
2026-09-29 16:20,74,0,1.0,95
2026-09-29 16:21,71,10,0.7,98
2026-09-29 16:22,80,29,1.6,97
2026-09-29 16:23,79,0,1.5,96
2026-09-29 16:24,77,6,1.3,97
2026-09-29 16:25,75,11,1.1,97
2026-09-29 16:26,81,14,1.7,97
2026-09-29 16:27,77,0,1.3,96
2026-09-29 16:28,77,9,1.3,97
2026-09-29 16:29,75,1,1.1,97
2026-09-29 16:30,76,0,1.2,97
2026-09-29 16:31,78,1,1.4,97
2026-09-29 16:32,78,17,1.4,97
2026-09-29 16:33,75,0,1.1,97
2026-09-29 16:34,71,0,0.7,97
2026-09-29 16:35,76,2,1.2,97
2026-09-29 16:36,75,7,1.1,97
2026-09-29 16:37,70,2,0.6,97
2026-09-29 16:38,89,44,2.5,97
2026-09-29 16:39,79,11,1.5,98
2026-09-29 16:40,79,5,1.5,96
2026-09-29 16:41,75,0,1.1,97
2026-09-29 16:42,73,9,0.9,97
2026-09-29 16:43,73,6,0.9,97
2026-09-29 16:44,80,11,1.6,97
2026-09-29 16:45,74,0,1.0,96
2026-09-29 16:46,72,2,0.8,96
2026-09-29 16:47,77,11,1.3,98
2026-09-29 16:48,73,0,0.9,98
2026-09-29 16:49,78,4,1.4,97
2026-09-29 16:50,76,1,1.2,98
2026-09-29 16:51,76,15,1.2,98
2026-09-29 16:52,75,0,1.1,96
2026-09-29 16:53,77,1,1.3,97
2026-09-29 16:54,74,2,1.0,97
2026-09-29 16:55,74,0,1.0,96
2026-09-29 16:56,72,1,0.8,97
2026-09-29 16:57,76,1,1.2,97
2026-09-29 16:58,75,14,1.1,97
2026-09-29 16:59,74,1,1.0,97
2026-09-29 17:00,74,2,1.0,97
2026-09-29 17:01,75,4,1.1,96
2026-09-29 17:02,75,1,1.1,96
2026-09-29 17:03,82,27,1.8,97
2026-09-29 17:04,75,0,1.1,97
2026-09-29 17:05,84,26,2.0,97
2026-09-29 17:06,80,13,1.6,97
2026-09-29 17:07,82,9,1.8,97
2026-09-29 17:08,75,5,1.1,96
2026-09-29 17:09,77,0,1.3,96
2026-09-29 17:10,73,0,0.9,96
2026-09-29 17:11,73,0,0.9,98
2026-09-29 17:12,73,1,0.9,97
2026-09-29 17:13,79,13,1.5,96
2026-09-29 17:14,73,0,0.9,97
2026-09-29 17:15,78,16,1.4,97
2026-09-29 17:16,74,3,1.0,98
2026-09-29 17:17,79,16,1.5,97
2026-09-29 17:18,78,0,1.4,96
2026-09-29 17:19,80,19,1.6,97
2026-09-29 17:20,79,19,1.5,98
2026-09-29 17:21,74,1,1.0,97
2026-09-29 17:22,72,0,0.8,96
2026-09-29 17:23,73,1,0.9,96
2026-09-29 17:24,76,6,1.2,98
2026-09-29 17:25,76,3,1.2,97
2026-09-29 17:26,73,1,0.9,96
2026-09-29 17:27,74,2,1.0,96
2026-09-29 17:28,90,47,2.6,96
2026-09-29 17:29,72,5,0.8,96
2026-09-29 17:30,74,7,1.0,96
2026-09-29 17:31,80,21,1.6,96
2026-09-29 17:32,78,1,1.4,98
2026-09-29 17:33,74,4,1.0,98
2026-09-29 17:34,79,7,1.5,97
2026-09-29 17:35,74,1,1.0,95
2026-09-29 17:36,70,0,0.6,96
2026-09-29 17:37,78,2,1.4,97
2026-09-29 17:38,77,4,1.3,98
2026-09-29 17:39,74,5,1.0,96
2026-09-29 17:40,76,9,1.2,96
2026-09-29 17:41,78,4,1.4,97
2026-09-29 17:42,75,4,1.1,97
2026-09-29 17:43,76,0,1.2,97
2026-09-29 17:44,76,1,1.2,97
2026-09-29 17:45,74,2,1.0,96
2026-09-29 17:46,74,1,1.0,97
2026-09-29 17:47,76,0,1.2,97
2026-09-29 17:48,82,11,1.8,96
2026-09-29 17:49,75,1,1.1,96
2026-09-29 17:50,71,0,0.7,98
2026-09-29 17:51,77,9,1.3,95
2026-09-29 17:52,72,3,0.8,97
2026-09-29 17:53,75,2,1.1,96
2026-09-29 17:54,77,6,1.3,96
2026-09-29 17:55,73,1,0.9,97
2026-09-29 17:56,76,10,1.2,98
2026-09-29 17:57,74,5,1.0,97
2026-09-29 17:58,79,12,1.5,96
2026-09-29 17:59,77,7,1.3,98
2026-09-29 18:00,77,10,1.3,96
2026-09-29 18:01,75,6,1.1,97
2026-09-29 18:02,72,5,0.8,98
2026-09-29 18:03,73,9,0.9,97
2026-09-29 18:04,76,8,1.2,97
2026-09-29 18:05,76,3,1.2,97
2026-09-29 18:06,75,17,1.1,98
2026-09-29 18:07,76,5,1.2,98
2026-09-29 18:08,75,3,1.1,96
2026-09-29 18:09,76,0,1.2,97
2026-09-29 18:10,89,44,2.5,96
2026-09-29 18:11,75,3,1.1,96
2026-09-29 18:12,77,0,1.3,96
2026-09-29 18:13,76,4,1.2,96
2026-09-29 18:14,72,3,0.8,96
2026-09-29 18:15,76,9,1.2,97
2026-09-29 18:16,75,4,1.1,97
2026-09-29 18:17,77,4,1.3,97
2026-09-29 18:18,74,0,1.0,97
2026-09-29 18:19,75,3,1.1,97
2026-09-29 18:20,72,1,0.8,97
2026-09-29 18:21,73,0,0.9,97
2026-09-29 18:22,79,12,1.5,96
2026-09-29 18:23,72,6,0.8,97
2026-09-29 18:24,75,0,1.1,97
2026-09-29 18:25,76,1,1.2,97
2026-09-29 18:26,75,6,1.1,97
2026-09-29 18:27,78,10,1.4,96
2026-09-29 18:28,78,6,1.4,98
2026-09-29 18:29,76,0,1.2,97
2026-09-29 18:30,76,1,1.2,97
2026-09-29 18:31,75,7,1.1,97
2026-09-29 18:32,74,2,1.0,97
2026-09-29 18:33,77,17,1.3,97
2026-09-29 18:34,71,2,0.7,96
2026-09-29 18:35,76,3,1.2,96
2026-09-29 18:36,75,2,1.1,97
2026-09-29 18:37,73,4,0.9,95
2026-09-29 18:38,83,26,1.9,98
2026-09-29 18:39,81,21,1.7,97
2026-09-29 18:40,73,0,0.9,97
2026-09-29 18:41,67,0,0.3,96
2026-09-29 18:42,75,4,1.1,96
2026-09-29 18:43,74,4,1.0,98
2026-09-29 18:44,83,24,1.9,97
2026-09-29 18:45,74,2,1.0,96
2026-09-29 18:46,74,3,1.0,96
2026-09-29 18:47,76,1,1.2,98
2026-09-29 18:48,79,10,1.5,97
2026-09-29 18:49,80,10,1.6,97
2026-09-29 18:50,79,10,1.5,97
2026-09-29 18:51,71,0,0.7,97
2026-09-29 18:52,74,0,1.0,96
2026-09-29 18:53,75,0,1.1,98
2026-09-29 18:54,71,0,0.7,98
2026-09-29 18:55,79,21,1.5,97
2026-09-29 18:56,72,0,0.8,96
2026-09-29 18:57,75,0,1.1,97
2026-09-29 18:58,74,8,1.0,96
2026-09-29 18:59,76,0,1.2,97
2026-09-29 19:00,76,4,1.2,97
2026-09-29 19:01,76,0,1.2,96
2026-09-29 19:02,75,3,1.1,97
2026-09-29 19:03,75,0,1.1,97
2026-09-29 19:04,72,0,0.8,96
2026-09-29 19:05,75,7,1.1,97
2026-09-29 19:06,76,5,1.2,97
2026-09-29 19:07,75,1,1.1,98
2026-09-29 19:08,75,0,1.1,97
2026-09-29 19:09,77,7,1.3,96
2026-09-29 19:10,78,10,1.4,97
2026-09-29 19:11,71,5,0.7,96
2026-09-29 19:12,77,0,1.3,97
2026-09-29 19:13,72,0,0.8,97
2026-09-29 19:14,78,6,1.4,98
2026-09-29 19:15,78,20,1.4,97
2026-09-29 19:16,78,7,1.4,96
2026-09-29 19:17,79,9,1.5,96
2026-09-29 19:18,74,2,1.0,96
2026-09-29 19:19,74,3,1.0,95
2026-09-29 19:20,72,0,0.8,96
2026-09-29 19:21,74,4,1.0,98
2026-09-29 19:22,74,1,1.0,96
2026-09-29 19:23,77,14,1.3,97
2026-09-29 19:24,75,10,1.1,96
2026-09-29 19:25,71,4,0.7,97
2026-09-29 19:26,73,0,0.9,97
2026-09-29 19:27,74,0,1.0,97
2026-09-29 19:28,77,0,1.3,96
2026-09-29 19:29,77,15,1.3,96
2026-09-29 19:30,72,2,0.8,96
2026-09-29 19:31,81,23,1.7,98
2026-09-29 19:32,74,0,1.0,98
2026-09-29 19:33,77,1,1.3,96
2026-09-29 19:34,76,0,1.2,97
2026-09-29 19:35,75,0,1.1,96
2026-09-29 19:36,76,3,1.2,97
2026-09-29 19:37,75,3,1.1,98
2026-09-29 19:38,76,4,1.2,97
2026-09-29 19:39,78,4,1.4,97
2026-09-29 19:40,69,0,0.5,96
2026-09-29 19:41,74,4,1.0,96
2026-09-29 19:42,76,1,1.2,96
2026-09-29 19:43,73,4,0.9,98
2026-09-29 19:44,75,13,1.1,97
2026-09-29 19:45,75,0,1.1,98
2026-09-29 19:46,72,2,0.8,97
2026-09-29 19:47,73,2,0.9,97
2026-09-29 19:48,75,1,1.1,96
2026-09-29 19:49,77,0,1.3,98
2026-09-29 19:50,71,0,0.7,97
2026-09-29 19:51,79,10,1.5,97
2026-09-29 19:52,75,5,1.1,97
2026-09-29 19:53,73,3,0.9,96
2026-09-29 19:54,75,1,1.1,97
2026-09-29 19:55,75,7,1.1,96
2026-09-29 19:56,73,0,0.9,97
2026-09-29 19:57,78,0,1.4,96
2026-09-29 19:58,77,8,1.3,95
2026-09-29 19:59,75,0,1.1,98
2026-09-29 20:00,77,1,1.3,97
2026-09-29 20:01,72,7,0.8,97
2026-09-29 20:02,82,17,1.8,96
2026-09-29 20:03,78,10,1.4,96
2026-09-29 20:04,75,2,1.1,97
2026-09-29 20:05,77,17,1.3,96
2026-09-29 20:06,76,1,1.2,99
2026-09-29 20:07,74,2,1.0,96
2026-09-29 20:08,79,23,1.5,96
2026-09-29 20:09,71,1,0.7,98
2026-09-29 20:10,77,3,1.3,97
2026-09-29 20:11,83,34,1.9,97
2026-09-29 20:12,74,2,1.0,97
2026-09-29 20:13,77,9,1.3,97
2026-09-29 20:14,76,4,1.2,97
2026-09-29 20:15,77,1,1.3,97
2026-09-29 20:16,73,0,0.9,97
2026-09-29 20:17,72,0,0.8,97
2026-09-29 20:18,73,0,0.9,97
2026-09-29 20:19,77,15,1.3,98
2026-09-29 20:20,73,3,0.9,97
2026-09-29 20:21,72,1,0.8,98
2026-09-29 20:22,75,1,1.1,97
2026-09-29 20:23,78,8,1.4,96
2026-09-29 20:24,75,0,1.1,96
2026-09-29 20:25,76,22,1.2,97
2026-09-29 20:26,71,2,0.7,96
2026-09-29 20:27,76,1,1.2,96
2026-09-29 20:28,72,2,0.8,97
2026-09-29 20:29,77,4,1.3,96
2026-09-29 20:30,76,12,1.2,96
2026-09-29 20:31,73,0,0.9,96
2026-09-29 20:32,83,12,1.9,96
2026-09-29 20:33,76,3,1.2,96
2026-09-29 20:34,76,9,1.2,98
2026-09-29 20:35,78,0,1.4,98
2026-09-29 20:36,73,1,0.9,98
2026-09-29 20:37,73,0,0.9,97
2026-09-29 20:38,76,5,1.2,96
2026-09-29 20:39,78,3,1.4,96
2026-09-29 20:40,75,0,1.1,96
2026-09-29 20:41,78,2,1.4,97
2026-09-29 20:42,79,7,1.5,96
2026-09-29 20:43,77,0,1.3,97
2026-09-29 20:44,75,0,1.1,96
2026-09-29 20:45,74,1,1.0,97
2026-09-29 20:46,73,2,0.9,95
2026-09-29 20:47,74,0,1.0,97
2026-09-29 20:48,73,0,0.9,97
2026-09-29 20:49,74,3,1.0,97
2026-09-29 20:50,71,0,0.7,96
2026-09-29 20:51,71,3,0.7,97
2026-09-29 20:52,82,10,1.8,97
2026-09-29 20:53,89,39,2.5,97
2026-09-29 20:54,76,5,1.2,98
2026-09-29 20:55,77,2,1.3,97
2026-09-29 20:56,76,0,1.2,97
2026-09-29 20:57,76,8,1.2,98
2026-09-29 20:58,74,7,1.0,98
2026-09-29 20:59,76,0,1.2,97
2026-09-29 21:00,75,0,1.1,97
2026-09-29 21:01,73,4,0.9,98
2026-09-29 21:02,76,1,1.2,98
2026-09-29 21:03,74,1,1.0,96
2026-09-29 21:04,79,3,1.5,97
2026-09-29 21:05,70,3,0.6,98
2026-09-29 21:06,76,3,1.2,97
2026-09-29 21:07,78,20,1.4,96
2026-09-29 21:08,82,26,1.8,97
2026-09-29 21:09,72,4,0.8,97
2026-09-29 21:10,74,0,1.0,97
2026-09-29 21:11,74,0,1.0,97
2026-09-29 21:12,74,10,1.0,97
2026-09-29 21:13,76,4,1.2,97
2026-09-29 21:14,74,0,1.0,96
2026-09-29 21:15,72,0,0.8,97
2026-09-29 21:16,85,31,2.1,97
2026-09-29 21:17,74,2,1.0,96
2026-09-29 21:18,76,5,1.2,96
2026-09-29 21:19,78,6,1.4,96
2026-09-29 21:20,72,1,0.8,97
2026-09-29 21:21,75,3,1.1,98
2026-09-29 21:22,78,10,1.4,97
2026-09-29 21:23,72,4,0.8,97
2026-09-29 21:24,83,18,1.9,97
2026-09-29 21:25,76,2,1.2,97
2026-09-29 21:26,77,15,1.3,97
2026-09-29 21:27,79,6,1.5,96
2026-09-29 21:28,77,11,1.3,98
2026-09-29 21:29,74,3,1.0,97
2026-09-29 21:30,72,0,0.8,97
2026-09-29 21:31,79,12,1.5,97
2026-09-29 21:32,74,2,1.0,98
2026-09-29 21:33,74,0,1.0,97
2026-09-29 21:34,75,1,1.1,97
2026-09-29 21:35,74,2,1.0,99
2026-09-29 21:36,75,2,1.1,98
2026-09-29 21:37,77,10,1.3,97
2026-09-29 21:38,80,16,1.6,96
2026-09-29 21:39,75,2,1.1,95
2026-09-29 21:40,75,10,1.1,97
2026-09-29 21:41,76,10,1.2,97
2026-09-29 21:42,73,2,0.9,97
2026-09-29 21:43,78,13,1.4,97
2026-09-29 21:44,77,0,1.3,97
2026-09-29 21:45,74,1,1.0,98
2026-09-29 21:46,82,16,1.8,98
2026-09-29 21:47,72,5,0.8,97
2026-09-29 21:48,75,1,1.1,97
2026-09-29 21:49,76,0,1.2,97
2026-09-29 21:50,73,5,0.9,96
2026-09-29 21:51,75,4,1.1,99
2026-09-29 21:52,75,5,1.1,98
2026-09-29 21:53,74,1,1.0,97
2026-09-29 21:54,75,6,1.1,96
2026-09-29 21:55,82,2,1.8,96
2026-09-29 21:56,72,4,0.8,97
2026-09-29 21:57,75,2,1.1,97
2026-09-29 21:58,78,18,1.4,97
2026-09-29 21:59,74,0,1.0,98
2026-09-29 22:00,74,1,1.0,97
2026-09-29 22:01,76,5,1.2,97
2026-09-29 22:02,85,39,2.1,97
2026-09-29 22:03,74,0,1.0,97
2026-09-29 22:04,77,12,1.3,98
2026-09-29 22:05,78,12,1.4,98
2026-09-29 22:06,73,0,0.9,97
2026-09-29 22:07,77,11,1.3,98
2026-09-29 22:08,77,0,1.3,97
2026-09-29 22:09,76,0,1.2,97
2026-09-29 22:10,70,2,0.6,96
2026-09-29 22:11,74,3,1.0,97
2026-09-29 22:12,72,3,0.8,98
2026-09-29 22:13,77,1,1.3,96
2026-09-29 22:14,73,0,0.9,97
2026-09-29 22:15,78,0,1.4,97
2026-09-29 22:16,76,8,1.2,97
2026-09-29 22:17,76,11,1.2,97
2026-09-29 22:18,77,5,1.3,96
2026-09-29 22:19,72,12,0.8,97
2026-09-29 22:20,78,5,1.4,96
2026-09-29 22:21,76,0,1.2,96
2026-09-29 22:22,74,0,1.0,97
2026-09-29 22:23,72,2,0.8,96
2026-09-29 22:24,72,0,0.8,96
2026-09-29 22:25,75,3,1.1,96
2026-09-29 22:26,70,1,0.6,96
2026-09-29 22:27,80,21,1.6,96
2026-09-29 22:28,76,2,1.2,96
2026-09-29 22:29,73,5,0.9,96
2026-09-29 22:30,65,0,0.1,96
2026-09-29 22:31,70,0,0.6,96
2026-09-29 22:32,67,0,0.3,98
2026-09-29 22:33,66,0,0.2,96
2026-09-29 22:34,67,0,0.3,97
2026-09-29 22:35,64,0,0.0,99
2026-09-29 22:36,67,0,0.3,98
2026-09-29 22:37,68,0,0.4,97
2026-09-29 22:38,70,0,0.6,97
2026-09-29 22:39,68,0,0.4,98
2026-09-29 22:40,64,0,0.0,97
2026-09-29 22:41,69,0,0.5,97
2026-09-29 22:42,65,0,0.1,96
2026-09-29 22:43,67,0,0.3,97
2026-09-29 22:44,69,0,0.5,97
2026-09-29 22:45,69,0,0.5,96
2026-09-29 22:46,66,0,0.2,97
2026-09-29 22:47,64,0,0.0,97
2026-09-29 22:48,69,0,0.5,97
2026-09-29 22:49,67,0,0.3,96
2026-09-29 22:50,68,0,0.4,97
2026-09-29 22:51,68,0,0.4,98
2026-09-29 22:52,67,0,0.3,97
2026-09-29 22:53,71,0,0.7,96
2026-09-29 22:54,67,0,0.3,97
2026-09-29 22:55,69,0,0.5,96
2026-09-29 22:56,69,0,0.5,97
2026-09-29 22:57,66,0,0.2,98
2026-09-29 22:58,68,0,0.4,98
2026-09-29 22:59,67,0,0.3,97
2026-09-29 23:00,67,0,0.3,97
2026-09-29 23:01,68,0,0.4,97
2026-09-29 23:02,67,0,0.3,96
2026-09-29 23:03,65,0,0.1,96
2026-09-29 23:04,70,0,0.6,97
2026-09-29 23:05,66,0,0.2,96
2026-09-29 23:06,70,0,0.6,97
2026-09-29 23:07,68,0,0.4,96
2026-09-29 23:08,69,0,0.5,96
2026-09-29 23:09,67,0,0.3,96
2026-09-29 23:10,64,0,0.0,97
2026-09-29 23:11,67,0,0.3,98
2026-09-29 23:12,67,0,0.3,98
2026-09-29 23:13,66,0,0.2,98
2026-09-29 23:14,64,0,0.0,96
2026-09-29 23:15,68,0,0.4,96
2026-09-29 23:16,66,0,0.2,97
2026-09-29 23:17,66,0,0.2,97
2026-09-29 23:18,69,0,0.5,96
2026-09-29 23:19,69,0,0.5,97
2026-09-29 23:20,65,0,0.1,97
2026-09-29 23:21,65,0,0.1,96
2026-09-29 23:22,68,0,0.4,97
2026-09-29 23:23,68,0,0.4,97
2026-09-29 23:24,68,0,0.4,97
2026-09-29 23:25,67,0,0.3,97
2026-09-29 23:26,70,0,0.6,96
2026-09-29 23:27,67,0,0.3,97
2026-09-29 23:28,66,0,0.2,97
2026-09-29 23:29,65,0,0.1,98
2026-09-29 23:30,69,0,0.5,97
2026-09-29 23:31,66,0,0.2,97
2026-09-29 23:32,68,0,0.4,96
2026-09-29 23:33,69,0,0.5,96
2026-09-29 23:34,66,0,0.2,97
2026-09-29 23:35,69,0,0.5,96
2026-09-29 23:36,69,0,0.5,97
2026-09-29 23:37,67,0,0.3,97
2026-09-29 23:38,65,0,0.1,95
2026-09-29 23:39,64,0,0.0,97
2026-09-29 23:40,65,0,0.1,97
2026-09-29 23:41,65,0,0.1,96
2026-09-29 23:42,66,0,0.2,96
2026-09-29 23:43,68,0,0.4,97
2026-09-29 23:44,68,0,0.4,96
2026-09-29 23:45,66,0,0.2,97
2026-09-29 23:46,69,0,0.5,96
2026-09-29 23:47,67,0,0.3,96
2026-09-29 23:48,71,0,0.7,97
2026-09-29 23:49,66,0,0.2,97
2026-09-29 23:50,68,0,0.4,98
2026-09-29 23:51,65,0,0.1,96
2026-09-29 23:52,68,0,0.4,96
2026-09-29 23:53,68,0,0.4,96
2026-09-29 23:54,68,0,0.4,96
2026-09-29 23:55,68,0,0.4,97
2026-09-29 23:56,70,0,0.6,98
2026-09-29 23:57,70,0,0.6,97
2026-09-29 23:58,66,0,0.2,98
2026-09-29 23:59,65,0,0.1,96
